Sample	Fws
FP0008-C	0.8206924425062097
FP0009-C	0.9980841329754598
FP0010-CW	0.8226536288066881
FP0011-CW	0.7556784164189367
FP0012-CW	0.9959058759262408
FP0013-CW	0.9928065690549976
FP0014-CW	0.7084374480702558
FP0015-C	0.9435586108458328
FP0016-C	0.945075881474056
FP0017-C	0.8810769380298462
FP0018-C	0.999281697132296
FP0019-CW	0.9940216892907158
FP0020-C	0.996173576896739
FP0021-C	0.9962883095858156
FP0022-C	0.9962250826882446
FP0023-C	0.9968457581233128
FP0024-C	0.9738327173846204
FP0025-C	0.6098108623883067
FP0028-C	0.9973446994294726
FP0029-C	0.9992559772167496
FP0030-C	0.9932008688615934
FP0031-C	0.9931653623528556
FP0032-C	0.9967304208898244
FP0033-C	0.9939528854827344
FP0034-C	0.7084985029832476
FP0035-C	0.9997242886402364
FP0037-CW	0.8497311291691072
FP0038-C	0.9977933692064024
FP0039-C	0.6395450737958768
FP0040-C	0.81478126917783
FP0041-C	0.9414117678290064
FP0042-C	0.4853310038555896
FP0043-C	0.8949235653669179
FP0044-C	0.6131166816655877
FP0045-CW	0.6284405511308819
FP0046-C	0.5767036722193419
FP0047-C	0.9985048776246336
FP0048-C	0.9979331289832704
FP0050-CW	0.9986232345441086
FP0051-C	0.4651223428674188
FP0052-C	0.9987518684384415
FP0054-C	0.9956574604217482
FP0055-C	0.5822091243918106
FP0056-C	0.5827461487397909
FP0057-C	0.9964229750668772
FP0058-C	0.6102034967492453
FP0059-C	0.9961872717615974
FP0061-C	0.9999999998722358
FP0062-C	0.9980032031792596
FP0063-C	0.4690178696900863
FP0065-C	0.9978433413426412
FP0066-C	0.99683220329169
FP0067-C	0.9978813354970618
FP0068-C	0.9962451062694444
FP0069-C	0.9985416091273348
FP0073-C	0.996894330710636
FP0075-CW	0.8368020391154283
FP0076-CW	0.9904344874197608
FP0077-C	0.8771522425680889
FP0078-C	0.9924842222942714
FP0081-C	0.9966278008695536
FP0082-C	0.5058418181024618
FP0083-CW	0.9818541259584298
FP0084-C	0.8383852635539217
FP0089-C	0.9928088452202914
FP0090-C	0.9860355715005398
FP0092-C	0.994632104014754
FP0093-C	0.9937834667302966
FP0094-CW	0.956131532440047
FP0095-C	0.9897224507400568
FP0096-C	0.9982932915431556
FP0097-C	0.795089442157692
FP0098-C	0.9960161852819212
FP0099-CW	0.9611166440799198
FP0100-CW	0.7913356532763398
FP0101-C	0.7398764587648607
FP0102-C	0.9982877336386085
FP0103-C	0.9952030530574556
FP0105-C	0.7771811277376285
FP0112-C	0.9985518684426457
FP0113-C	0.9900787008529844
FP0114-C	0.6217729708944443
FP0116-C	0.4714195008263994
FP0117-C	0.6791136305730225
FP0119-C	0.9868878376593694
FP0120-C	0.7933534282519058
FP0123-C	0.9616123840287754
FP0127-C	0.8447651564498759
FP0129-C	0.9199623875071664
FP0132-CW	0.8831081977971805
FP0133-CW	0.9203834294144664
FP0136-C	0.9637791696910508
PA0007-C	0.9938947698077796
PA0008-C	0.3812079205479226
PA0011-C	0.997807456111829
PA0012-C	0.9922844126663573
PA0013-C	0.9925652118788884
PA0014-C	0.9939696252613875
PA0015-C	0.9975329495956562
PA0016-C	0.9992118011702232
PA0017-C	0.9979228634361056
PA0018-C	0.9954074711445968
PA0020-C	0.9995746565931548
PA0021-C	0.6351626840025946
PA0022-C	0.9964637619557598
PA0026-C	0.9949985753595976
PA0027-C	0.771441752978107
PA0028-C	0.9947056408514134
PA0029-C	0.9952288210130746
PA0030-C	0.337250412079487
PA0032-C	0.9919328896554944
PA0034-C	0.9968220849560384
PA0035-C	0.993192108558414
PA0036-C	0.9981700750356464
PA0037-C	0.992639084483554
PA0038-C	0.9957930256156318
PA0039-C	0.8289186918259484
PA0040-C	0.8662804769414602
PA0041-C	0.8348136549723026
PA0042-C	0.998184363022255
PA0044-C	0.9338946668530316
PA0045-C	0.999065610221348
PA0046-C	0.9966816884573436
PA0047-C	0.9910029004801864
PA0049-C	0.996771162488286
PA0050-C	0.9789061355788852
PA0051-C	0.998772678492334
PA0052-C	0.6352764547207254
PA0053-C	0.6365708358521935
PA0054-C	0.9967309490449472
PA0057-C	0.9940258106534084
PA0059-C	0.9962425220020464
PA0060-C	0.9985206153700714
PA0061-C	0.5492202322740674
PA0063-C	0.9962748429503736
PA0064-C	0.9607044364995388
PA0065-C	0.9963268838929918
PA0066-C	0.9959176210420226
PA0067-C	0.9949886200487328
PA0068-C	0.9663352207669524
PA0069-C	0.933429065215384
PA0071-C	0.9980451324233156
PA0072-C	0.9995321151613492
PA0073-C	0.9986393878798844
PA0074-C	0.9991680653378492
PA0075-C	0.9941618171808752
PA0078-C	0.9955385413312672
PA0081-C	0.995205604554438
PA0084-C	0.6780427888055954
PA0085-C	0.8038984528720421
PA0087-C	0.9984576855747744
PA0089-C	0.9958786786660434
PA0091-C	0.9927195324463226
PA0092-C	0.950543303987922
PA0093-C	0.9988616144819604
PA0094-C	0.8453655322322853
PA0095-C	0.5175022886120855
PA0097-C	0.9939920443110974
PA0098-C	0.9173674546347124
PA0099-C	0.9998696117117862
PA0100-C	0.9924711937223606
PA0101-C	0.9995321658847756
PA0102-C	0.987714695588201
PA0103-C	0.994654039711831
PA0104-C	0.9986526681249502
PA0105-C	0.9074240567409904
PA0134-C	0.9865071677310364
PA0136-C	0.9953685939514636
PA0137-C	0.9898676388593972
PA0138-C	0.2530994748047851
PA0140-C	0.9677146915510714
PA0141-C	0.9918351851045204
PA0142-C	0.6933853657202502
PA0144-C	0.999999999364064
PA0145-C	0.5295227083203118
PA0146-C	0.3948563158449999
PA0147-C	0.3753605037111502
PA0148-C	0.9426479428871982
PA0149-C	0.9921023621059908
PA0150-C	0.9942868281057426
PA0151-C	0.998433429757926
PA0152-C	0.9987384571051988
PA0153-C	0.7223591430277311
PA0155-C	0.4252549193786492
PA0156-C	0.9347243672722326
PA0157-C	0.9935432679085489
PA0158-C	0.9936311471712588
PA0159-C	0.9960660287264922
PA0160-C	0.4220411273106892
PA0161-C	0.9974743855615968
PA0162-C	0.7871879154076764
PA0163-C	0.6066415967566359
PA0164-C	0.9954381929369492
PA0165-C	0.9983023084654206
PA0167-C	0.9978885528641354
PA0168-C	0.9895367325710828
PA0169-C	0.9981169584346178
PA0171-C	0.7576043204643435
PA0172-C	0.9949543358017516
PA0173-C	0.9915902264736872
PA0175-C	0.834502005117231
PA0176-C	0.998012054405282
PA0177-C	0.9042525563086202
PA0178-C	0.8460835882676017
PA0179-C	0.6152384565513653
PA0180-C	0.9995610279369602
PA0181-C	0.997971938314868
PA0182-C	0.9859215120238756
PA0183-C	0.9973662165220482
PA0184-C	0.9552426727908596
PA0185-C	0.8833338193564787
PA0186-C	0.9917087074008908
PA0187-C	0.9956453505010604
PA0188-C	0.9280052433046402
PA0189-C	0.9984896821304032
PA0191-C	0.5122414101545216
PA0192-C	0.6708952751177804
PA0193-C	0.8627385118718858
PA0195-C	0.9940437326074582
PA0196-C	0.9953793397495758
PA0197-C	0.9965836654930946
PA0198-C	0.8687997849796565
PA0199-C	0.9294269293619468
PA0200-C	0.9999152273343772
PA0201-C	0.9984112383009456
PA0202-C	0.9921892992145832
PA0203-C	0.9972370339039734
PA0204-C	0.9975880962028576
PA0205-C	0.9923048137117086
PA0206-C	0.8239104842556524
PA0207-C	0.9984282770993498
PA0208-C	0.9982032469828752
PA0209-C	0.9171051406131616
PA0210-C	0.4325279102676401
PA0211-C	0.995025745562083
PA0212-C	0.7614742249416052
PA0213-C	0.9417184129359528
PA0214-C	0.8754595461431819
PA0215-C	0.9864882445227549
PA0216-C	0.8574480623635792
PA0217-C	0.693788606528557
PA0218-C	0.6515070733645968
PA0219-C	0.9947066928146512
PA0220-C	0.5355643380278348
PA0221-C	0.9961382839590406
PA0222-C	0.2618876616966215
PA0223-C	0.9905949181086984
PA0224-C	0.4317480991282689
PA0225-C	0.9953208394736596
PA0226-C	0.9947410363396376
PA0227-C	0.5506383257473257
PA0229-C	0.9952154633460216
PA0230-C	0.4197328568929636
PA0231-C	0.2677871183077365
PA0232-C	0.9974482178588576
PA0234-C	0.3702259158412555
PA0237-C	0.9968072203367032
PA0238-C	0.9998205749318624
PA0239-C	0.2770441943820839
PA0240-C	0.9977892426763524
PA0243-C	0.3379158975041436
PA0245-C	0.9942074321077377
PA0246-C	0.7957080653203276
PA0249-C	0.3392497528882927
PA0251-C	0.763319423931299
PA0253-C	0.3710780711952357
PA0254-C	0.9919544618841296
PA0255-C	0.3512297816855083
PA0256-C	0.9968976983728076
PA0257-C	0.234854829253906
PA0260-C	0.9615144342969518
PA0261-C	0.9942520047856604
PA0262-C	0.9983435384376276
PA0263-C	0.5470455636308351
PA0266-C	0.4708911377670206
PA0267-C	0.8698067114020274
PA0268-C	0.9510438769163784
PA0270-C	0.9947731563472236
PA0281-CW	0.584695362621184
PA0283-CW	0.8941780194798382
PA0284-CW	0.8107932276424464
PA0289-C	0.7657830237184873
PA0291-CW	0.5727990068399428
PA0294-CW	0.8541226278411986
PA0295-CW	0.994510449765474
PA0297-CW	0.9513110750251887
PA0298-C	0.6344204872469745
PA0299-CW	0.9991243119234052
PA0300-C	0.4152396212108717
PA0302-C	0.9928250841324686
PA0303-CW	0.8531390195907687
PA0305-CW	0.6926309216004145
PA0306-CW	0.7369553707504011
PA0307-CW	0.9879771890377048
PA0312-CW	0.9939899715551664
PA0313-CW	0.8605626103487409
PA0318-CW	0.9805180049408349
PA0321-CW	0.8457283906884985
PA0325-CW	0.5235423210775039
PA0329-CW	0.9722436492925388
PA0330-CW	0.970293895504188
PA0331-CW	0.976249744393025
PA0332-CW	0.998904685210274
PA0334-CW	0.693371958359486
PA0337-C	0.9807960941091672
PA0341-C	0.756451711382675
PA0342-CW	0.5241715465091361
PA0344-CW	0.5546817413839329
PA0345-CW	0.9923801163440396
PA0346-CW	0.9918340527410572
PA0347-CW	0.9701717657583396
PA0349-C	0.996857971625522
PA0350-CW	0.8125028429214445
PA0357-CW	0.8159821378948562
PA0363-CW	0.8639647377058541
PA0370-C	0.8302233142388818
PA0371-C	0.9995818466178252
PA0372-C	0.7601677748644116
PA0373-C	0.7226735785566015
PA0374-C	0.9977619464006025
PA0375-C	0.4893260825849795
PA0376-C	0.994061392686283
PA0377-C	0.994732540129799
PA0378-C	0.6539161193114496
PA0379-C	0.9981892836255838
PA0382-C	0.7473458067884878
PA0383-C	0.9957943447835096
PA0384-C	0.9995458735535396
PA0387-C	0.9995157828017464
PA0388-C	0.9909769538303486
PA0389-C	0.8708551094076207
PA0391-C	0.9933289335393872
PA0392-C	0.9846994802976402
PA0393-C	0.995163651724404
PA0394-C	0.9290698398957892
PA0395-C	0.9902167787972193
PA0396-C	0.9990849712775598
PA0397-C	0.6687649442033323
PA0398-C	0.9998688555230384
PA0399-C	0.4703605274229988
PA0400-C	0.9985556841383262
PA0401-C	0.9983260490914057
PA0402-C	0.9960087991877438
PA0403-C	0.994494182180629
PA0404-C	0.4962384771577643
PA0405-C	0.96402817571928
PA0406-C	0.9829172252747068
PA0407-C	0.9956126453572176
PA0409-C	0.9957574921192428
PA0411-C	0.9959097861516144
PA0413-C	0.9933532223529528
PA0414-C	0.986967840080516
PA0417-C	0.9999999997738148
PA0419-C	0.9980623902434024
PA0423-C	0.9932048470343524
PA0424-C	0.9946063398774738
PA0425-C	0.7534933338055052
PA0431-C	0.9988184999949636
PA0438-C	0.98948588740639
PA0439-C	0.874957272634298
PA0440-C	0.997666854778201
PA0441-C	0.997446790767903
PA0442-C	0.9934754548086356
PA0443-C	0.8031936462558722
PA0444-C	0.9953942104984946
PA0445-C	0.885526966681891
PA0446-C	0.9989804588257556
PA0447-C	0.5162562886646596
PA0448-C	0.9966310530661272
PA0449-C	0.993042662456812
PA0450-C	0.992231842058254
PA0451-C	0.9961751451437736
PA0453-C	0.7698573440329952
PA0454-C	0.964898462222276
PA0455-C	0.7558175744043263
PA0456-C	0.9929947470645142
PA0457-C	0.9924439701013892
PA0458-C	0.5678648067231487
PA0459-C	0.9975380174771976
PA0460-C	0.7284744552231519
PA0461-C	0.7788866195342962
PA0462-C	0.951560380338231
PA0463-C	0.9935986872385192
PA0464-C	0.7908023213356415
PA0465-C	0.4743464969537798
PA0467-C	0.504023551777115
PA0468-C	0.9591933215615308
PA0469-C	0.617356790974543
PA0470-C	0.9935405746133542
PA0471-C	0.9976638929721516
PA0472-C	0.9907385269314566
PA0473-C	0.7337242731431824
PA0474-C	0.5806109535429431
PA0475-C	0.4481111590399994
PA0478-C	0.9835327668873558
PA0479-C	0.9998192355160506
PA0480-C	0.993084986468297
PA0481-C	0.9319519368890072
PA0482-C	0.7036937744794909
PA0483-C	0.5621498150636914
PA0484-C	0.7828410238969994
PA0485-C	0.9980589722200772
PA0486-C	0.3777876359769775
PA0487-C	0.562904659265016
PA0488-C	0.7931214602075147
PA0489-C	0.9854447158175952
PA0490-C	0.5499532576047454
PA0491-C	0.983110044277183
PA0492-C	0.6104390303726402
PA0494-C	0.5192122012323326
PA0496-C	0.6573677553401973
PA0497-C	0.5439082516715749
PA0498-C	0.7729646407761824
PA0500-C	0.7250244900469358
PA0501-C	0.9930236747389496
PA0502-C	0.9847032400623786
PA0503-C	0.7726200605359232
PA0504-C	0.8705512219376448
PA0505-C	0.333186069273671
PA0506-C	0.8644592884560699
PA0507-C	0.8695456575589473
PA0508-C	0.9743857093194764
PA0513-C	0.7761850965218752
PA0514-C	0.5115988822551643
PA0516-C	0.9891249850034824
PA0520-C	0.9927358680375392
PA0521-C	0.4572051098330724
PA0522-C	0.998792053778958
PA0523-C	0.9990196205712948
PA0524-C	0.6623038924320237
PA0525-C	0.9910405400253745
PA0532-C	0.9899613997383572
PA0534-C	0.4265769454067687
PA0537-C	0.9928549617300352
PA0540-C	0.9978859432534408
PA0541-C	0.6189258789023756
PA0542-C	0.8320277688372612
PA0544-C	0.839260836337847
PA0550-C	0.991106481520003
PA0551-C	0.9910258356193212
PA0554-C	0.991054449365496
PA0558-C	0.9966268354436972
PA0561-C	0.9906493902984974
PA0562-C	0.9949084781619496
PA0563-C	0.9955546594742232
PA0564-C	0.7162504321389104
PA0572-C	0.99397580083239
PA0575-C	0.994797138198552
PA0576-C	0.9156996474686404
PA0577-C	0.9958217969311906
PA0586-C	0.9927244806012137
PA0597-C	0.783707451508558
PA0599-C	0.9966220483804288
PA0604-C	0.8633230429402647
PA0611-C	0.992133934800522
PA0617-C	0.9935872903770872
PA0618-C	0.9992939503798702
PA0619-C	0.4667854119346301
PA0620-C	0.5090639840320086
PA0621-C	0.9998257209028958
PA0622-C	0.9989752129722196
PA0623-C	0.6937251032651921
PA0625-C	0.7280447299141534
PA0626-C	0.9954031160911936
PA0627-C	0.8370178317528496
PA0628-C	0.6914334332785772
PA0629-C	0.6409202371856082
PA0630-C	0.9959662032107092
PA0631-C	0.9168698247226604
PA0633-C	0.996656200835595
PA0634-C	0.9987903168274864
PA0636-C	0.5757374418005587
PA0637-C	0.7012136500026054
PA0638-C	0.6527687436003491
PA0639-C	0.994437641827966
PA0641-C	0.6043840637638005
PA0642-C	0.9946656010470752
PA0643-C	0.993593431409432
PA0645-C	0.8354834762216659
PA0649-C	0.9915433037002646
PA0654-C	0.9939596551771168
PA0655-C	0.9982965034693378
PA0699-CW	0.9978281791797045
PA0809-CW	0.6577239499389845
PA0895-CW	0.9959226039902142
PA0899-CW	0.9969305099711664
PA0900-CW	0.8824207276920176
PA0916-CW	0.8824848937122123
PA1029-CW	0.948237490684602
PA1038-CW	0.9918437048923788
PA1048-CW	0.5890486420097949
PA1050-CW	0.9991440197090996
PA1051-CW	0.9984471269117228
PA1052-CW	0.9748993706443988
PA1061-CW	0.9966590726046036
PA1062-CW	0.9625900820779136
PA1313-Cw	0.993660251380512
PA1316-Cw	0.990515400547117
PA1317-Cw	0.9944046801860064
PA1318-Cw	0.994361190815796
PA1319-Cw	0.8398505298235799
PA1320-Cw	0.7802726570986344
PA1321-Cw	0.8814899837476088
PA1323-Cw	0.95858233750559
PA1324-Cw	0.9951962784691276
PA1326-Cw	0.7689341718950996
PA1328-Cw	0.9865202660205128
PA1331-Cw	0.8148751067881683
PA1332-Cw	0.9426998257111884
PA1336-Cw	0.9971964218639116
PA1337-Cw	0.9954927893633744
PA1338-Cw	0.4707442054432152
PA1339-Cw	0.4276854445308398
PA1362-Cw	0.9925998824379388
PA1376-Cw	0.9874642951295324
PA1406-Cw	0.9962015155150196
PA1411-Cw	0.9957346031263156
PA1446-Cw	0.6584220504421278
PA1447-Cw	0.7970828425967129
PA1448-Cw	0.9976172214719377
PA1450-Cw	0.9965424334675176
PA1452-Cw	0.9966719411924488
PA1453-Cw	0.4975197223049277
PA1456-Cw	0.9832066837065728
PC0001-C	0.792614633110447
PC0003-02	0.9992750455670716
PC0004-01	0.9968571830553988
PC0005-Cx	0.9970863444655108
PC0007-C	0.9979593694838944
PC0008-01	0.9049008312845892
PC0009-C	0.9961761115955006
PC0011-C	0.9979020014606425
PC0012-C	0.8186409544929915
PC0013-C	0.7952613577038685
PC0019-C	0.9999779132684702
PC0023-C	0.9950091513044212
PC0026-C	0.9976467011698674
PC0030-C	0.7765749893263236
PC0031-C	0.9992261367047756
PC0032-C	0.9995003229461747
PC0044-C	0.9969647605045904
PC0046-C	0.9997168780256906
PC0047-C	0.996064656112752
PC0051-C	0.9986131207989568
PC0053-C	0.9957228356589524
PC0054-C	0.9999457216508628
PC0057-C	0.9963652030078956
PC0058-C	0.94831174399087
PC0061-C	0.7620996344900931
PC0063-C	0.999014077479402
PC0064-C	0.9551353953236184
PC0065-C	0.8844132472643967
PC0066-C	0.9911926650523012
PC0067-C	0.996969419848786
PC0068-C	0.9841096741077427
PC0069-C	0.996554215285996
PC0070-C	0.9999999994605546
PC0071-C	0.8883969452149737
PC0073-C	0.9999137917873716
PC0074-C	0.8431287562508449
PC0075-C	0.9944889277363522
PC0077-C	0.999560629367182
PC0078-C	0.7451647470274118
PC0079-C	0.9979902027054822
PC0085-C	0.5674833658594344
PC0097-C	0.9996377150388022
PC0103-C	0.9912526478996512
PC0104-C	0.9982835470230258
PC0107-C	0.996581026698925
PC0113-C	0.6013153600413492
PC0118-C	0.8965429282998608
PC0122-C	0.9985826263149368
PC0167-C	0.771240545307996
PC0169-C	0.5869274590566346
PC0170-C	0.5853997420835584
PC0172-C	0.5955504984048268
PC0173-C	0.9934087733164084
PC0174-C	0.7408074888564626
PC0178-C	0.6961863017226728
PC0180-C	0.5429317263264046
PC0183-C	0.9981953205852404
PC0184-C	0.99782799261125
PC0186-C	0.9964761834601752
PC0187-C	0.3660201684171115
PC0188-C	0.6275917182522128
PC0189-C	0.4441710482500137
PC0191-C	0.9974236235103092
PC0193-C	0.9647442129586044
PC0197-C	0.9970119497066032
PC0198-C	0.9991390160686768
PC0199-C	0.934372868577298
PC0200-C	0.6303728350075735
PC0201-C	0.9224863339250308
PC0202-C	0.4806976342910354
PC0206-C	0.9959231960648308
PC0208-C	0.9943538507708743
PC0209-C	0.6720764810503059
PC0220-C	0.7196565944683155
PC0229-C	0.5057802151471436
PC0231-C	0.8764331402621651
PC0232-C	0.4416235792248367
PC0233-C	0.4875892944611287
PC0236-C	0.5286272711178159
PC0245-C	0.9977362671461985
PC0246-C	0.6324439708524034
PC0252-C	0.6269662536597902
PC0254-C	0.5934549112135243
PC0255-C	0.996868519401164
PC0256-C	0.4014883815436073
PC0257-C	0.3305946110744705
PC0258-C	0.5494981397095715
PC0259-C	0.999999999587964
PC0262-C	0.4739476112849169
PC0263-C	0.4978560341022898
PC0265-C	0.241466647087759
PC0268-C	0.7889956022475323
PC0269-C	0.5571777740004018
PC0273-C	0.8076278127090524
PC0276-C	0.6113890071703294
PC0277-C	0.9879711014272214
PC0278-C	0.7897125260126625
PC0282-C	0.9927016020774716
PC0287-C	0.9861397133503266
PC0288-C	0.7435415978080053
PC0293-C	0.6219539813580859
PC0295-C	0.4702320856838849
PC0296-C	0.747589463324605
PC0301-C	0.9998214549631512
PC0302-C	0.977903752133256
PC0305-C	0.6587695340831194
PC0311-C	0.9954034135349066
PC0314-C	0.9953396970943738
PC0337-C	0.9888947297775272
PC0352-C	0.6183211575009389
PC4008-C	0.5377484412868071
PC4009-C	0.999374226640252
PC4011-C	0.9791733307541012
PC4013-C	0.9974531250844024
PC4014-C	0.7546651304628534
PC4015-C	0.9961136618040936
PC4016-C	0.998660230373494
PC4019-C	0.9904241534792372
PC4021-C	0.641809146003935
PC4024-C	0.7291513740250208
PC4025-C	0.9857482209874344
PC4026-C	0.4282885234658505
PC4027-C	0.3378796938179305
PC4028-C	0.5229933589329323
PC4030-C	0.4595051563696043
PC4032-C	0.5959727542499298
PC4033-C	0.5662754348095527
PC4034-C	0.8716957020579663
PC4035-C	0.9937167805922438
PC4036-C	0.9598620412623076
PC4037-C	0.9959855310547112
PC4038-C	0.997280710057453
PC4039-C	0.3116077974362956
PC4040-C	0.5881716253199165
PC4041-C	0.412046711764063
PC4043-C	0.9931311854713474
PC4044-C	0.9946479917488936
PC4045-C	0.8656016024773698
PC4046-C	0.9937596889060406
PC4047-C	0.963119610786786
PC4048-C	0.3988419735350796
PC4049-C	0.9495887175890764
PC4052-C	0.9965690965802684
PC4054-C	0.4381566520240806
PC4055-C	0.9950019451354412
PC4060-C	0.9971118128248708
PC4061-C	0.9960140528206952
PC4062-C	0.6708485257595984
PC4066-C	0.8042740191500224
PC4068-C	0.6748502968474688
PC4074-C	0.6417356145115838
PC4079-C	0.4143518518445406
PC4083-C	0.9950544660943056
PC4084-C	0.6333532305471516
PC4085-C	0.5790430125660944
PC4086-C	0.9532171681784782
PC4088-C	0.9698203750516108
PC4095-C	0.5064061624535499
PC4098-C	0.9362233941809028
PC4104-C	0.726256202333226
PC4114-C	0.947368339485238
PC4116-C	0.9956091837499488
PC4117-C	0.9951235704646
PC4118-C	0.6437108486718551
PC4126-C	0.956945333985353
PC4128-C	0.9948472142594952
PC4129-C	0.8780818703780731
PC4130-C	0.9984018538401128
PD0003-C	0.997444303343135
PD0004-03	0.9980269682909622
PD0004-C	0.9989299237103424
PD0005-01	0.9997187160800948
PD0005-C	0.9994778174407718
PD0006-01	0.9041899607793474
PD0007-01	0.7580377395266906
PD0008-02	0.8468277517846362
PD0009-01	0.8985734971821766
PD0011-01	0.9639759240006196
PD0015-02	0.907737920099268
PD0016-C	0.997712817635379
PD0017-C	0.9987413697008136
PD0018-C	0.8451616695909221
PD0019-C	0.8130138438794914
PD0020-C	0.6342047597765152
PD0021-C	0.8242442237139789
PD0022-C	0.996520236963992
PD0023-C	0.8228864334532996
PD0025-C	0.999471320502517
PD0026-C	0.9954700893181536
PD0028-C	0.9971066821290968
PD0029-C	0.9964125322545794
PD0030-C	0.7836773354602249
PD0032-C	0.9265446852555508
PD0034-C	0.9412810988815992
PD0037-C	0.9981921905926392
PD0038-C	0.996316908010949
PD0040-C	0.9951346762005668
PD0041-C	0.9960407651958187
PD0042-C	0.9973096176846532
PD0043-C	0.9991890629395512
PD0045-C	0.7517570320928538
PD0046-C	0.9897026647917406
PD0048-C	0.9978458898678072
PD0050-C	0.8730418330321628
PD0052-C	0.9932560566544671
PD0053-C	0.9962033277938992
PD0056-C	0.9980398392992804
PD0057-C	0.9009770153386016
PD0058-C	0.9947049345900432
PD0060-C	0.8013448480799654
PD0061-C	0.99541782268989
PD0062-C	0.8963500509662626
PD0063-C	0.9186487521406066
PD0067-C	0.9994392309556837
PD0068-C	0.5852320420004429
PD0070-C	0.9467078922635104
PD0072-C	0.9857935900224092
PD0073-C	0.9986497035922356
PD0074-C	0.9861867814422683
PD0075-C	0.997848490613831
PD0076-C	0.8201068121805137
PD0077-C	0.994758054991585
PD0078-C	0.9979347721885484
PD0079-C	0.9969080694528032
PD0080-C	0.9830411666371692
PD0081-C	0.9157309936562232
PD0082-C	0.7884786393775006
PD0083-C	0.9933263607423468
PD0084-C	0.980527014153748
PD0085-C	0.9976687004667812
PD0086-C	0.9975047049655584
PD0087-C	0.9968134823601188
PD0088-C	0.9990772640590542
PD0089-C	0.9994170278079963
PD0090-C	0.9975152756344684
PD0091-C	0.9973726400030472
PD0092-C	0.99596020424336
PD0093-C	0.6648472086341805
PD0094-C	0.997710914338975
PD0095-C	0.9999827491663188
PD0096-C	0.9791456483757084
PD0097-C	0.9292878786019724
PD0098-C	0.998691490932854
PD0101-C	0.9968913474321802
PD0102-C	0.9485554825541382
PD0103-C	0.9984932822375904
PD0105-C	0.9974592340839316
PD0106-C	0.8186737978603131
PD0109-C	0.9981729017748836
PD0110-C	0.9422342779171052
PD0111-C	0.9988268359801644
PD0112-C	0.9969227079505968
PD0113-C	0.9982541359293348
PD0115-Cx	0.9977434285710428
PD0116-Cx	0.9645278669198252
PD0117-C	0.9963533918097944
PD0118-C	0.99962912110566
PD0119-C	0.911420283398742
PD0121-C	0.9948443798723512
PD0122-C	0.9877365982549556
PD0123-C	0.9966410251463712
PD0124-C	0.8642745142001608
PD0125-C	0.9977952425994974
PD0126-C	0.9967832831114368
PD0127-C	0.9963529412388736
PD0128-C	0.6859897946673659
PD0129-C	0.9986965439861432
PD0130-C	0.9716729416330402
PD0131-C	0.9991381063525177
PD0132-C	0.9487215331315167
PD0133-C	0.998013825917631
PD0134-C	0.9972577314192514
PD0135-C	0.9977747835911532
PD0136-C	0.9987414030369915
PD0137-C	0.996480840035068
PD0138-C	0.9972856261507702
PD0139-C	0.9959446491301328
PD0140-C	0.9970092139236314
PD0141-C	0.9990669367006392
PD0142-C	0.9968295331750824
PD0143-C	0.998166787491272
PD0144-C	0.995926140224245
PD0145-C	0.9987652315346436
PD0459-Cx	0.9881189067922728
PD0460-C	0.8820550352517179
PD0461-C	0.996669443172714
PD0462-C	0.9997954811282872
PD0464-C	0.7700126654815816
PD0466-C	0.8900666244913592
PD0467-C	0.9991416798119248
PD0469-C	0.5679193850558111
PD0470-C	0.9977059349521428
PD0471-C	0.9964008109295244
PD0472-C	0.9980470613886396
PD0473-C	0.975734649960428
PD0474-C	0.995885930995592
PD0475-C	0.9877155167999302
PD0476-C	0.9952477531983858
PD0477-C	0.9976020289736478
PD0478-C	0.9974874040624284
PD0480-C	0.996010291190596
PD0481-C	0.9975449542962388
PD0482-C	0.8391866170620295
PD0483-C	0.9984284704416015
PD0484-C	0.7651362109016877
PD0485-C	0.6403466343487885
PD0487-C	0.9976846470731772
PD0488-C	0.9976653896494152
PD0489-C	0.5810219637138109
PD0490-C	0.9998463175552712
PD0491-C	0.7565011866254696
PD0492-C	0.658509205130915
PD0493-C	0.829084155060777
PD0494-C	0.999567194655536
PD0495-C	0.9869642239411444
PD0496-C	0.9990104142102464
PD0497-C	0.998454751795971
PD0498-C	0.9989198873637598
PD0499-C	0.5086830191866353
PD0500-C	0.9985920058840084
PD0501-C	0.9972112907398308
PD0502-C	0.9989146023639638
PD0503-C	0.999982888102396
PD0504-C	0.995085871098713
PD0505-C	0.995129356558836
PD0506-C	0.9954281728672696
PD0507-C	0.994805751809613
PD0508-C	0.9950217899726376
PD0509-Cx2	0.9970197720953468
PD0510-C	0.989802164768177
PD0511-C	0.9984279881056658
PD0512-C	0.9955325393726688
PD0513-C	0.9966598026125556
PD0514-C	0.9976010486422264
PD0515-C	0.868539122269874
PD0516-C	0.9970940326832328
PD0517-C	0.5431566527559915
PD0518-C	0.9956955816500392
PD0519-C	0.7374178401035087
PD0520-C	0.9990248579236302
PD0521-C	0.9996304038401278
PD0522-C	0.9991402738738304
PD0523-C	0.9996813136055378
PD0524-C	0.9754764880871732
PD0525-C	0.9993493411782446
PD0526-C	0.839659960152175
PD0527-C	0.9979938981900636
PD0528-C	0.9991339379722276
PD0529-C	0.9966485216224912
PD0530-C	0.9977865228943672
PD0531-C	0.8907319283736137
PD0532-C	0.9985693133962736
PD0533-C	0.9973000161711196
PD0534-C	0.8854114672933623
PD0535-C	0.9994277411385448
PD0536-C	0.7173853933621746
PD0537-C	0.8810547947818699
PD0538-C	0.9093383598298764
PD0539-C	0.9963379190684876
PD0540-C	0.9482714499635948
PD0541-C	0.9949520986873897
PD0543-C	0.9955457931945316
PD0544-C	0.9967944928585962
PD0545-C	0.9687428678014326
PD0546-C	0.9971654970947832
PD0547-C	0.9977206442268676
PD0548-C	0.9944288374249076
PD0549-C	0.9981022484658368
PD0550-C	0.995056544111932
PD0552-C	0.99637417814651
PD0553-C	0.9967933348132872
PD0554-C	0.7428201678066932
PD0555-C	0.992935199430736
PD0556-C	0.9959610866939652
PD0557-C	0.9928423314683792
PD0558-C	0.997406056498164
PD0559-C	0.9897621297900064
PD0561-C	0.9979197084125982
PD0562-C	0.9650025095887586
PD0563-C	0.996167791300532
PD0564-C	0.995885721944186
PD0565-C	0.9982637039231048
PD0566-C	0.6853764915959135
PD0567-C	0.9935043621095678
PD0569-C	0.9964755123325374
PD0570-C	0.9992928146481598
PD0571-C	0.9966942940245086
PD0572-C	0.994899716327527
PD0573-C	0.9989281665077848
PD0574-C	0.9984538491306744
PD0575-C	0.9988211162464562
PD0576-C	0.9615381301725652
PD0577-C	0.6603784291499748
PD0578-C	0.9989572289541832
PD0579-C	0.9989461636009206
PD0580-C	0.9987839845738654
PD0581-C	0.9977287655786038
PD0582-C	0.9997602791660954
PD0583-C	0.9962610220094013
PD0584-C	0.9962298814418072
PD0585-C	0.9544404613858332
PD0586-C	0.9998037408048204
PD0587-C	0.9967780982239768
PD0589-C	0.9943646627983556
PD0590-C	0.9959730490996898
PD0591-C	0.9103986392438738
PD0592-C	0.59371970700464
PD0626-C	0.9954211418548616
PD0627-C	0.9992215035411316
PD0629-C	0.9962183572599136
PD0630-C	0.9981661198163934
PD0632-C	0.9980960286023636
PD0635-C	0.9975192372153188
PD0636-C	0.993640583676062
PD0637-C	0.9978592853295498
PD0638-C	0.992456208920356
PD0648-C	0.9956963460891256
PD0651-C	0.9982456410713838
PD0658-C	0.998974226221988
PD0659-C	0.998958191915722
PD0662-C	0.9964466167443304
PD0663-C	0.9992291469808476
PD0664-C	0.9965293393980196
PD0667-C	0.5544084182088336
PD0668-C	0.9988442822323554
PD0670-C	0.9969116572242392
PD0716-C	0.9978163230536272
PD0717-C	0.9983880133505948
PD0718-C	0.9964935904248734
PD0720-C	0.9793025774826052
PD0721-C	0.9991700201098864
PD0722-C	0.9970047562410862
PD0724-C	0.9989906914711124
PD0725-C	0.96755029299244
PD0726-C	0.9982748761059772
PD0727-C	0.997585894450934
PD0728-C	0.9977676390925266
PD0729-C	0.8403151520414668
PD0730-C	0.9961894994415424
PD0731-C	0.9984317704152372
PD0733-C	0.9973911706501762
PD0734-C	0.9999474253802876
PD0735-C	0.998211983259316
PD0740-C	0.892380625797588
PD0741-C	0.9751841574419854
PD0742-C	0.9979023742818212
PD0744-C	0.9982394574995554
PD0746-C	0.9967933843084522
PD0747-C	0.9979402751725096
PD0748-C	0.9991470487429488
PD0749-C	0.9991765301135684
PD0750-C	0.9978947596519384
PD0751-C	0.9973186194473
PD0754-C	0.992064877571555
PD0755-C	0.9742328481918636
PD0758-C	0.9996100558550836
PD0760-C	0.9990876191131768
PD0761-C	0.9978825767755864
PD0762-C	0.9998853748048064
PD0765-C	0.7521163110244417
PD0766-C	0.998756158292196
PD0767-C	0.9954215397799804
PD0771-C	0.954391490771006
PD0772-C	0.995217389130012
PD0774-C	0.9996622043603696
PD0775-C	0.5881209393266658
PD0776-C	0.9971535074008546
PD0777-C	0.9982753456703092
PD0781-C	0.9964527476907168
PD0782-C	0.9993749832145584
PD0785-C	0.9996245519776016
PD0786-C	0.9988493434318596
PD0787-C	0.994521938620984
PD0789-C	0.7994354831504127
PD0790-C	0.998684289044972
PD0791-C	0.998279241423476
PD0792-C	0.9954964560564508
PD0793-C	0.9986526371219542
PD0794-C	0.9969206662338436
PD0795-C	0.9971491423192146
PD0796-C	0.9957943380534808
PD0799-C	0.9984197954339004
PD0800-C	0.999703259939794
PD0801-C	0.9974418869388636
PD0802-C	0.5753786259914924
PD0803-C	0.9978423689014598
PD0804-C	0.9983524539824484
PD0806-C	0.9997118996005928
PD0808-C	0.9063382655177626
PD0809-C	0.9938058753828208
PD0810-C	0.9967082580778532
PD0813-C	0.9987665818352536
PD0814-C	0.9998040955004844
PD0816-C	0.9977348355000916
PD0817-C	0.9987581643998724
PD0818-C	0.9977359151417472
PD0819-C	0.99834565889644
PD0820-C	0.996315482756771
PD0821-C	0.8189889377145703
PD0822-C	0.9985372409366596
PD0823-C	0.9997360749290448
PD0824-C	0.9998286177377198
PD0825-C	0.9998169491038548
PD0826-C	0.998462287884334
PD0827-C	0.9975971659068787
PD0828-C	0.9985823154015032
PD0829-C	0.9975847842590432
PD0830-C	0.9957980838232988
PD0831-C	0.9971623761012628
PD0832-C	0.9985452737833346
PD0833-C	0.9783703991540764
PD0834-C	0.9998048713576544
PD0835-C	0.999670420558281
PD0836-C	0.9952164503485784
PD0837-C	0.99962435980863
PD0838-C	0.9973879696613276
PD0839-C	0.9976433167499058
PD0840-C	0.9236181971593792
PD0841-C	0.9970281179318876
PD0842-C	0.9999928598652204
PD0843-C	0.7981338697786581
PD0845-C	0.99829860845607
PD0846-C	0.9994016024002697
PD0847-C	0.9976054914520964
PD0848-C	0.9978422116526646
PD0849-C	0.999190876785255
PD0851-C	0.575090376838578
PD0852-C	0.8387528072329627
PD0853-C	0.9963165466996008
PD0854-C	0.9999619314569296
PD0855-C	0.9951422336007058
PD0856-C	0.9983893119310988
PD0857-C	0.8348192830171595
PD0858-C	0.9982233418626548
PD0859-C	0.9930468735990656
PD0860-C	0.9962251587074548
PD0861-C	0.8174350872543191
PD0862-C	0.9979897129250486
PD0863-C	0.9774560353148074
PD0864-C	0.8700731840056906
PD0867-C	0.9969879848406012
PD0869-C	0.8717293846831764
PD0870-C	0.9955769508190052
PD0871-C	0.9985364710587176
PD0872-C	0.9956549732235278
PD0873-C	0.9974020416830786
PD0874-C	0.9966140274417592
PD0875-C	0.995363559972943
PD0876-C	0.9986253018510026
PD0877-C	0.9960451716874732
PD0878-C	0.9982852504445509
PD0879-C	0.9983827046882908
PD0881-C	0.997192600428591
PD0882-C	0.5382390384265643
PD0883-C	0.9728754841205592
PD0884-C	0.5208027703683531
PD0885-C	0.9968038257613132
PD0886-C	0.9987517202513876
PD0887-C	0.9874713322671312
PD0889-C	0.9706495642540875
PD0890-C	0.7700660517795956
PD0891-C	0.8623165541482946
PD0892-C	0.8382013932730753
PD0894-C	0.9806029696698296
PD0895-C	0.9976604732203058
PD0898-C	0.9024022103815434
PD0900-C	0.8782376127046321
PD0901-C	0.8841282961076404
PD0904-C	0.9961627815854774
PD0905-C	0.7933250799166491
PD0906-C	0.9971894645860044
PD0907-C	0.9972861730997784
PD0908-C	0.6706734810972436
PD0909-C	0.9908380959607
PD0910-C	0.8921335391871222
PD0912-C	0.6843626188509482
PD0913-C	0.8559173537208822
PD0914-C	0.9967931949922686
PD0915-C	0.6339660815327888
PD0916-C	0.7268429837093726
PD0918-C	0.997469524031312
PD0919-C	0.9971869671647794
PD0920-C	0.80984513527232
PD0921-C	0.7418129664361706
PD0923-C	0.9953638666984742
PD0924-C	0.9964442070387324
PD0925-C	0.994361504846297
PD0926-C	0.9976367460072388
PD0927-C	0.9990338306931252
PD0928-C	0.9980761003728902
PD0929-C	0.9984856445692551
PD0930-C	0.9964305323641326
PD0931-C	0.997764782421897
PD0932-C	0.9977769555802938
PD0933-C	0.9989989195829126
PD0934-C	0.9975589650148716
PD0935-C	0.9099965350372384
PD0936-C	0.9988523974036964
PD0937-C	0.998589027741932
PD0938-C	0.9983056938055624
PD0939-C	0.9972258203164186
PD0940-C	0.8220066623032645
PD0941-C	0.8749395375103993
PD0942-C	0.9517137155514706
PD0943-C	0.6993177361212384
PD0944-C	0.9980588583293722
PD0945-C	0.660359390822022
PD0948-C	0.5166910545376231
PD0949-C	0.9980540219733924
PD0950-C	0.999436474834285
PD0951-C	0.9983314135327204
PD0952-C	0.9980001065888208
PD0953-C	0.9953483200813504
PD0954-C	0.9970077287682874
PD0955-C	0.997534860643491
PD0956-C	0.9949646558022858
PD0957-C	0.904991026944838
PD0958-C	0.9961727888877396
PD0959-C	0.923787488353962
PD0960-C	0.5403967146419362
PD0961-C	0.9969922363580174
PD0962-C	0.7934180439433248
PD0963-C	0.9997918497002456
PD0964-C	0.544872560362879
PD0966-C	0.997038297332734
PD0967-C	0.7264150435012241
PD0968-C	0.9964728058977336
PD0969-C	0.99694369783584
PD0971-C	0.9962460320368396
PD0972-C	0.910098776794301
PD0973-C	0.9982132593595728
PD0974-C	0.9045814811663032
PD0976-C	0.7345147939646008
PD0977-C	0.998177327262357
PD0978-C	0.8579970931006211
PD0979-C	0.901907235837926
PD0980-C	0.9998491960277642
PD0982-C	0.9965886998197312
PD0983-C	0.997456021351816
PD0984-C	0.9977037218864292
PD0985-C	0.9972432356133364
PD0986-C	0.9980559882824238
PD0987-C	0.9979491675435334
PD0988-C	0.9941695319126604
PD0989-C	0.964847417684865
PD0990-C	0.97813769487715
PD0992-C	0.4492583900285286
PD0994-C	0.9949828882108654
PD0995-C	0.9991900054678368
PD0996-C	0.8769277089186605
PD0997-C	0.9997835292449356
PD0998-C	0.9976429885596444
PD1000-C	0.9969938613828748
PD1001-C	0.9441554353841828
PD1003-C	0.7164605732650585
PD1004-C	0.7251048035167598
PD1005-C	0.9998248289054048
PD1006-C	0.8967059603292824
PD1007-C	0.8650637311166995
PD1008-C	0.997730208223679
PD1009-C	0.9980840590058672
PD1010-C	0.9967568710712384
PD1011-C	0.8687466361413372
PD1012-C	0.9970242674293384
PD1013-C	0.9986086269963924
PD1014-C	0.9998811571530456
PD1015-C	0.998223874235256
PD1016-C	0.9959314944426498
PD1017-C	0.8748455651603917
PD1018-C	0.8428838523735283
PD1019-C	0.9937856958165852
PD1020-C	0.9968444490334898
PD1021-C	0.9974864794098536
PD1023-C	0.9978162353022066
PD1024-C	0.9972390325342896
PD1026-C	0.9970497542781688
PD1027-C	0.9998848791551194
PD1028-C	0.9968546765317634
PD1029-C	0.8901497230820707
PD1030-C	0.9845585891045048
PD1031-C	0.9993267851356769
PD1032-C	0.6903741215664821
PD1033-C	0.9984416795905056
PD1034-C	0.8513168326950541
PD1036-C	0.6581355371660628
PD1037-C	0.9996681344663468
PD1038-C	0.9948095838887786
PD1039-C	0.9973638556141904
PD1040-C	0.9979352212380512
PD1041-C	0.5439614204661156
PD1042-C	0.9979926429585008
PD1043-C	0.996836819905112
PD1044-C	0.606098582666236
PD1045-C	0.7796226720408309
PD1046-C	0.9968226810997008
PD1047-C	0.7914484044065447
PD1048-C	0.8540936493008642
PD1049-C	0.9271274705928538
PD1050-C	0.991775970968553
PD1051-C	0.9967955837768504
PD1052-C	0.997460055458172
PD1053-C	0.9970291029931312
PD1054-C	0.9993519224699354
PD1055-C	0.9985240103340648
PD1056-C	0.992771463536386
PD1059-C	0.997934827174286
PD1060-C	0.8740927021352419
PD1061-C	0.9989793034218052
PD1062-C	0.998338618604566
PD1064-C	0.6955217179731334
PD1065-C	0.9089075279089346
PD1066-C	0.9982771896155446
PD1068-C	0.9994706161485716
PD1069-C	0.8146250776187635
PD1072-C	0.996466848740272
PD1073-C	0.9962915213907754
PD1074-C	0.998152508125036
PD1075-C	0.9976312524782636
PD1076-C	0.5608454525313591
PD1077-C	0.9649802324054704
PD1078-C	0.99401737440587
PD1079-C	0.9283645262582704
PD1081-C	0.8591848333966579
PD1082-C	0.9982660971537348
PD1083-C	0.7070358521575637
PD1084-C	0.9974067609858704
PD1086-C	0.9953316169940514
PD1087-C	0.4930417510443621
PD1088-C	0.9984183374594032
PD1090-C	0.775731438646342
PD1091-C	0.996776538487468
PD1092-C	0.9419681300516196
PD1093-C	0.9978070155346184
PD1095-C	0.9621496652199188
PD1096-C	0.9953065677720748
PD1097-C	0.9072288804875568
PD1098-C	0.8520273602612118
PD1099-C	0.9962736259807872
PD1100-C	0.9982091177437984
PD1101-C	0.9970373801066382
PD1102-C	0.9942360934609208
PD1103-C	0.997931715118062
PD1104-C	0.8457614282560708
PD1105-C	0.9983063901481952
PD1106-C	0.9591721955664212
PD1107-C	0.9975568659494256
PD1108-C	0.6653756510235619
PD1109-C	0.9962814146827692
PD1110-C	0.9947265617463792
PD1111-C	0.996159204767768
PD1112-C	0.9998802715975532
PD1113-C	0.6095543186999064
PD1114-C	0.9961009982647386
PD1116-C	0.9983940178454336
PD1117-C	0.910557626768429
PD1118-C	0.998392112460313
PD1119-C	0.9758919147320791
PD1120-C	0.4408260167263184
PD1121-C	0.9970044845774604
PD1122-C	0.9968778717096232
PD1124-C	0.997271615865026
PD1125-C	0.9969270361683004
PD1126-C	0.7152450894957177
PD1127-C	0.9971784645558428
PD1128-C	0.7602555030052861
PD1129-C	0.6797059470732167
PD1130-C	0.9968752238403396
PD1131-C	0.9895415287512228
PD1133-C	0.9827983868838944
PD1134-C	0.997738447728146
PD1135-C	0.911488113946324
PD1136-C	0.9984050418161144
PD1137-C	0.9974637505747572
PD1138-C	0.9973077260111992
PD1139-C	0.6263279415201356
PD1140-C	0.965929415687802
PD1141-C	0.9957947364418764
PD1142-C	0.9928636041315406
PD1143-C	0.9972405209715548
PD1144-C	0.998021565965172
PD1145-C	0.9956287242751656
PD1146-C	0.999149719869698
PD1147-C	0.9228789596046664
PD1148-C	0.9959205263942232
PD1149-C	0.9971665930431842
PD1150-C	0.9037048955112388
PD1151-C	0.6731062584877332
PD1153-C	0.9959373624171278
PD1155-C	0.9948886855585046
PD1156-C	0.9922716738119144
PD1157-C	0.999583121222986
PD1158-C	0.8563879981367668
PD1159-C	0.9992314937860818
PD1160-C	0.997722697997078
PD1161-C	0.9992884207978834
PD1162-C	0.9985817853247224
PD1163-C	0.9987860546028704
PD1164-C	0.9978418359297728
PD1165-C	0.998985282441028
PD1166-C	0.5885935695257896
PD1167-C	0.99416739214636
PD1168-C	0.9596004907516924
PD1169-C	0.9978314986821564
PD1170-C	0.9982679313031672
PD1171-C	0.9980751330898402
PD1173-C	0.9934353193190024
PD1174-C	0.9312199053252288
PD1175-C	0.9797869872616612
PD1176-C	0.9988821977186672
PD1177-C	0.8935412554410996
PD1178-C	0.9983100360911794
PD1179-C	0.8494423499930239
PD1180-C	0.7268379739637632
PD1181-C	0.9972853514226756
PD1182-C	0.995634010481752
PD1183-C	0.99778163018629
PD1184-C	0.9979406015107256
PD1185-C	0.9975379591850954
PD1187-C	0.9989881083370392
PD1188-C	0.9539178520975894
PD1189-C	0.9989406573946772
PD1190-C	0.997936911298126
PD1191-C	0.9998162291256611
PD1192-C	0.998463901680228
PD1193-C	0.9430455207824991
PD1194-C	0.9992899992514462
PD1195-C	0.9987681542617416
PD1196-C	0.7484009535942038
PD1197-C	0.9973571242912754
PD1198-C	0.9965980222775616
PD1199-C	0.9975815816465468
PD1200-C	0.9979136681009932
PD1201-C	0.914949939610043
PD1202-C	0.9984932784692816
PD1203-C	0.9979976021670712
PD1204-C	0.9999836275361508
PD1205-C	0.9951572611982246
PD1206-C	0.9976008488963723
PD1208-C	0.998867446276006
PD1209-C	0.9975393584228256
PD1210-C	0.9966489670319936
PD1211-C	0.9985640313295082
PD1212-C	0.9971707305812512
PD1213-C	0.9977084286684016
PD1214-C	0.9989604475824612
PD1215-C	0.9970751381835604
PD1216-C	0.9980654056013818
PD1217-C	0.9965619709064342
PD1218-C	0.9980610951673656
PD1219-C	0.9977885976014031
PD1220-C	0.9995388363288192
PD1221-C	0.9978164661408704
PD1222-C	0.997201812174193
PD1223-C	0.9999999999672772
PD1224-C	0.9981881491324884
PD1225-C	0.9979266219109716
PD1226-C	0.9980438607916636
PD1227-C	0.9990444838079569
PD1228-C	0.9983412631753116
PD1229-C	0.997617194497164
PD1230-C	0.9990436893176792
PD1231-C	0.997774921932436
PD1232-C	0.9971514901271216
PD1233-C	0.997981652239927
PD1234-C	0.9976546686271508
PD1236-C	0.9749689417987314
PD1237-C	0.8831388609991716
PD1239-C	0.9982384288549362
PD1240-C	0.9989935049556736
PD1241-C	0.9965947426794566
PD1243-C	0.9990106728313826
PD1244-C	0.9971458081844046
PD1246-C	0.9900255624224756
PD1247-C	0.9980818056096034
PD1249-C	0.9978521797345148
PD1250-C	0.9982599859003912
PD1251-C	0.9989947220470629
PD1252-C	0.99812094758138
PD1253-C	0.9981717050968524
PD1254-C	0.9742934269023232
PD1255-C	0.9977298688354332
PD1256-C	0.997224057576999
PD1257-C	0.4978945871977177
PD1258-C	0.9531338921353856
PD1260-C	0.7121108288980673
PD1261-C	0.9946704488443464
PD1262-C	0.7128747295020998
PD1263-C	0.9960490878880142
PD1264-C	0.9116960040038612
PD1265-C	0.9609743862299172
PD1266-C	0.9998332724821076
PD1267-C	0.6667647872850374
PD1269-C	0.9985286721315236
PD1270-C	0.6603864339456926
PD1271-C	0.998918266713147
PD1273-C	0.9610186289963504
PD1274-C	0.9959153286400924
PD1276-C	0.7043246892759922
PD1277-C	0.7164891945342126
PD1278-C	0.9981913701337238
PD1279-C	0.7236713870642861
PD1280-C	0.9999848433550692
PD1281-C	0.9639005503863192
PD1282-C	0.6788658015104877
PD1283-C	0.9967049086716614
PD1284-C	0.9989344443045024
PD1285-C	0.9997484837193568
PD1286-C	0.8185923658745855
PD1288-C	0.4709554084882026
PD1289-C	0.9924869284861428
PD1290-C	0.8320409721633593
PD1291-C	0.9983591638471724
PD1292-C	0.88646790840934
PD1293-C	0.9979167558676536
PD1294-C	0.8978843886805444
PD1295-C	0.9999999997608814
PD1296-C	0.9986208313077772
PD1297-C	0.9983184811996798
PD1299-C	0.9982065446370572
PD1300-C	0.9963299592927404
PD1301-C	0.9973814592821848
PD1302-C	0.9973261274026776
PD1304-C	0.9965518465837556
PD1305-C	0.9142527029426544
PD1306-C	0.9339728998542716
PD1307-C	0.9978363536912664
PD1308-C	0.9999908291503384
PD1309-C	0.872504905709995
PD1310-C	0.9979297081272818
PD1311-C	0.4565358349238851
PD1312-C	0.9989708155498492
PD1313-C	0.9959584086226267
PD1314-C	0.9936614085002272
PD1318-C	0.9979130431534668
PD1319-C	0.9971059314960888
PD1322-C	0.4019463147672558
PD1326-C	0.9965937927099991
PD1328-C	0.8811055257527259
PD1329-C	0.9968723406918656
PD1330-C	0.998095270107228
PD1331-C	0.99613229807872
PD1332-C	0.989881569216693
PD1333-C	0.9952863882711264
PD1335-C	0.9709201928794068
PD1337-C	0.9991333191048494
PD1338-C	0.9967364780327304
PD1339-C	0.9992624229235126
PD1340-C	0.9979468098202544
PD1341-C	0.9976145348774174
PD1343-C	0.599423491371881
PD1345-C	0.998004868737997
PD1347-C	0.9998804596863564
PD1348-C	0.8659363549237149
PD1350-C	0.995912164612815
PD1353-C	0.9143716535085794
PD1354-C	0.7087018864304184
PD1355-C	0.5464582506825654
PD1357-C	0.9965005231564704
PD1358-C	0.9969581375142136
PD1360-C	0.997304662180079
PD1361-C	0.993296668308051
PD1364-C	0.9517943376795028
PD1365-C	0.932581345309089
PD1366-C	0.9984642993694748
PD1368-C	0.5611155333945445
PD1373-C	0.9477330867614764
PD1376-C	0.9204225374041723
PD1379-C	0.7196352630655509
PD1380-C	0.8412548743648736
PD1382-C	0.9999487542716344
PD1386-C	0.6607193406878358
PD1387-C	0.5536270719897007
PD1388-C	0.68530107240074
PD1390-C	0.999083407836187
PD1391-C	0.996736446254076
PD1392-C	0.8857267698792332
PD1394-C	0.9984886513051904
PD1397-C	0.9965540119782732
PD1399-C	0.9964856946170404
PD1400-C	0.8816561984720435
PD1402-C	0.8877082436952377
PD1403-C	0.8732916759028271
PD1404-C	0.9927848394969636
PD1405-C	0.9986944755252238
PD1406-C	0.9976255734727448
PD1407-C	0.9983640163928956
PD1409-C	0.9955530073300958
PD1411-C	0.9968824809179212
PD1412-C	0.999267621350138
PD1413-C	0.9999883795918744
PD1414-C	0.7797537219992137
PD1415-C	0.9060380813094228
PD1418-C	0.999476284819844
PD1419-C	0.9996784653664784
PD1420-C	0.9983140032542636
PD1421-C	0.994824787813486
PD1422-C	0.9986784366719696
PD1426-C	0.9981890045071764
PD1427-C	0.9978190426305122
PD1428-C	0.9979347758732012
PD1430-C	0.9558579537091624
PD1434-C	0.8629492904888312
PD1436-C	0.9970557396211268
PD1437-C	0.6618738925914578
PD1440-C	0.8033494743204805
PD1443-C	0.9967108885407888
PD1451-C	0.6231917493290335
PD1457-C	0.9956415579056876
PD1462-C	0.9964747945768958
PD1464-C	0.9962040133099316
PD1465-C	0.999410077333294
PD1466-C	0.9975622743146082
PD1470-C	0.9483370742428352
PD1472-C	0.9984388657239556
PD1474-C	0.9184442452477728
PD1475-C	0.6764574963315044
PD1476-C	0.9981342189691248
PD1478-C	0.901452000230069
PD1479-C	0.998361858982891
PD1480-C	0.9987784329802434
PD1482-C	0.9336626919111364
PD1483-C	0.9973262100393792
PD1484-C	0.9978488543807654
PD1485-C	0.9982239932427088
PD1486-C	0.9992458261161538
PD1487-C	0.9929220311298758
PD1489-C	0.9973143109661706
PD1490-C	0.9037082818112832
PD1491-C	0.9999901588852028
PD1493-C	0.9721725773872184
PD1494-C	0.7889854043437905
PD1496-C	0.9168484977001348
PD1497-C	0.8158815566772561
PD1498-C	0.864859584441845
PD1499-C	0.9973946932056466
PD1501-C	0.7212018804691315
PD1502-C	0.7545941592035652
PD1503-C	0.8488744820809613
PD1504-C	0.6365859859592864
PD1505-C	0.9973427800422224
PD1507-C	0.9999999999404712
PD1508-C	0.991500484130562
PD1510-C	0.9973919979295108
PD1511-C	0.9993569196492444
PD1512-C	0.9981362137605064
PD1513-C	0.9985193506760324
PD1514-C	0.9983256375958846
PD1515-C	0.7892496134351624
PD1516-C	0.5346165185679084
PD1518-C	0.9956615190071716
PD1582-C	0.9292193352881116
PD1589-C	0.99604804977719
PE0002-CW	0.7724135274290661
PE0009-CW	0.9951003025440204
PE0010-C	0.9760185511204305
PE0011-C	0.999883972367234
PE0012-C	0.9998602012966176
PE0013-C	0.9984209532241396
PE0016-C	0.5051736785362289
PE0017-CW	0.8691610731450895
PE0018-C	0.9791794478268148
PE0019-C	0.9993100604462176
PE0020-C	0.9997852239702452
PE0021-C	0.996332346825164
PE0022-C	0.9992848510561558
PE0023-C	0.6186364565494789
PE0024-C	0.9986436623566028
PE0025-C	0.5663932895321682
PE0027-C	0.3638592813716094
PE0028-C	0.9950494406794544
PE0030-C	0.7300440840864055
PE0087-C	0.9998374137565283
PE0088-C	0.4349181841397175
PE0089-C	0.9964490106711842
PE0090-C	0.9859360711839036
PE0091-C	0.8549243348378214
PE0092-C	0.9970866680286138
PE0093-C	0.9956341776201452
PE0096-C	0.9728066793000212
PE0098-C	0.9992909900333083
PE0102-C	0.7315190266808478
PE0103-C	0.8184456232109224
PE0105-C	0.9880763385247626
PE0108-C	0.9983814098179856
PE0109-C	0.9121126076180768
PE0111-C	0.9978599084658338
PE0113-C	0.9947643273039208
PE0114-C	0.5853366348555837
PE0115-C	0.9577159123754156
PE0116-C	0.7825925975464619
PE0117-C	0.6833712316682293
PE0119-C	0.997435101215166
PE0121-C	0.9252206278400632
PE0122-C	0.8424925599161064
PE0123-C	0.9977965466777527
PE0124-C	0.9992698922896498
PE0125-C	0.9998769347575688
PE0126-C	0.98648033836647
PE0127-C	0.1865542931893634
PE0128-C	0.7156413030605432
PE0129-C	0.4996884348477186
PE0130-C	0.9924012200219277
PE0131-C	0.9984171516419652
PE0132-C	0.5720937516653951
PE0133-C	0.985233461530204
PE0134-C	0.99971238145249
PE0135-C	0.9958440821926958
PE0136-C	0.8326988787299816
PE0137-C	0.9998451963643414
PE0138-C	0.9964052864008875
PE0139-C	0.9478195276777456
PE0140-C	0.6793247937731047
PE0141-C	0.9997258774494427
PE0142-C	0.4189286686261799
PE0143-C	0.621154214183105
PE0144-C	0.6083797392575592
PE0145-C	0.8397022615944936
PE0146-C	0.7985092651384517
PE0147-C	0.9964353827135092
PE0148-C	0.789230588167825
PE0151-C	0.9984758640494396
PE0156-C	0.997764198191393
PE0157-C	0.9980707738678956
PE0158-C	0.994097509252867
PE0159-C	0.8192784830947151
PE0160-C	0.9972236046289364
PE0161-C	0.9943215166695002
PE0162-C	0.9956257101364469
PE0163-C	0.9953268548109416
PE0164-C	0.9998729838603408
PE0166-C	0.8494886313425254
PE0170-C	0.7564060569452481
PE0172-C	0.995693386075922
PE0173-C	0.996085108735294
PE0177-C	0.9999856450334942
PE0178-C	0.8452701837406131
PE0179-C	0.9953509578002592
PE0180-C	0.9997971320791466
PE0181-C	0.9921615407907998
PE0182-C	0.9997546670429386
PE0184-C	0.9957071870434412
PE0185-C	0.5813311231629678
PE0186-C	0.9642531937244496
PE0187-C	0.9992243894883548
PE0189-C	0.8138809577279095
PE0190-C	0.9594194353596948
PE0191-C	0.99975752283613
PE0195-C	0.9965825022216432
PE0197-C	0.9944874050859648
PE0198-C	0.8149590453742779
PE0199-C	0.9952855061337824
PE0200-C	0.9364017759590524
PE0201-C	0.9967306808546472
PE0202-C	0.9978686496295897
PE0203-C	0.9834734374699428
PE0205-C	0.9295127074518188
PE0206-C	0.6899999132457599
PE0207-C	0.9857254627177324
PE0208-C	0.7978060383528183
PE0210-C	0.9717362965431144
PE0212-C	0.9998504118509152
PE0213-C	0.9929590439936988
PE0215-C	0.9012345304592994
PE0216-C	0.997845022856106
PE0218-C	0.5602412040411016
PE0219-C	0.5784091806169859
PE0221-C	0.8986800314734942
PE0223-C	0.9962948695488923
PE0224-C	0.996680452930689
PE0225-C	0.983811143635815
PE0226-C	0.9962721071887016
PE0227-C	0.9338014799305376
PE0228-C	0.6625654808060626
PE0229-C	0.6803181892608401
PE0230-C	0.9973269010314256
PE0231-C	0.8082213201681663
PE0232-C	0.5250094109546648
PE0234-C	0.4003134894665934
PE0237-C	0.9917987908606508
PE0242-C	0.9998747973386898
PE0244-C	0.9591988872624572
PE0245-C	0.6264878248636898
PE0247-C	0.8958970299122566
PE0251-C	0.9975824275622608
PE0252-C	0.9983337662167292
PE0253-C	0.9964526878467608
PE0254-C	0.9960745558422932
PE0255-C	0.9957429054680152
PE0256-C	0.641125533333897
PE0258-C	0.9952845477902588
PE0259-C	0.9843697797280064
PE0261-C	0.9992132671533468
PE0262-C	0.906492866769612
PE0264-C	0.9975394595875338
PE0265-C	0.9957961707196794
PE0266-C	0.6077543140232783
PE0267-C	0.8970996678084934
PE0268-C	0.9930689463647971
PE0269-C	0.6497345680573117
PE0270-C	0.7793717416355993
PE0271-C	0.9983436649654802
PE0272-C	0.7546511056992652
PE0273-C	0.9941060196880384
PE0274-C	0.7630826986324112
PE0275-C	0.8449394793105731
PE0276-C	0.9950131536468833
PE0278-C	0.996296560755302
PE0279-C	0.5946172670162233
PE0281-C	0.9951556341224276
PE0282-C	0.9938226049719476
PE0283-C	0.999955259004329
PE0284-C	0.4553418912544658
PE0285-C	0.9995311289161288
PE0286-C	0.7806038807165305
PE0288-C	0.9999657575395762
PE0290-C	0.9992988268784548
PE0291-C	0.5687215501519709
PE0292-C	0.9968375434442492
PE0294-C	0.996522393831753
PE0296-C	0.4764934625104995
PE0297-C	0.9972309753555152
PE0298-C	0.9985828281401562
PE0299-C	0.8832554075874884
PE0300-C	0.7538790376989746
PE0301-C	0.9999499016099482
PE0302-C	0.6218773532201198
PE0303-C	0.998240144982991
PE0305-C	0.99613226167253
PE0307-C	0.9999999997918044
PE0308-C	0.997264099131661
PE0309-C	0.9419966782953276
PE0310-C	0.998269206545821
PE0311-C	0.9884105932530576
PE0312-C	0.5156540399680261
PE0314-C	0.9969211737863508
PE0315-C	0.9575409179894944
PE0317-C	0.9975026293060972
PE0319-C	0.8888917237480538
PE0327-C	0.9993019819494872
PE0329-C	0.9978568495669896
PE0330-C	0.996627337806126
PE0333-C	0.910331660260522
PE0335-C	0.9979546475515352
PE0336-C	0.995618750901588
PE0337-C	0.996503598077654
PE0338-C	0.5599491680179718
PE0339-C	0.995503250953113
PE0340-C	0.9954653676694872
PE0341-C	0.980577609516059
PE0342-C	0.7047884498718889
PE0343-C	0.5980316317541328
PE0347-C	0.637563578918994
PE0348-C	0.9966375706919638
PE0349-C	0.999967700956738
PE0350-C	0.99999999966374
PE0351-C	0.999999999830032
PE0354-C	0.600163237272223
PE0361-C	0.5662118357832298
PE0362-C	0.9716207021987344
PE0366-C	0.9955276779036526
PE0368-C	0.8174966673615246
PE0369-C	0.7471978770856607
PE0370-C	0.8206734232196925
PE0372-C	0.4545998422812194
PE0376-C	0.8264207688160734
PE0377-C	0.8733663789250443
PE0378-C	0.9963117797195188
PE0379-C	0.9944772644250596
PE0382-C	0.9736920585571824
PE0383-C	0.9964634312727666
PE0385-C	0.999751791194522
PE0386-C	0.6899509169654272
PE0387-C	0.99573787984478
PE0390-C	0.99658429299141
PE0391-C	0.6010239732556335
PE0393-C	0.9956009027105972
PE0395-C	0.4834885461118816
PE0397-C	0.9666885268687162
PE0399-C	0.4206616584395977
PE0400-C	0.8009167902336529
PE0401-C	0.787228035793746
PE0403-C	0.8361261641556372
PE0405-C	0.9805627547727934
PE0406-C	0.9964712208622316
PE0409-C	0.9048286862937844
PE0411-C	0.9975554212115384
PE0412-C	0.9986810186189856
PE0415-C	0.8320057319301616
PE0416-C	0.9999672129434776
PE0419-C	0.9975107128513364
PE0420-C	0.7068588378078008
PE0421-C	0.6587090310856318
PE0423-C	0.2747623054829899
PE0424-C	1.0
PE0425-C	0.9974339632092908
PE0426-C	0.9999639648254378
PE0429-C	0.9965731453856618
PE0430-C	0.996074250500762
PE0431-C	0.9985678655957344
PE0432-C	0.5951935069033416
PE0434-C	0.7806697238702156
PE0435-C	0.8429967175565074
PE0436-C	0.983660415473019
PE0437-C	0.9956714324345476
PE0438-C	0.638377840258892
PE0439-C	0.8291011252621825
PE0440-C	0.9942642089889152
PE0441-C	0.4339952583475156
PE0442-C	0.9388236243874974
PE0444-C	0.8235398191984595
PE0445-C	0.7372272073082635
PE0447-C	0.99931106185646
PE0448-C	0.5198293527051958
PE0452-C	0.2733697970822843
PE0453-C	0.3460155560019776
PE0454-C	0.9985436430213642
PE0456-C	0.8376898073617792
PE0462-C	0.5410307982967313
PE0465-C	0.9270477523573104
PE0466-C	0.6577901223041989
PE0467-C	0.9038397712582762
PE0468-C	0.4647859656699514
PE0469-C	0.3551403199241677
PE0470-C	0.6133593564202706
PE0471-C	0.9994550654928026
PE0473-C	0.6391253398614126
PE0476-C	0.9972957906391132
PE0477-C	0.9984650806953332
PE0479-C	0.993899950446008
PE0480-C	0.6935618596998196
PE0482-C	0.7189651645032136
PE0483-C	0.9572525190178032
PE0485-C	0.9693652179576364
PE0487-C	0.9310461948002144
PE0490-C	0.9353123619493146
PE0492-C	0.9988654035036532
PE0493-C	0.997919346910152
PE0494-C	0.9991874230448596
PE0496-C	0.9566127141857496
PE0499-C	0.8960080147330332
PE0500-C	0.8135708966639057
PE0501-C	0.9941420788281458
PE0504-C	0.9951056856977374
PE0505-C	0.9939779601361484
PE0508-C	0.8509302236144131
PE0510-C	0.9971431910986508
PE0512-C	0.5769315376420052
PE0515-C	0.5751893894737806
PE0516-C	0.9544869049114204
PE0521-C	0.9999209579102584
PE0529-C	0.9962914076800388
PE0530-C	0.564998821340334
PE0532-C	0.3521420022993954
PE0535-C	0.9955761179784236
PE0537-C	0.9969858392087148
PE0538-C	0.9973230341043732
PE0540-C	0.9972307385259828
PE0541-C	0.7042019788436347
PE0542-C	0.8512991416850886
PE0543-C	0.9993437457724044
PE0544-C	0.9992103036219968
PE0547-C	0.9968522859641008
PE0548-C	0.996508504860284
PE0550-C	0.9932500975102608
PE0553-C	0.9997463349748772
PE0554-C	0.8474242346748662
PE0555-C	0.9880786426790787
PE0558-C	0.7491312719307583
PF0004-C	0.427904778262457
PF0006-C	0.338438822502116
PF0007-C	0.7480224705368146
PF0008-C	0.9972270933727586
PF0009-C	0.5696407854538155
PF0010-C	0.5388900719125018
PF0011-C	0.9979404960696764
PF0012-C	0.5068219768465168
PF0016-C	0.7917452249399372
PF0020-C	0.9999271078284064
PF0021-C	0.6648258221441927
PF0022-C	0.993348529943289
PF0024-C	0.7176003567853981
PF0025-C	0.996981475863549
PF0026-C	0.3859888512725696
PF0027-C	0.3658699419398767
PF0028-C	0.9848949737222588
PF0029-C	0.3948334849395402
PF0030-C	0.2749203087440093
PF0031-C	0.997016703806494
PF0033-C	0.5648221907271106
PF0035-C	0.9999305884535072
PF0036-C	0.3936828420558685
PF0037-C	0.997767833588844
PF0038-C	0.5413654919801587
PF0039-C	0.887744418842603
PF0040-C	0.5134952644761633
PF0041-C	0.9785022363913168
PF0042-C	0.9931008443274096
PF0043-C	0.9979921998253042
PF0044-C	0.8397751566392826
PF0045-C	0.827381708498392
PF0046-C	0.6918783587508004
PF0047-C	0.9981877144409522
PF0048-C	0.5809732980026068
PF0049-C	0.3693723746532442
PF0050-C	0.9854998515878508
PF0051-C	0.9219393432662168
PF0052-C	0.9974597191111672
PF0053-C	0.8911094500313165
PF0054-C	0.644718271924433
PF0057-C	0.6528273441022213
PF0058-C	0.9985601174846516
PF0062-C	0.998781024257536
PF0063-C	0.4533202180170983
PF0064-C	0.8619306895713512
PF0065-C	0.6365989003339572
PF0066-C	0.9542742297458764
PF0069-C	0.3706846043348301
PF0073-C	0.9967066040864668
PF0074-C	0.9653951732505092
PF0075-C	0.4546136499290192
PF0078-C	0.4666092714541513
PF0079-C	0.9958943255479756
PF0080-C	0.6876290960345264
PF0081-C	0.9042362197433464
PF0084-C	0.3361347279658013
PF0085-C	0.6331291622611611
PF0089-C	0.8388327206554098
PF0090-C	0.5230158485161255
PF0092-C	0.9999999996963512
PF0095-C	0.9423578447458776
PF0096-C	0.475780467910918
PF0097-C	0.7742065685729799
PF0098-C	0.9971224282028328
PF0100-C	0.9925126604557316
PF0101-C	0.4601136381035637
PF0102-C	0.9055322972227422
PF0103-C	0.6063453284227212
PF0104-C	0.3609029938236419
PF0105-C	0.9600533248477612
PF0106-C	0.9965327587407012
PF0107-C	0.996725640851593
PF0108-C	0.9981576546407632
PF0109-C	0.6406292353287488
PF0111-C	0.7937360822105197
PF0112-C	0.682802148063764
PF0113-C	0.8482347671188174
PF0114-C	0.6528615140969563
PF0115-C	0.994926812185152
PF0116-C	0.3944203737620505
PF0117-C	0.996478874122887
PF0118-C	0.481236332073749
PF0119-C	0.9826042216454812
PF0121-C	0.9962369235476212
PF0122-C	0.9637266027651944
PF0123-C	0.82477265953651
PF0124-C	0.6764217410764197
PF0125-C	0.3235817314625401
PF0127-C	0.9000406563222381
PF0128-C	0.3061795409899679
PF0129-C	0.9671717357747712
PF0131-C	0.3287178179504442
PF0132-C	0.5470617400485235
PF0133-C	0.91633611699643
PF0134-C	0.2811099179885367
PF0135-C	0.6603421108383272
PF0136-C	0.9999999993610218
PF0137-C	0.9928774098075008
PF0138-C	0.4726297891373756
PF0140-C	0.6514516430551023
PF0141-C	0.5366446087995034
PF0142-C	0.9963006852530856
PF0143-C	0.997117778324825
PF0144-C	0.6442383818387138
PF0145-C	0.9934128004818386
PF0146-C	0.8277320385596666
PF0148-C	0.9984417123805048
PF0149-C	0.995539888906044
PF0150-C	0.5705864311143317
PF0151-C	0.999531228640587
PF0152-C	0.998965451918862
PF0153-C	0.4765297681662925
PF0154-C	0.5309320753099871
PF0155-C	0.3112620213144159
PF0156-C	0.9984258977744092
PF0157-C	0.9956048672482224
PF0158-C	0.9999999998629244
PF0159-C	0.9936981130857238
PF0160-C	0.6240845979511543
PF0161-C	0.9911578221003732
PF0162-C	0.9959242962581344
PF0163-C	0.997358013596733
PF0164-C	0.9958258196555946
PF0167-C	0.8342887796946119
PF0168-C	0.9944863401302044
PF0169-C	0.8327969043994666
PF0170-C	0.7168744049743676
PF0172-C	0.9939851214688812
PF0175-C	0.9939668370941488
PF0176-C	0.9985565688577224
PF0177-C	0.6803464518147779
PF0178-C	0.99750227058316
PF0180-C	0.9999999998099576
PF0184-C	0.9947149082231914
PF0185-C	0.9985566583511124
PF0186-C	0.8706458509757631
PF0188-C	0.992646736378824
PF0189-C	0.3044882297482605
PF0190-C	0.9430190147383902
PF0191-C	0.6319791669980814
PF0192-C	0.5928687458458355
PF0193-C	0.9987540413760132
PF0195-C	0.6654099898733512
PF0196-C	0.6987177571055585
PF0197-C	0.9984261283263792
PF0198-C	0.5176821989697424
PF0199-C	0.6719991687908711
PF0202-C	0.6220245577957775
PF0203-C	0.9938584690838111
PF0204-C	0.9987617783319408
PF0205-C	0.924739951106792
PF0206-C	0.9925785141073694
PF0207-C	0.96870277814362
PF0208-C	0.8120761209858566
PF0211-C	0.99544768486238
PF0212-C	0.8993935418702653
PF0213-C	0.9996955328176428
PF0214-C	0.9984224130857984
PF0217-C	0.7981827179734617
PF0218-C	0.8570027403183734
PF0219-C	0.9221247362394972
PF0221-C	0.991605382353009
PF0222-C	0.9959892165414712
PF0223-C	0.2841744892656671
PF0225-C	0.9931912984980448
PF0226-C	0.3638025652167623
PF0228-C	0.2598622929648965
PF0229-C	0.2348217077354831
PF0230-C	0.3861091665272435
PF0231-C	0.9937408239055472
PF0232-C	0.9990460649519572
PF0233-C	0.7030063863184548
PF0234-C	0.3685078361348246
PF0235-C	0.9743381834069688
PF0238-C	0.9388479566653156
PF0239-C	0.9910231122572905
PF0240-C	0.997654881545979
PF0241-C	0.8422135198763492
PF0242-C	0.5602318722686201
PF0245-C	0.9928231857558508
PF0246-C	0.982888773506114
PF0248-C	0.9914311939090096
PF0249-C	0.4574689290624737
PF0250-C	0.8735400317461339
PF0252-C	0.8967629474255943
PF0253-C	0.8770395265918434
PF0254-C	0.9926630328644196
PF0255-C	0.9940759441562153
PF0256-C	0.5509390919581119
PF0258-C	0.4970038590506491
PF0259-C	0.998409618445694
PF0260-C	0.9983433077644672
PF0261-C	0.9987043829583367
PF0262-C	0.5887104475710407
PF0263-C	0.995675117410194
PF0264-C	0.5712758291380888
PF0265-C	0.5347460043824113
PF0266-C	0.9978766892189505
PF0267-C	0.9944019269695228
PF0268-C	0.8911100109745211
PF0269-C	0.9989683121323824
PF0270-C	0.5600762463567904
PF0272-C	0.7785364214570729
PF0274-C	0.560206458940053
PF0275-C	0.8060327207919017
PF0276-C	0.98439718298642
PF0277-C	0.9994589302803
PF0278-C	0.9962164077931888
PF0279-C	0.997930980736758
PF0280-C	0.3185494450499261
PF0281-C	0.5240365095136792
PF0282-C	0.9980759118280654
PF0285-C	0.999510292485237
PF0286-C	0.9983326455095828
PF0287-C	0.9985251644965516
PF0288-C	0.9976839578117204
PF0289-C	0.738068611333651
PF0290-C	0.9967117086845928
PF0294-C	0.4031479937055384
PF0298-C	0.996396884612202
PF0299-C	0.9954662805898632
PF0301-C	0.993373228249148
PF0304-C	0.9934083220586808
PF0305-C	0.5064034402967669
PF0306-C	0.8078148503862899
PF0308-C	0.6784022402618672
PF0309-C	0.9959314510683646
PF0310-C	0.9913107720686828
PF0311-C	0.8971838486561265
PF0314-C	0.9929202537495369
PF0318-C	0.6230389052303739
PF0321-C	0.5462256224110766
PF0323-C	0.9893460411162434
PF0325-C	0.7488154691054962
PF0326-C	0.995950462796017
PF0327-C	0.3949939433327353
PF0328-C	0.9988388131446952
PF0329-C	0.992038282132375
PF0330-C	0.9980209428360892
PF0331-C	0.6658089250549337
PF0332-C	0.9971092188075552
PF0333-C	0.5570351861674321
PF0334-C	0.995672658399086
PF0335-CW	0.4560302057595218
PF0336-CW	0.4863071283654581
PF0337-C	0.9869677386559584
PF0339-C	0.9909259882096232
PF0341-C	0.9711958190565344
PF0342-C	0.8362157553424316
PF0344-C	0.9978639828271938
PF0347-C	0.997094506261527
PF0349-C	0.5056009832430126
PF0350-C	0.5910375231197509
PF0353-C	0.7120973654106124
PF0354-C	0.5076205562013437
PF0355-C	0.7066582511827828
PF0356-C	0.4524352879060035
PF0357-C	0.4217839761180181
PF0359-C	0.8825526881103251
PF0361-C	0.384703671791614
PF0363-C	0.6113929324329196
PF0364-C	0.9444797611621212
PF0365-C	0.449490508493949
PF0366-C	0.993135970081114
PF0367-C	0.3361092208698046
PF0368-C	0.8704602331200918
PF0369-C	0.9985560398231922
PF0370-C	0.9525165497692294
PF0371-C	0.9976950696507532
PF0372-C	0.995721642196353
PF0373-C	0.5906452607979201
PF0374-C	0.7722391755969789
PF0375-C	0.3700751414236926
PF0377-C	0.5689948866537694
PF0378-C	0.800363733204605
PF0380-C	0.3397244045430787
PF0381-C	0.5229299992539179
PF0383-C	0.7593667971318561
PF0385-C	0.5673655705454974
PF0386-C	0.5267166319831218
PF0388-C	0.2561136664765704
PF0389-C	0.4208177624322176
PF0390-C	0.5769606286636769
PF0392-C	0.7161653303415683
PF0393-CW	0.9860674272954114
PF0395-C	0.5567429781395886
PF0396-C	0.4913592003280285
PF0397-C	0.9983341821602756
PF0398-C	0.6315831872871757
PF0399-C	0.836895260560008
PF0400-C	0.9966913116253564
PF0401-C	0.997937530485349
PF0404-C	0.7112940146411728
PF0405-C	0.9966426678920792
PF0406-C	0.9942284622010577
PF0407-C	0.9931339118779068
PF0408-C	0.7183862291064728
PF0409-C	0.9983685935877378
PF0410-CW	0.9974543889572212
PF0411-C	0.9960384453580892
PF0412-C	0.7431673916768646
PF0413-C	0.9703867868738764
PF0414-C	0.9476458355307992
PF0415-C	0.653317049960401
PF0417-C	0.9900113288785396
PF0418-C	0.5975407167850517
PF0419-C	0.992210235130935
PF0421-C	0.6089507278826471
PF0422-C	0.9939907027406508
PF0423-C	0.9642367529859166
PF0424-C	0.974234815451833
PF0425-C	0.9968116087643426
PF0427-C	0.9981411821410642
PF0428-CW	0.724219371808926
PF0430-C	0.6020654370953613
PF0431-C	0.998084928328746
PF0432-C	0.7304424397806193
PF0433-C	0.5364907761431729
PF0434-C	0.9766195767802288
PF0437-C	0.9474791903802016
PF0438-CW	0.6655518808761172
PF0439-C	0.997898154905005
PF0440-C	0.4998276679981527
PF0441-CW	0.9880326890011292
PF0442-C	0.6113169905088129
PF0443-C	0.852432147199042
PF0444-CW	0.6939767525005903
PF0445-C	0.81879493447341
PF0446-CW	0.9888216887443348
PF0447-C	0.583565943403658
PF0448-C	0.4893692876281061
PF0449-C	0.9885888392684288
PF0450-C	0.994243644285934
PF0451-C	0.9940280528424832
PF0452-C	0.9955178814111928
PF0453-C	0.7982660780665135
PF0454-C	0.9965456400646528
PF0456-C	0.9928834476580358
PF0458-C	0.3820313589302114
PF0461-C	0.4472152843076835
PF0463-C	0.7101382928403429
PF0464-C	0.565484195224817
PF0465-C	0.5443707331551686
PF0467-C	0.9286610174895218
PF0469-C	0.6003183449683513
PF0471-C	0.5421539009167954
PF0472-C	0.999999999085514
PF0473-C	0.9958633610327776
PF0476-C	0.398194272651341
PF0477-C	0.601494071709647
PF0478-C	0.2268304469512581
PF0479-C	0.8729175357580231
PF0480-C	0.6795023194260157
PF0482-C	0.9985810673199412
PF0484-C	0.5466473549520172
PF0485-C	0.3952376910824859
PF0486-C	0.9680709255560558
PF0487-C	0.442690195551906
PF0488-C	0.6777385606309276
PF0489-C	0.9984286880262502
PF0491-C	0.996560049681332
PF0492-C	0.998345549662398
PF0493-C	0.9950203604840422
PF0494-C	0.9307539485248107
PF0499-C	0.5962418593705806
PF0502-C	0.7502158195953407
PF0504-C	0.6146581906654169
PF0507-C	0.9945187355810242
PF0510-C	0.5817629437498933
PF0511-C	0.5636149285917269
PF0512-C	0.9977923332789986
PF0513-C	0.9973526645050556
PF0514-C	0.7254628479808684
PF0515-C	0.992582571319524
PF0518-C	0.8214901626347545
PF0519-C	0.9981876294742912
PF0522-C	0.6928787917861651
PF0524-C	0.93934543784188
PF0525-C	0.9945458854800772
PF0529-C	0.4001418543472002
PF0531-C	0.9981623880282424
PF0539-C	0.7940263655345615
PF0542-C	0.993861855327968
PF0550-C	0.5546124894719616
PF0556-C	0.999999999780783
PF0557-C	0.4853834233569041
PF0559-C	0.9927480101817594
PF0560-C	0.9988053655143216
PF0562-C	0.8381067285582205
PF0578-C	0.996507462169601
PF0579-C	0.4091624980066292
PF0583-C	0.6505878534487198
PF0584-C	0.9937566013107256
PF0587-C	0.5130666691622853
PF0590-C	0.992838665396398
PF0596-C	0.9893826211263284
PF0597-C	0.9948577819745318
PF0599-C	0.997760254092479
PF0603-C	0.4634284236731374
PF0604-C	0.996453123447424
PF0606-C	0.9985543089627414
PF0608-C	0.9960622941884486
PF0609-C	0.930333815571023
PF0610-C	0.9946665895995612
PF0612-C	0.9970940317739432
PF0613-C	0.4077678640157315
PF0614-C	0.9888668788009596
PF0616-C	0.5748147745797554
PF0617-C	0.9887328316582294
PF0619-C	0.3875404855274347
PF0620-C	0.5666997470000008
PF0621-C	0.6473399852805268
PF0624-C	0.8027579530259435
PF0625-C	0.9874964991604792
PF0627-C	0.5313295870963687
PF0628-C	0.6923034074189447
PF0629-C	0.8982706408470158
PF0632-C	0.994681509521566
PF0633-C	0.9966050069796556
PF0634-C	0.8530589988093972
PF0635-C	0.997291180332604
PF0638-C	0.9954320531274145
PF0641-C	0.5226278439050771
PF0643-C	0.3497959879779009
PF0647-C	0.654097941214284
PF0650-C	0.8359174665137173
PF0651-C	0.8314693701627163
PF0653-C	0.5028362798038671
PF0655-C	0.9979088075713948
PF0661-C	0.9965670376951766
PF0663-C	0.971761203662713
PF0664-C	0.9420164780076908
PF0666-C	0.9995837626550412
PF0667-C	0.767933322098086
PF0668-C	0.9982455380431348
PF0669-C	0.587118683768141
PF0670-C	0.9991682611246012
PF0671-C	0.3036146976724617
PF0672-C	0.6080144341887821
PF0673-C	0.6831654787200149
PF0674-C	0.9928917923810784
PF0675-C	0.3875847771241825
PF0676-C	0.9999999990014968
PF0678-C	0.9977303148019316
PF0679-C	0.7402567192201279
PF0680-C	0.998259611671587
PF0681-C	0.8465580230251015
PF0682-C	0.5542037493259577
PF0683-C	0.2496477815087655
PF0684-C	0.2688957817658298
PF0685-C	0.9984896093029436
PF0686-C	0.9902016858079832
PF0687-C	0.9948329505626292
PF0689-C	0.9960247049617376
PF0690-C	0.7307676808984334
PF0691-C	0.9989541025079464
PF0692-C	0.998397181314682
PF0693-C	0.8681489593733293
PF0694-C	0.9829456043811584
PF0695-C	0.5708691681624587
PF0696-C	0.973974236393835
PF0697-C	0.9986275231491007
PF0698-C	0.8315712023711618
PF0699-C	0.4987904283696903
PF0700-C	0.4732593924958694
PF0701-C	0.9744465406038564
PF0703-C	0.9291758714122712
PF0704-C	0.9943583474937844
PF0706-C	0.9925192310462896
PF0707-C	0.9917351976456324
PF0708-C	0.7888478187053956
PF0710-C	0.1758294972559245
PF0711-C	0.5923207381466454
PF0712-C	0.9920527559002016
PF0715-C	0.9997546393069436
PF0718-C	0.671360647190204
PF0720-C	0.3205321639678765
PF0722-C	0.992473411380909
PF0723-C	0.919669852223265
PF0724-C	0.352916488548711
PF0725-C	0.9979356195451656
PF0727-C	0.6463924244478587
PF0728-C	0.9983484773787826
PF0729-C	0.9935004858784418
PF0730-C	0.9949838249310394
PF0731-C	0.4420235586019009
PF0732-C	0.6350072321504243
PF0733-C	0.9965386900266298
PF0734-C	0.4121472058959521
PF0735-C	0.4152684241291897
PF0736-C	0.4714297078666969
PF0737-C	0.9885517912583128
PF0738-C	0.998075200583986
PF0739-C	0.5200427451268663
PF0740-C	0.4729033784842386
PF0741-C	0.6686643681252856
PF0742-C	0.9985556109319004
PF0743-C	0.9309976140701812
PF0744-C	0.7217035693799052
PF0745-C	0.6222042414048542
PF0747-C	0.9973691786420548
PF0748-C	0.9912980341638492
PF0749-C	0.6319743399572313
PF0750-C	0.6516081506684386
PF0751-C	0.7837172117002037
PF0752-C	0.8623940555304679
PF0753-C	0.655031543109227
PF0754-C	0.9985572821598758
PF0755-C	0.7219310965988246
PF0756-C	0.8456984263213537
PF0757-C	0.6148244460038947
PF0758-C	0.563959292786006
PF0759-C	0.9954759461630132
PF0760-C	0.756235619705175
PF0761-C	0.998555758274448
PF0762-C	0.4740070143707787
PF0763-C	0.9744370346123468
PF0764-C	0.8796642561047414
PF0765-C	0.6059489072566218
PF0766-C	0.6443676280108778
PF0767-C	0.9954957242853878
PF0768-C	0.9954678526254088
PF0769-C	0.9939074317937632
PF0771-C	0.8354469761812896
PF0772-C	0.8813776212317319
PF0773-C	0.998556685399812
PF0775-C	0.4552843528187341
PF0776-C	0.6002129391642426
PF0777-C	0.6916099631033247
PF0778-C	0.994726368988468
PF0780-C	0.9927816936221148
PF0781-C	0.6926993539123523
PF0782-C	0.9916555520185276
PF0783-C	0.9890839923565296
PF0784-C	0.8588633995861428
PF0785-C	0.9994707250055296
PF0786-C	0.9985751797773396
PF0787-C	0.8288948139916739
PF0789-C	0.9936115727439964
PF0790-C	0.5856275237700668
PF0791-C	0.4998703725264775
PF0792-C	0.4437500869850892
PF0793-C	0.4744031751969375
PF0796-C	0.3394943263424335
PF0798-C	0.9445276430371184
PF0799-C	0.5900512101496784
PF0800-C	0.3270384066016476
PF0801-C	0.7029690548856822
PF0802-C	0.9929716461727072
PF0803-C	0.9983356145310072
PF0804-C	0.7672267056605615
PF0805-C	0.6909219380949285
PF0806-C	0.5135071888251213
PF0807-C	0.64914718513835
PF0808-C	0.3047211598037112
PF0809-C	0.9944853135539008
PF0811-C	0.9942617038702508
PF0812-C	0.312654155476962
PF0814-C	0.8692876232644269
PF0815-C	0.5929605628215157
PF0816-C	0.9911258830172114
PF0817-C	0.9975916812945368
PF0818-C	0.9954995922023784
PF0819-C	0.2603547131743643
PF0820-C	0.9981311784174588
PF0821-C	0.7489021019281035
PF0822-C	0.9982219981752756
PF0823-C	0.9948492814201164
PF0825-C	0.5712031277258863
PF0826-C	0.9982127652040984
PF0827-C	0.6810459849131648
PF0828-C	0.3000812925159161
PF0829-C	0.5968046936591742
PF0831-C	0.660671895663937
PF0832-C	0.9988568242495216
PF0833-C	0.9870971772084024
PF0834-C	0.7152755838411617
PF0835-C	0.8930184858249289
PF0836-C	0.483768021152602
PF0837-C	0.8859816861973715
PF0838-C	0.8912055036390142
PF0839-C	0.335010546442293
PF0840-C	0.7386616266548951
PF0841-C	0.9124872401894244
PF0842-C	0.9914044667377004
PF0843-C	0.993667718075481
PF0844-C	0.6424545793219293
PF0845-C	0.8347865451898925
PF0846-C	0.9933701758652976
PF0847-C	0.5166577225019824
PF0848-C	0.820174851941926
PF0849-C	0.686758954868997
PF0850-C	0.6692341478734367
PF0851-C	0.7169968089483612
PF0852-C	0.7741667698613883
PF0853-C	0.640655064980659
PF0854-C	0.9154120942438536
PF0855-C	0.5535019043979934
PF0856-C	0.9920080741420932
PF0857-C	0.6119504095193556
PF0858-C	0.8271856571860853
PF0859-C	0.2232030220784719
PF0860-C	0.92071641727873
PF0861-C	0.9938048038822608
PF0862-C	0.7062068489028648
PF0863-C	0.6896131774763821
PF0865-C	0.6047279386463282
PF0866-C	0.7361379636303369
PF0867-C	0.3503425969502646
PF0868-C	0.5612315504940143
PF0869-C	0.3275731553458049
PF0870-C	0.1549099850443006
PF0872-C	0.979646389962313
PF0873-C	1.0
PF0874-C	0.9935901111429466
PF0875-C	0.75655262858749
PF0876-C	0.9741276248402247
PF0877-C	0.7800110715812705
PF0878-C	0.9972382598984132
PF0879-C	0.9985351337632484
PF0881-C	0.9989580120608332
PF0882-C	0.7916574276559201
PF0883-C	0.997240712985634
PF0884-C	0.7994139272138657
PF0885-C	0.8312300434085064
PF0886-C	0.6078670516390801
PF0887-C	0.9487906108964268
PF0888-C	0.6424946406698352
PF0889-C	0.6113807830326283
PF0890-C	0.9978423731975792
PF0891-C	0.997476725734294
PF0892-C	0.9996901601575666
PF0893-C	0.5476278406431907
PF0894-C	0.9908664558298976
PF0895-C	0.9763180659558148
PF0896-C	0.7560369855221425
PF0897-C	0.3370135170794426
PF0898-C	0.6171191611585075
PF0899-C	0.9954666894227812
PF0900-C	0.997624275963575
PF0901-C	0.5225409472529282
PF0902-C	0.7106777452566446
PF0903-C	0.5500411782952702
PF0904-C	0.9759993938311348
PF0905-C	0.97834657776724
PF0906-C	0.8515427271696352
PF0907-C	0.9974056804138384
PF0910-C	0.4989224427043069
PF0911-C	0.997458575862727
PF0912-C	0.9277914797299058
PF0913-C	0.392105992024113
PF0914-C	0.2954977853561938
PF0915-C	0.9982603782096168
PF0916-C	0.999999999434402
PF0917-C	0.6867159381817252
PF0918-C	0.9985577979941892
PF0919-C	0.5707304881185814
PF0920-C	0.995184228680108
PF0921-C	0.6772364120453089
PF0922-C	0.9969286198746372
PF0923-C	0.665812376989166
PF0925-C	0.99711338753999
PF0926-C	0.7588676516303413
PF0928-C	0.7178680148431684
PF0929-C	0.6183815707450221
PF0930-C	0.9967655740306964
PF0932-C	0.6799852092332661
PF0933-C	0.6816153266879142
PF0934-C	0.5059911055242214
PF0935-C	0.4308004995032958
PF0936-C	0.5661566050147513
PF0938-C	0.3949791689970684
PF0939-C	0.8124292234935138
PF0942-C	0.9971948456637024
PF0943-C	0.6106150025632787
PF0944-C	0.7878849924295294
PF0946-C	0.9980172799073872
PF0947-C	0.4750607045326683
PF0948-C	0.9716816097746404
PF0950-C	0.4758145255404561
PF0951-C	0.68625189531203
PF0952-C	0.7628866303233737
PF0953-C	0.90285373563647
PF0955-C	0.95560608837106
PF0956-C	0.5884408519555273
PF0959-C	0.7976663815017693
PF0960-C	0.9983320280262435
PF0961-C	0.4428788406300711
PF0962-C	0.6888402114221591
PF0963-C	0.9988003087232992
PF0964-C	0.993977252093756
PF0966-C	0.8576470429067506
PF0967-C	0.9998784283105394
PF0968-C	0.6855753604180964
PF0969-C	0.9961258101952162
PF0970-C	0.7560998214823886
PF0972-C	0.993776235278608
PF0973-C	0.8783040051056574
PF0974-C	0.3156998026762697
PF0975-C	0.9973206861493776
PF0976-C	0.4700059823769591
PF0977-C	0.654460061876114
PF0978-C	0.5092737321261669
PF0979-C	0.345386362980124
PF0980-C	0.5785667015681617
PF0981-C	0.6814265523422897
PF0982-C	0.9983442991792684
PF0983-C	0.5137574866994421
PF0984-C	0.9983210819648588
PF0985-C	0.6288225490953157
PF0986-C	0.6241037770156075
PF0987-C	0.9971140794961686
PF0988-C	0.6965387644094725
PF0992-C	0.9958177592863412
PF0997-C	0.5223679722345915
PF0998-C	0.9965428895877934
PF0999-C	0.7726733893369542
PF1001-C	0.3094379983344238
PF1004-C	0.5581148144341977
PF1005-C	0.9953399379057948
PF1006-C	0.9941550695032524
PF1009-C	0.993343946101302
PF1010-C	0.9945032644865568
PF1011-C	0.99686413987898
PF1012-C	0.8798520246632004
PF1013-C	0.9093817608404408
PF1014-C	0.9828146891163544
PF1015-C	0.9972785946495412
PF1016-C	0.974742685327422
PF1017-C	0.817833292679987
PF1018-C	0.9954357471447778
PF1019-C	0.9966656196137008
PF1020-C	0.9955528338620174
PF1021-C	0.9989537884339056
PF1022-C	0.5315191654425986
PF1023-C	0.7225959610771405
PF1024-C	0.9973847425493636
PF1025-C	0.3872437621521325
PF1026-C	0.9973159332103612
PF1027-C	0.9985410393862344
PF1028-C	0.9986520231008816
PF1029-C	0.9918717677693216
PF1030-C	0.664300648184173
PF1031-C	0.9981513083268888
PF1032-Cx	0.998760655256994
PF1033-C	0.9935440867463308
PF1034-C	0.9971421110697432
PF1035-C	0.5549079022871772
PF1036-C	0.9986577393139532
PF1037-C	0.9998067723229972
PF1038-C	0.6222278671582415
PF1039-C	0.6489501112177708
PF1040-C	0.9059960490390644
PF1041-C	0.9999999993344604
PF1042-C	0.9927156445371134
PF1043-C	0.914111029832844
PF1044-C	0.9969546847822406
PF1045-C	0.5301964962513857
PF1046-C	0.7758638489875525
PF1047-C	0.6241990867302607
PF1048-C	0.9971208066461464
PF1049-C	0.9924683993435106
PF1050-C	0.5508937748002027
PF1051-C	0.9968342046107654
PF1052-C	0.990926707900387
PF1053-C	0.9949064062677362
PF1054-C	0.7104019073509938
PF1055-C	0.9981605175009962
PF1056-C	0.9897928761665392
PF1057-C	0.8049904504624099
PF1058-C	0.9933808659596236
PF1059-C	0.92558816159316
PF1060-C	0.9977981548609776
PF1061-C	0.9964481429766554
PF1062-C	0.9963671788250836
PF1063-C	0.9977728839306772
PF1064-C	0.9934488672760848
PF1065-C	0.7499733318040777
PF1066-Cx	0.9621456595466568
PF1067-C	0.5475105857874276
PF1068-C	0.8205536637571813
PF1069-C	0.9998063801591764
PF1070-C	0.3682219484937182
PF1071-C	0.992409170231953
PF1072-C	0.9925182359055844
PF1073-C	0.99356055635232
PF1074-Cx	0.6644922834403194
PF1075-C	0.6405021949268284
PF1076-C	0.9935793492809464
PF1077-C	0.9977975275106274
PF1078-C	0.9969142262388444
PF1079-C	0.99122221776256
PF1080-C	0.6410654634610811
PF1081-C	0.525886439176279
PF1082-C	0.9980691770649556
PF1083-C	0.8928060848233301
PF1084-C	0.9942327362047122
PF1085-C	0.8620757308509412
PF1086-C	0.999644613574502
PF1087-C	0.7431119686942615
PF1088-C	0.7088947566328319
PF1089-C	0.9926338821361936
PF1090-C	0.6786173631928826
PF1091-C	0.998425849656229
PF1092-C	0.6925625030084579
PF1094-C	0.6364272758393614
PF1095-C	0.5475068214815041
PF1096-C	0.9345121453874786
PF1097-C	0.6939867013903638
PF1098-C	0.7676048945568096
PF1099-C	0.9936928170771584
PF1100-C	0.8183402830237745
PF1101-C	0.6612104247078971
PF1102-C	0.9984455279692828
PF1103-C	0.9861139976151772
PF1104-C	0.8580671179449326
PF1105-C	0.9956222695964686
PF1106-Cx	0.9918889473086524
PF1107-C	0.997946790256324
PF1108-C	0.7472613620699058
PF1110-C	0.9930075717483496
PF1111-C	0.4408250579462252
PF1112-C	0.9884562905606892
PF1113-C	0.996933708264231
PF1114-C	0.9970338845342892
PF1118-Cx	0.9989636954354392
PF1119-Cx8	0.9982573996201825
PF1120-Cx6	0.5395796522482466
PF1121-Cx9	0.9931113910170402
PF1123-Cx	0.4951611713779563
PF1124-Cx	0.4688150164816063
PF1125-Cx	0.6747804445154344
PF1126-Cx	0.9966436199104778
PF1127-Cx7	0.502583326647692
PF1128-Cx	0.284529845070855
PF1129-Cx9	0.4968259787527161
PF1130-Cx6	0.4679404243255161
PF1131-Cx9	0.6045169265394934
PF1132-Cx	0.751262284936387
PF1134-Cx	0.5860309733786587
PF1135-Cx	0.9998879298603738
PF1136-Cx	0.4174920797531001
PF1137-Cx	0.4910965976159449
PF1139-Cx	0.9999465681899592
PF1140-Cx	0.6271368516468299
PF1141-Cx	0.9983050222553298
PF1142-Cx	0.9938261876685904
PF1143-Cx8	0.5668722242237358
PF1148-Cx8	0.998423299853376
PF1150-Cx9	0.3561023951472551
PF1151-Cx6	0.4004631397790554
PF1152-Cx9	0.3365619453961787
PF1153-Cx9	0.9947180807033836
PF1154-Cx	0.9981925658099984
PF1155-Cx	0.998147998974641
PF1157-Cx9	0.6367401689831074
PF1160-Cx9	0.9917238277752284
PF1161-Cx8	0.7411427404423778
PF1165-Cx	0.409903500527234
PF1167-Cx	0.992885201414321
PF1169-Cx	0.4469144585673693
PF1170-Cx	0.7589218987561595
PF1171-Cx	0.4657406859874432
PF1172-Cx	0.9913280825094212
PF1173-Cx	0.5144499630708369
PF1174-Cx	0.9985547586904162
PF1175-Cx	0.4287277692914363
PF1176-Cx	0.6272675501481753
PF1177-Cx	0.5468221791820775
PF1178-Cx	0.998065796661307
PF1179-Cx8	0.8472736866734379
PF1180-Cx	0.9943547120490396
PF1182-Cx	0.7165293919678182
PF1184-Cx	0.785533871590043
PF1185-Cx	0.4848979407353671
PF1187-Cx	0.4672127168357284
PF1188-Cx	0.9920855647738728
PF1189-Cx	0.9985545757620624
PF1190-Cx	0.6172078888958945
PF1194-Cx	0.6327652793263321
PF1195-Cx	0.9979533349303812
PF1196-Cx	0.999904071898685
PF1197-Cx8	0.998564421423056
PF1198-Cx8	0.993948270770582
PF1200-Cx	0.9925366803568508
PF1220-CW	0.7038951007254218
PF1221-CW	0.9981440453308426
PF1223-CW	0.9984340985683956
PF1224-CW	0.9988283998165884
PF1225-CW	0.9406377374000812
PF1226-CW	0.8385953376134947
PF1227-CW	0.9226780809954104
PF1228-CW	0.9959480764523312
PF1229-CW	0.9791306892813736
PF1230-CW	0.9989790780625676
PF1233-CW	0.8796577767487158
PF1235-CW	0.9990655331599644
PF1236-CW	0.9761014266653434
PF1239-CW	0.7706277030344804
PF1240-CW	0.994603754764254
PF1246-CW	0.9984598158502002
PF1247-CW	0.9994394447871868
PF1251-CW	0.991084719950902
PF1252-CW	0.9983158208434808
PG0607-C	0.9734457011670038
PG0608-C	0.9964660764909972
PG0609-C	0.9981664872547844
PG0610-C	0.987394909875235
PG0611-C	0.9950063831857542
PH0001-C	0.7307159192243684
PH0002-C	0.9991544623163
PH0003-C	0.999721101677226
PH0004-C	0.998893551289532
PH0005-C	0.9666022938567798
PH0006-C	0.9999489217955648
PH0007-C	0.998685252040523
PH0008-C	0.7570148437199548
PH0010-C	0.9951612450063968
PH0011-C	0.9970595430476636
PH0012-C	0.9968088986574012
PH0013-C	0.9987892411758428
PH0014-C	0.8827362070080967
PH0015-C	0.9979500681311408
PH0016-C	0.999999999512484
PH0017-C	0.9990623462758048
PH0018-C	0.998494767740636
PH0019-C	0.8437417901558593
PH0020-C	0.9993500661509604
PH0021-C	0.9969994905826296
PH0022-C	0.99830643801082
PH0023-C	0.9998048953075568
PH0024-C	0.9986443639941088
PH0026-C	0.927900537822417
PH0027-Cx	0.9989852405299172
PH0028-Cx	0.9996145903567796
PH0031-Cx	0.9953713729831511
PH0042-C	0.9983189931178617
PH0043-C	0.996049690442188
PH0044-C	0.9981818332149875
PH0045-C	0.9989224097682872
PH0046-C	0.6486752535809718
PH0047-Cx	0.995276616556498
PH0051-Cx	0.998405822945402
PH0052-C	0.8858112773761836
PH0054-C	0.6747104356458029
PH0055-C	0.9948628814715762
PH0056-C	0.6593170903057655
PH0057-C	0.9977825246754444
PH0058-C	0.9522294309567364
PH0059-C	0.9963752399976558
PH0060-C	0.9730905491083514
PH0063-C	0.5901129662290889
PH0064-C	0.9962174279385162
PH0105-C	0.9986995422456452
PH0108-CW	0.8576140025793583
PH0109-C	0.9995131290974748
PH0110-C	0.998012472293725
PH0111-C	0.9991044399834704
PH0112-C	0.9988348503729289
PH0114-C	0.9966679457398456
PH0116-C	0.998094434546255
PH0117-C	0.9990964551561122
PH0118-C	0.9992029915069174
PH0119-C	0.7618469686155555
PH0121-CW	0.9991754402221754
PH0122-CW	0.998480660300802
PH0123-CW	0.9999999997440326
PH0124-CW	0.9164895262421782
PH0125-CW	0.9933785870196208
PH0126-CW	0.9983517734336536
PH0128-CW	0.9994247979142564
PH0130-CW	0.9987208599943056
PH0131-CW	0.9987603758578176
PH0132-CW	0.9992618649310596
PH0133-CW	0.9958578120279022
PH0134-C	0.9987787386269176
PH0136-C	0.994544193380504
PH0137-C	0.999820816080961
PH0138-CW	0.9975130703711468
PH0139-CW	0.9966027454682628
PH0140-CW	0.997916809572126
PH0141-CW	0.9961331182280324
PH0142-CW	0.9971627643710698
PH0143-CW	0.996015735670749
PH0144-CW	0.9964156370556724
PH0145-CW	0.998495411835664
PH0146-CW	0.9991082389311996
PH0147-CW	0.9986562730896608
PH0148-CW	0.9984640420299185
PH0149-CW	0.9988713331057656
PH0150-CW	0.9000932124016576
PH0151-CW	0.9975342836520108
PH0152-CW	0.9994599486748116
PH0153-CW	0.9995024951918728
PH0155-C	0.9980253123302332
PH0156-C	0.9998508796431526
PH0157-C	0.9951267393359268
PH0161-C	0.9951970563983016
PH0163-C	0.9998043995630862
PH0164-C	0.9965902774724932
PH0165-C	0.9949710721371896
PH0167-C	0.9998046576456516
PH0169-C	0.994907864988392
PH0171-C	0.9961428516575148
PH0172-C	0.9974028385001664
PH0173-C	0.9993827763020132
PH0191-C	0.9971341975335252
PH0192-C	0.9989700112572476
PH0194-C	0.9999999998833006
PH0197-C	0.998553719927282
PH0198-C	0.998769514541276
PH0201-C	0.9990511806599108
PH0203-C	0.998528295941106
PH0204-C	0.7177792778912923
PH0205-C	0.5690020055503089
PH0206-C	0.9946494707465858
PH0207-C	0.9971727812379316
PH0208-C	0.9956168992099658
PH0209-C	0.9997335709443688
PH0210-C	0.993134977606274
PH0212-C	0.9953774932097385
PH0213-C	0.9958436541793554
PH0217-C	0.9937199571416826
PH0218-C	0.9943647863000018
PH0221-C	0.9942136405531512
PH0222-C	0.9990587909161944
PH0223-CW	0.916968082426739
PH0224-C	0.9926509746394704
PH0225-C	0.9935982376312578
PH0227-C	0.9929273537395014
PH0228-C	0.9938087645742196
PH0229-C	0.9996759601963628
PH0234-C	0.9986213154956748
PH0236-C	0.998860098316944
PH0237-C	0.9978127091779598
PH0238-C	0.9935334953159652
PH0239-C	0.9953326435976088
PH0240-C	0.9999453048218536
PH0241-C	0.9992674511214223
PH0242-C	0.8433518792989961
PH0243-C	0.9925868158239354
PH0244-C	0.9991760483241748
PH0245-C	0.9933935645278926
PH0246-C	0.9994915886721526
PH0247-C	0.992694917690985
PH0248-C	0.9992999629806716
PH0249-C	0.9938948936042534
PH0250-C	0.9925579967636023
PH0251-C	0.9930924498855396
PH0252-C	0.9962575428534134
PH0253-C	0.9983569014339768
PH0256-C	0.9962406252034948
PH0274-C	0.9306260188204464
PH0278-CW	0.9958742189736536
PH0279-C	0.996584214260796
PH0282-C	0.9992929481846652
PH0283-C	0.9974770857322148
PH0284-C	0.9931508660565272
PH0285-C	0.9775134211687516
PH0286-CW	0.6961305043165396
PH0292-C	0.6412263137659637
PH0294-C	0.974702879447936
PH0299-CW	0.9942236353202916
PH0300-C	0.9929624558887942
PH0302-C	0.6696088785400696
PH0303-CW	0.9998390444229432
PH0304-C	0.9525596325011472
PH0305-C	0.9999999996758536
PH0306-C	0.9986928334320312
PH0307-C	0.992798066679735
PH0308-CW	0.9909108599887594
PH0321-C	0.9997462339290532
PH0322-C	0.9968955466064512
PH0324-C	0.883608391642078
PH0325-C	0.9928405776433492
PH0326-C	0.9965278285909894
PH0327-C	0.9954486943389228
PH0328-C	0.9394736947803064
PH0329-C	0.9940656140212418
PH0330-C	0.4896908713850953
PH0332-C	0.855337436071231
PH0333-C	0.638610708617952
PH0334-C	0.6757551845427764
PH0335-C	0.9922365426473188
PH0336-C	0.9415670281567244
PH0337-C	0.995703553095549
PH0338-C	0.997297060320382
PH0339-C	0.9952554726478084
PH0340-C	0.7957170478620659
PH0341-C	0.8825299741720638
PH0342-C	0.9991838107263744
PH0343-C	0.9991841505512236
PH0344-C	0.9992936742820722
PH0345-C	0.7524827736729631
PH0346-C	0.9986918672910394
PH0347-C	0.9977687314372852
PH0348-C	0.9966771827542258
PH0349-C	0.999230361328046
PH0350-C	0.996161016326822
PH0351-C	0.8983255185413179
PH0352-C	0.9988232644986548
PH0353-C	0.9961764085853676
PH0354-C	0.9994199030358032
PH0355-C	0.9960065610113408
PH0356-C	0.9963105879575752
PH0357-C	0.9936139713119856
PH0358-C	0.9997516048826552
PH0359-C	0.9962185781966988
PH0360-C	0.9991536314168076
PH0361-C	0.9988534458125404
PH0362-C	0.9956205140830808
PH0363-C	0.9992440193445687
PH0364-C	0.9996865668151512
PH0365-C	0.6720421603280677
PH0366-C	0.7881519469021534
PH0367-C	0.981258953864873
PH0368-C	0.5427218409016761
PH0369-C	0.8179582584621521
PH0370-C	0.9996398969356796
PH0371-C	0.807779582794041
PH0372-C	0.9919610147727976
PH0373-C	0.97730929670152
PH0374-C	0.99906552921825
PH0375-C	0.9970800724909796
PH0376-C	0.8755323073072871
PH0377-C	0.9981322864763876
PH0378-C	0.9707003829569332
PH0379-C	0.7287583458791624
PH0380-C	0.8826363416499445
PH0381-C	0.9950345369203492
PH0382-C	0.9990131850662194
PH0383-C	0.8576731104681372
PH0384-C	0.8435841402406206
PH0386-C	0.95278595838241
PH0387-C	0.998558631201936
PH0388-C	0.8889481695769573
PH0389-C	0.9994699808139296
PH0390-C	0.9990565280871614
PH0391-C	0.997705278759945
PH0392-C	0.9964541266802804
PH0393-C	0.9987674354817
PH0394-C	0.999119189115824
PH0395-C	0.9994747364194486
PH0396-C	0.9994803700836868
PH0397-C	0.9985466752500722
PH0398-C	0.9999307654516764
PH0400-C	0.9990683903098132
PH0403-C	0.997887073720618
PH0404-C	0.9973383311998034
PH0407-C	0.9967506946477204
PH0408-C	0.9975797238687496
PH0409-CW	0.889655800923379
PH0410-C	0.9988593206473044
PH0411-C	0.9977683009181616
PH0412-C	0.9991737296668992
PH0413-C	0.9956462034911608
PH0414-C	0.9983302606689844
PH0415-C	0.850878747611037
PH0416-C	0.9946562710043
PH0418-C	0.999032703319186
PH0420-CW	0.8859563230235186
PH0421-C	0.9993875233476756
PH0422-CW	0.9979809140490312
PH0424-C	0.9863020836852804
PH0425-C	0.9944512678651578
PH0431-CW	0.999999999678858
PH0437-C	0.999354331075324
PH0438-C	0.999999999676862
PH0444-C	0.9980658128434676
PH0445-C	0.9980869499874748
PH0447-C	0.9159236739813548
PH0450-C	0.9043754426538848
PH0451-C	0.9993109640875576
PH0453-C	0.9281214022868756
PH0454-C	0.9141413580151684
PH0455-C	0.823431221030227
PH0456-C	0.9989776713068244
PH0457-CW	0.9974965646417896
PH0458-CW	0.9950521057790692
PH0459-CW	0.8371225843106644
PH0460-C	0.9941097656520982
PH0461-C	0.7530524939580168
PH0462-C	0.997426419183444
PH0463-C	0.993691887798921
PH0464-CW	0.997960573015498
PH0465-CW	0.666828208222618
PH0466-C	0.9993955361219558
PH0467-CW	0.9954948737070024
PH0468-C	0.9980652177839944
PH0469-CW	0.913220967940408
PH0470-C	0.9843880111566282
PH0471-C	0.941077749939808
PH0472-C	0.8934013628017416
PH0473-C	0.9975757692441694
PH0474-CW	0.9964385687790108
PH0475-C	0.943800192115039
PH0476-C	0.997764950592304
PH0478-C	0.6390616925904561
PH0479-CW	0.9530652858006904
PH0480-C	0.98103351247592
PH0481-C	0.9989142745346994
PH0482-C	0.9937920543219804
PH0483-CW	0.9972980631770392
PH0484-C	0.9936241904323416
PH0485-C	0.9956077350466056
PH0486-C	0.9981737840301406
PH0487-C	0.9848825285039314
PH0488-C	0.9958967471386058
PH0489-C	0.9963511561154564
PH0490-C	0.9989129797892254
PH0493-C	0.9988543315038194
PH0494-CW	0.9945461315454012
PH0495-CW	0.9960718069343296
PH0496-CW	0.9987312104266022
PH0497-C	0.99965003302553
PH0498-C	0.9975137404082908
PH0499-CW	0.9971625242121775
PH0500-CW	0.999314388781092
PH0501-CW	0.9932878954774386
PH0502-C	0.9994698545889008
PH0503-C	0.7843781071149467
PH0504-C	0.4743725124257073
PH0505-C	0.7499529276872176
PH0506-C	0.999470846881415
PH0507-C	0.9999999998522684
PH0508-C	0.9990669853256152
PH0510-C	0.7084483167578974
PH0511-C	0.6818333026492887
PH0513-C	0.999470512836389
PH0514-C	0.998104700925468
PH0515-C	0.999362214812343
PH0516-C	0.9978994743314727
PH0517-C	0.9978924965120922
PH0518-C	0.9978562256137732
PH0519-C	0.9994014709923736
PH0520-C	0.9975197012529636
PH0521-C	0.9997383469517984
PH0522-C	0.9990320109831724
PH0523-C	0.9995040849023236
PH0524-C	0.9972839390137552
PH0525-C	0.9974151014729712
PH0526-C	0.992499572388316
PH0527-C	0.9859220303554648
PH0528-C	0.999228142997455
PH0529-C	0.997339350081844
PH0530-C	0.998420130375927
PH0531-C	0.9954404480059572
PH0532-C	0.9990948952415264
PH0533-C	0.994056715912443
PH0534-C	0.9983731461563524
PH0535-C	0.999535955397813
PH0536-C	0.8294762570238589
PH0537-C	0.9988268284073414
PH0538-C	0.9981319660036014
PH0539-C	0.9939350400348314
PH0540-C	0.9936793803692102
PH0541-C	0.9837976433463452
PH0542-C	0.9934074061183372
PH0543-C	0.997445543533983
PH0544-C	0.9955530284997504
PH0545-C	0.8725122819522306
PH0546-C	0.8337819366569099
PH0547-C	0.6660610734266981
PH0548-C	0.8813733775216707
PH0549-C	0.8922017821498818
PH0551-C	0.9940743906162958
PH0552-C	0.993413548567962
PH0553-C	0.99889241703168
PH0554-C	0.9990938261248622
PH0555-C	0.99461058882378
PH0556-C	0.9943127824992668
PH0557-C	0.8804759452913383
PH0558-C	0.9976606701015636
PH0559-C	0.9991632354721748
PH0560-C	0.9973423788264616
PH0561-C	0.986477208047335
PH0562-C	0.9941792178853324
PH0563-C	0.9933109532129824
PH0564-C	0.9280775776706944
PH0565-C	0.9983407178673536
PH0566-C	0.974444510111438
PH0568-C	0.9175903162945516
PH0569-C	0.9982674980118966
PH0570-C	0.9933586278926332
PH0571-C	0.99173657656337
PH0572-C	0.8638888049379975
PH0573-C	0.9124825889656184
PH0574-C	0.9054014790363032
PH0576-C	0.9974476151602252
PH0578-C	0.9928952920010068
PH0579-C	0.9955812633350186
PH0580-C	0.9219166476995784
PH0582-C	0.9975577424470556
PH0583-C	0.877923216514448
PH0584-C	0.9977696468359748
PH0585-C	0.9980820929044832
PH0586-C	0.99839981139461
PH0587-C	0.9987067310351267
PH0588-C	0.9017988454006972
PH0589-C	0.9989712918168012
PH0590-C	0.6712122159645602
PH0592-C	0.977646091654462
PH0593-C	0.9967953987829022
PH0594-C	0.7843040414869369
PH0595-C	0.691230526812422
PH0596-C	0.99486352606539
PH0597-C	0.9953888644646968
PH0598-C	0.987305142292608
PH0599-C	0.9973875613584192
PH0600-C	0.9974879585190524
PH0601-C	0.996152145751862
PH0602-C	0.998249743620838
PH0603-C	0.9352706970996736
PH0604-C	0.9978945547799696
PH0605-C	0.9979662952335648
PH0608-C	0.99983336942325
PH0609-C	0.9999999998470848
PH0610-C	0.9986803293348968
PH0611-C	0.9989412750781076
PH0612-C	0.9999641191644716
PH0613-C	0.9364134699629644
PH0614-C	0.7651237230908546
PH0617-C	0.9989041877288176
PH0619-C	0.9991361905145106
PH0621-C	0.9968002563559591
PH0623-C	0.9977424586554424
PH0624-C	0.9995027548064904
PH0625-C	0.9956756734677308
PH0626-C	0.9972444903523988
PH0627-C	0.7219512106445719
PH0628-C	0.7195551770004539
PH0629-C	0.8298413144935244
PH0630-C	0.9984650989889824
PH0631-C	0.991304048328068
PH0632-C	0.998310397985008
PH0633-C	0.997399857828558
PH0634-C	0.8892900146692948
PH0635-C	0.8002480053458811
PH0636-C	0.9966812014217696
PH0637-C	0.8972429727099436
PH0638-C	0.9982751702108716
PH0639-C	0.9975932114856558
PH0640-C	0.999541915189842
PH0641-C	0.9324397610534466
PH0642-C	0.6155815565929861
PH0643-C	0.9270424659489056
PH0644-C	0.9742109706987478
PH0645-C	0.6683349950280081
PH0646-C	0.7850243890665312
PH0647-C	0.998863118375112
PH0648-C	0.9657136933788996
PH0650-C	0.9953792879078274
PH0651-C	0.7483872949275736
PH0676-C	0.9976961774693984
PH0677-C	0.9992275968864864
PH0678-C	0.9963134240239044
PH0679-C	0.997560879660202
PH0680-C	0.9995104349378694
PH0681-C	0.7847049984105023
PH0682-C	0.9938401746239932
PH0683-C	0.7683160367709941
PH0684-C	0.9943641384366124
PH0685-C	0.999537414128348
PH0686-C	0.9814563840103164
PH0687-C	0.9990615779023296
PH0692-C	0.9943886073581154
PH0694-C	0.9937463172285328
PH0695-C	0.991360744592812
PH0696-C	0.9993395889018926
PH0697-C	0.9976558636903212
PH0698-C	0.8434578642346965
PH0700-C	0.989530101986798
PH0701-C	0.994241199396056
PH0702-C	0.9970125937302996
PH0703-C	0.9999999998928478
PH0704-C	0.8678516133119769
PH0706-C	0.9988486887104449
PH0707-C	0.8086067639788451
PH0708-C	0.960595439808854
PH0709-C	0.9938222219832796
PH0712-C	0.9917745641018212
PH0713-C	0.4714017593577232
PH0714-C	0.8781311044658968
PH0715-C	0.9901317284657222
PH0716-C	0.9922394821590534
PH0717-C	0.9621040529251148
PH0718-C	0.9774534474454576
PH0719-C	0.999046716775471
PH0722-C	0.9989503555437002
PH0723-C	0.9944768983998395
PH0724-C	0.539557486600924
PH0725-C	0.9723196861779329
PH0726-Cx	0.6355924555776452
PH0727-C	0.993931730141022
PH0728-C	0.9979940661118856
PH0729-C	0.9959916902709008
PH0730-C	0.9995875807671434
PH0731-C	0.9990599187229484
PH0732-C	0.9982350982931004
PH0733-C	0.8592068893902637
PH0734-C	0.5938544658433116
PH0735-C	0.6425892772202288
PH0736-C	0.6377330316881884
PH0737-C	0.9904900958392656
PH0738-C	0.9989232296234084
PH0739-C	0.9982582043608008
PH0741-C	0.5768751202514153
PH0742-C	0.996536397983828
PH0743-C	0.996189363332527
PH0744-C	0.9236350860845618
PH0745-C	0.9997603417188938
PH0746-C	0.9991589477957424
PH0747-Cx	0.860186308620267
PH0749-C	0.8826996162189451
PH0750-Cx	0.8515373021175952
PH0752-C	0.997663022625762
PH0753-Cx	0.9983597081475052
PH0754-C	0.9981703365711316
PH0755-C	0.9973586105349111
PH0756-Cx	0.9998932302314536
PH0757-C	0.9977516371521756
PH0758-C	0.997746676528996
PH0759-C	0.9987939293871724
PH0760-C	0.9067154565763615
PH0761-C	0.9984598789095664
PH0762-Cx	0.9998969258036732
PH0763-C	0.822591375178317
PH0764-C	0.9781506755754198
PH0765-C	0.9949248298978424
PH0766-Cx	0.7954446073577255
PH0767-C	0.8252262358411739
PH0768-C	0.7710702308698689
PH0769-C	0.8415252315877595
PH0770-C	0.999069275971226
PH0772-C	0.999952249631154
PH0773-Cx	0.995460134385137
PH0774-C	0.9527208907615262
PH0775-Cx	0.999999999831554
PH0776-C	0.9990531382570852
PH0777-C	0.7265537690885707
PH0778-C	0.9991659095619764
PH0779-Cx	0.9043824335618758
PH0780-C	0.9977253551108672
PH0782-C	0.8346757660037967
PH0783-C	0.9967537058997212
PH0784-C	0.9950247093353246
PH0785-Cx	0.998868517365081
PH0786-Cx	0.9380775539480742
PH0788-C	0.9972822107667164
PH0789-C	0.9949257941763244
PH0790-C	0.9981922962124506
PH0793-C	0.9986800698012236
PH0794-C	0.995203265099706
PH0795-C	0.9999481081698568
PH0797-C	0.9963740192379597
PH0800-C	0.6168471744619126
PH0801-C	0.9992033418625724
PH0802-C	0.8551100635153935
PH0805-C	0.998112935192778
PH0807-C	0.9970866614118316
PH0810-C	0.996548774772473
PH0811-C	0.8671133150166537
PH0813-C	0.9980040607831052
PH0814-Cx	0.9994425455814336
PH0815-C	0.7771060114924427
PH0817-C	0.9818506828403109
PH0818-C	0.999180540841856
PH0819-C	0.9971441894368628
PH0820-C	0.997349136501574
PH0821-C	0.8921479290873171
PH0822-C	0.993233249677552
PH0823-C	0.9974943410119268
PH0824-C	0.4623355482405127
PH0825-C	0.9943436258408592
PH0826-C	0.9986752260013092
PH0828-C	0.9977395046140192
PH0829-C	0.9811521564889792
PH0830-C	0.9920415363680184
PH0831-C	0.9990444149986232
PH0832-C	0.9969442742665814
PH0833-C	0.99864989802434
PH0834-C	0.9997138951472304
PH0835-C	0.993699838170252
PH0836-C	0.972829165937276
PH0837-C	0.9984985130617984
PH0838-C	0.9662951264956208
PH0839-C	0.9975349337574524
PH0840-C	0.9975626880152348
PH0841-C	0.9952991731022924
PH0842-C	0.994842116026208
PH0843-C	0.9994963659680028
PH0844-C	0.9997153519742624
PH0845-C	0.9768866520494088
PH0846-C	0.9940056441719852
PH0847-C	0.9990228084493528
PH0848-C	0.997178177225796
PH0849-C	0.7890698821544713
PH0850-C	0.9910300488800188
PH0851-C	0.993064029259577
PH0852-C	0.9984293552540024
PH0853-C	0.9981817019150574
PH0854-C	0.998825662309061
PH0855-C	0.9982951252145384
PH0856-C	0.9995257139295596
PH0858-C	0.9988316344512816
PH0860-Cx	0.9941125695024388
PH0863-Cx	0.9062500954137668
PH0865-C	0.99898176855495
PH0866-C	0.9988987831205136
PH0868-Cx	0.9957592726611496
PH0870-C	0.9664095907644106
PH0871-C	0.9976775386269684
PH0872-C	0.9997966641379198
PH0873-Cx	0.9969031911632622
PH0874-Cx	0.9957620674786036
PH0875-C	0.9991860519089664
PH0876-C	0.907416052553214
PH0877-C	0.996780429493933
PH0878-C	0.9963062748510736
PH0879-C	0.9978603083046262
PH0880-C	0.9977084879590182
PH0882-C	0.8329282034921409
PH0885-Cx	0.999688064580919
PH0886-C	0.9986546563733631
PH0887-C	0.9970669446127168
PH0888-C	0.9982531597711916
PH0889-C	0.9977106642476956
PH0890-C	0.9990310681792182
PH0891-Cx	0.99885662843043
PH0894-C	0.9956619495604396
PH0895-C	0.997252251266679
PH0896-C	0.998679625759354
PH0898-C	0.9031942671891048
PH0899-C	0.9981833394894036
PH0900-C	0.9983278133219108
PH0901-C	0.980039977183887
PH0902-C	0.993266708135902
PH0903-C	0.9191104089256076
PH0904-C	0.9982927085399532
PH0905-C	0.92749411298839
PH0906-C	0.9008575695164552
PH0907-C	0.9989309182751204
PH0908-C	0.9986377777706892
PH0909-C	0.994477638178986
PH0910-C	0.9969899498149944
PH0911-Cx	0.9973511864608038
PH0912-C	0.9987882261127412
PH0915-C	0.9985309644189396
PH0916-C	0.936061801157219
PH0917-Cx	0.808496906005093
PH0918-Cx	0.8490719795487489
PH0919-C	0.8466217239180398
PH0920-Cx	0.9914841437258004
PH0921-C	0.9965430541179292
PH0923-Cx	0.9993875233289428
PH0924-C	0.999629726129812
PH0925-C	0.9981615887299246
PH0926-C	0.9970256302220049
PH0927-C	0.9971169756608438
PH0928-C	0.9993261081073964
PH0929-C	0.9998882929575146
PH0930-Cx	0.9910688707642706
PH0931-C	0.9978879300612074
PH0932-C	0.987549110827281
PH0933-C	0.9995698150611492
PH0935-C	0.9229066107629508
PH0936-C	0.9978625218195024
PH0937-C	0.9949150386975864
PH0938-C	0.6207141759982819
PH0939-C	0.99811706943419
PH0940-Cx	0.7901818955076194
PH0941-C	0.6899271037746251
PH0942-Cx	0.999695264078398
PH0945-C	0.9987460778644978
PH0952-CW	0.9959857612753884
PH0959-Cx	0.9953923608187698
PH0961-Cx	0.9980006254408345
PH0962-C	0.9959275710327166
PH0964-Cx	0.9969130156166994
PH0966-Cx	0.9942051710754448
PH0968-C	0.9960742853743112
PH0970-C	0.9961462460709888
PH0971-C	0.99888470854234
PH0973-C	0.7615381133558966
PH0974-Cx	0.753735223080113
PH0976-C	0.979830735464643
PH0979-C	0.9974567997867644
PH0980-C	0.9972059883950976
PH0981-C	0.9976956675560372
PH0982-C	0.9962218558282474
PH0983-C	0.999601131382728
PH0984-C	0.998043368966966
PH0985-C	0.9957510616848916
PH0986-C	0.999077945254825
PH0987-C	0.9978486395124564
PH0991-C	0.998432222744855
PH0994-C	0.9971411949942788
PH0996-C	0.9972986227526542
PH0997-C	0.9968675761834254
PH0999-C	0.9938647566723612
PH1000-C	0.9994388988935972
PH1001-C	0.9990861795893236
PH1002-C	0.998479271462178
PH1003-C	0.992622005693614
PH1007-C	0.8646021784539697
PH1015-C	0.9965127614809968
PH1023-C	0.9805265150560404
PH1025-C	0.9956877452119264
PH1027-C	0.9985649020777276
PH1032-C	0.9990433217277824
PH1037-C	0.9988363182702892
PH1043-C	0.999446715652144
PH1045-C	0.9993402257232068
PH1051-C	0.9978343357562376
PH1058-C	0.9977026303826628
PH1065-C	0.9702183410034736
PH1068-C	0.9982237171559616
PH1069-C	0.7769383906914452
PH1071-C	0.996225136495065
PH1073-C	0.9984228108119518
PH1085-C	0.9990737168890894
PH1086-C	0.996230920606306
PH1087-C	0.4244422196782225
PH1088-C	0.7315541426856362
PH1089-C	0.7355352984375365
PH1092-C	0.9970145216409833
PH1097-C	0.9995009067536424
PH1105-C	0.614511205063404
PH1106-C	0.9987236919377692
PH1136-C	0.9930914604327664
PH1137-C	0.968420248541577
PH1138-C	0.9943794787389528
PH1145-C	0.8928144720479547
PH1147-C	0.997714694359406
PH1148-C	0.9991412401303928
PH1150-C	0.9995339919131044
PH1152-C	0.9964280083573028
PH1153-C	0.997996679789832
PH1155-C	0.9997705711387966
PH1158-C	0.9991729200411044
PH1159-C	0.9982303084819388
PH1160-C	0.9970595002712316
PH1162-C	0.9969922804693294
PH1163-C	0.9988031083513184
PH1164-C	0.9978541571114906
PH1165-C	0.9985559975588832
PH1168-C	0.9957457677119578
PH1169-C	0.9971873851542912
PH1170-C	0.9975341478726042
PH1172-C	0.997642076622266
PH1173-C	0.9946110858176228
PH1175-C	0.9944814582822552
PH1183-C	0.9943868743239966
PH1186-C	0.994190711331045
PH1187-C	0.9963195879693488
PH1188-C	0.99778217243767
PH1189-C	0.9941120337973824
PH1190-C	0.9965128552690704
PH1191-C	0.6459450990508647
PH1192-C	0.9946573300276712
PH1195-C	0.9996695322117338
PH1197-C	0.9842251122995052
PH1198-C	0.9978234434196488
PH1200-C	0.9993467909944624
PH1201-C	0.9962989786723342
PH1202-C	0.9939454333134388
PH1203-C	0.9937630848896964
PH1205-C	0.5827218126943541
PH1206-C	0.9954363569935896
PH1208-C	0.9934287707592648
PH1209-C	0.9973724841817002
PH1211-C	0.9999999993564443
PH1215-C	0.6727781122046972
PH1216-C	0.9932394154501758
PH1217-C	0.971390857937352
PH1218-C	0.9967047787693246
PH1220-C	0.990715184192973
PH1223-C	0.9967677537541773
PH1224-C	0.9963382206565152
PH1229-C	0.9921088866723976
PH1234-C	0.9948288008158735
PH1236-C	0.9971028489027394
PH1250-C	0.8067534693303641
PH1251-C	0.9958371736520653
PH1252-C	0.9969817397292724
PH1253-C	0.9977089120578956
PH1289-C	0.8422966688046091
PH1297-C	0.9993490145671106
PH1299-C	0.8795905827809709
PH1300-C	0.9995792358958008
PH1304-C	0.8316366516229403
PH1305-C	0.9348498932621468
PH1309-C	0.6811251081030263
PH1310-C	0.9987413201202594
PH1313-C	0.993694705965598
PH1316-C	0.8923602557778317
PH1317-C	0.999175905832587
PH1318-C	0.9956886966991514
PH1319-C	0.9992976728250216
PH1328-C	0.8840959179522384
PH1336-C	0.9939089600222414
PH1337-C	0.9963275026375809
PH1338-C	0.9941588911162116
PH1339-C	0.9963267667313024
PH1341-C	0.915484535158574
PH1343-C	0.9726943746043688
PH1351-C	0.9537579101355964
PH1354-C	0.9949901774839084
PH1355-C	0.9932838843785934
PH1357-C	0.99693754891496
PH1358-C	0.9962994588624232
PH1360-C	0.9944194599649012
PH1368-C	0.9942429112472236
PH1373-C	0.9958249557974966
PH1377-C	0.9938724059995916
PH1378-C	0.9970954412969107
PH1379-C	0.9965168269609586
PH1384-C	0.993193838590851
PH1387-C	0.9933798997532164
PH1390-C	0.993924483023094
PH1391-C	0.9958377557428688
PH1393-C	0.9943695196125212
PH1394-C	0.9949716863170706
PH1395-C	0.9973398385303408
PH1396-C	0.9965951861578068
PH1397-C	0.996607953239876
PH1398-C	0.996570774536626
PH1399-C	0.9964782098009372
PH1402-C	0.999827350818813
PH1407-C	0.9171539140861896
PH1411-C	0.9964056028354732
PH1419-C	0.9744765493735064
PH1422-C	0.8266383506933119
PH1439-C	0.9963733094059594
PH1443-C	0.9958082509175268
PH1449-C	0.7843163197717951
PH1453-C	0.9967231446810054
PH1454-C	0.9941078193336772
PH1477-C	0.992146423111181
PH1480-C	0.7985487812452043
PH1482-C	0.9935043186993466
PH1484-C	0.9889405223311338
PH1486-C	0.9942957936642504
PH1487-C	0.9909653904807056
PH1488-C	0.9962889065792564
PH1489-C	0.995832669485704
PH1490-C	0.996279773252871
PH1491-C	0.9717344845964084
PH1492-C	0.9974761481505124
PH1493-C	0.9873685580326153
PH1494-C	0.9934634122260668
PH1495-C	0.9313020430083756
PH1497-C	0.9938559277278872
PH1498-C	0.9965706868463302
PH1499-C	0.99661843537566
PH1500-C	0.9964101382482552
PH1501-C	0.9945872278527368
PH1502-C	0.8299559621587059
PH1504-C	0.9974719673490536
PH1506-C	0.9923193047384294
PH1519-C	0.992965571645326
PH1529-C	0.9714953288100968
PH1562-C	0.9505174292988884
PH1564-C	0.997155417984913
PH1565-C	0.9989572766909072
PH1566-C	0.9985334032534998
PH1567-C	0.7665816374687012
PH1568-C	0.8221354981594188
PH1570-C	0.9497391574682688
PH1571-C	0.9888185220730272
PH1575-C	0.9979444328574248
PH1577-C	0.9994829984219418
PH1578-C	0.9994882916889032
PH1580-C	0.6986955439956454
PH1587-C	0.9957573686324672
PH1589-C	0.9975872178469352
PH1594-C	0.7365631373892676
PH1596-C	0.9950803673889426
PH1597-C	0.9971750473331544
PH1602-C	0.6747131065328152
PH1604-C	0.9968421645182992
PH1611-C	0.9957962429838452
PH1614-C	0.9992664768303948
PH1615-C	0.9985846570344752
PH1616-C	0.9942474810039073
PH1622-C	0.764956602753231
PH1623-C	0.993142939938054
PH1624-C	0.8059445524748107
PH1626-C	0.9150183599841828
PH1628-C	0.6417201080461121
PH1630-C	0.9034157494403148
PH1634-C	0.996346476936712
PH1636-C	0.9977465530086586
PH1638-C	0.9969163071050868
PH1639-C	0.9998185510503076
PH1643-C	0.9999328939769974
PH1668-CW2	0.9937955709702112
PH1669-CW2	0.996634962054902
PH1670-CW2	0.8276654897170461
PH1671-CW2	0.996901904653169
PH1674-CW2	0.9623591264041944
PH1675-CW2	0.999548266837389
PH1676-CW2	0.865622073529455
PH1677-CW2	0.9212260586201204
PH1678-CW2	0.952536996510065
PH1679-CW2	0.9497103086486636
PH1692-CW	0.9970397382713022
PH1708-C	0.9930176921069171
PH1709-C	0.5009754153291246
PH1710-C	0.9043966328303856
PH1711-C	0.8822299401526421
PH1712-C	0.8743999263212949
PH1713-C	0.9956335689269116
PH1715-C	0.7288933431820581
PH1716-C	0.9958029641582834
PH1717-C	0.866768708932216
PH1718-C	0.9684736417744102
PH1719-C	0.9233867335739708
PH1720-C	0.9419011715675204
PH1721-C	0.9941975203511696
PH1723-C	0.994823929168835
PH1729-C	0.991670053583898
PH1730-C	0.9835259778601786
PH1731-C	0.9905862760649066
PH1732-C	0.993720317239055
PH1733-C	0.820659153486006
PH1734-C	0.6913625730826951
PH1735-C	0.6604699866007506
PH1737-C	0.9996819498178524
PH1738-C	0.5860643360512097
PH1741-C	0.9937322188302076
PH1742-C	0.9924237598698152
PH1743-C	0.9929505610280708
PH1744-C	0.7925647042165072
PH1745-C	0.9774321477631264
PH1746-C	0.7905077261067172
PH1747-C	0.9938878090777008
PH1748-C	0.9821561459059052
PH1749-C	0.9886633710410968
PH1750-C	0.9961503843683618
PH1752-C	0.9931460599084808
PH1753-C	0.6286179928171799
PH1754-C	0.7286741127577218
PH1756-C	0.9951788867792004
PH1759-C	0.9928846568470746
PH1760-C	0.744060363053771
PH1764-C	0.9906345437200328
PH1765-C	0.9965203620455904
PH1766-C	0.9127464721150202
PH1767-C	0.9883826403831788
PH1768-C	0.9956037867158052
PJ0129-Cx	0.9912667106392976
PJ0130-Cx	0.9981339351711288
PJ0133-C	0.9999999992481718
PJ0134-C	0.9964827266775554
PJ0135-Cx	0.9963304192131104
PJ0136-Cx	0.9985539756440012
PJ0137-Cx	0.8165361507644676
PJ0138-Cx	0.9999475822668568
PJ0140-C	0.6792173187879282
PJ0144-Cx	0.999138557084838
PJ0146-Cx	0.9997962422786032
PJ0152-Cx	0.62548860141953
PJ0156-C	0.7568290391256591
PJ0158-C	0.9987679459784644
PJ0160-C	0.9919737851754502
PJ0162-C	0.998847459251297
PJ0163-C	0.9998745377977462
PJ0164-C	0.9999727637406096
PJ0168-C	0.8859380739866667
PJ0170-C	0.9991929698622392
PJ0171-C	0.9975873452696624
PJ0172-C	0.998973265671215
PJ0173-C	0.9989001021690296
PJ0174-C	0.999795814847972
PJ0175-C	0.9842472198466514
PJ0176-C	0.8564243134609013
PJ0177-C	0.8843541453580115
PJ0178-C	0.9936505864862576
PJ0179-C	0.9153591405149722
PJ0180-C	0.8890715498022557
PJ0181-C	0.9590564344226996
PJ0183-C	0.9997657358413716
PJ0186-C	0.9976165506815462
PJ0189-C	0.9970644446645784
PJ0190-C	0.9950041074637148
PJ0192-C	0.5183073603996902
PJ0193-C	0.7771651437583349
PJ0194-C	0.9949941221005252
PJ0195-C	0.9901295261827032
PJ0196-C	0.9976405442914686
PJ0197-C	0.9995647433593022
PJ0198-C	0.9385339567931876
PJ0199-C	0.9984147320259882
PJ0200-C	0.9996385024420512
PJ0205-C	0.9937887433725646
PJ0206-C	0.9997885813736244
PJ0208-C	0.9996966090183932
PJ0209-C	0.8569292688175827
PJ0210-C	0.9749653881266424
PJ0222-C	0.9941852292209624
PJ0223-C	0.995050694089217
PJ0225-C	0.84771474342244
PJ0230-C	0.9945273944248038
PJ0233-C	0.9985459657999516
PJ0234-C	0.9988416479070352
PJ0237-C	0.5255865676741405
PJ0238-C	0.7160654823062262
PJ0239-C	0.9962730783774998
PJ0240-C	0.4766267900294888
PJ0241-C	0.9992817494432572
PJ0242-C	0.999506514059484
PJ0243-C	0.740488283721106
PJ0244-C	0.9426888604294584
PJ0245-C	0.9765491739294944
PJ0246-C	0.9439897521669408
PJ0247-C	0.9172819148472292
PJ0251-C	0.7121997164378
PJ0252-C	0.89352792869648
PJ0258-C	0.9972831312320743
PJ0259-C	0.9996547730642478
PJ0262-C	0.999688957752536
PJ0263-C	0.999505564354316
PJ0264-C	0.997937801720482
PJ0265-C	0.9964647750106777
PJ0266-C	0.9959073579084616
PJ0267-C	0.9959874490528602
PJ0268-C	0.9544159436158
PJ0269-C	0.9994248713891164
PJ0270-C	0.9752843285624812
PJ0271-C	0.9962971130307138
PJ0272-C	0.9981713363925658
PK0002-C	0.9033506547513058
PK0007-C	0.9965854631640748
PK0009-C	0.6170101701856885
PK0011-C	0.52750556087463
PK0012-C	0.4682724724419499
PK0017-C	0.9917394970301684
PK0018-C	0.6576182086538189
PK0019-C	0.7857230288670305
PK0020-C	0.7557393426679432
PK0021-C	0.7445743231775304
PK0023-C	0.7786768002395827
PK0025-C	0.5038807578772315
PK0026-C	0.4731299296466531
PK0027-C	0.9960849309939744
PK0028-C	0.999294175612048
PK0029-C	0.6201356041748443
PK0030-C	0.4139928823399242
PK0031-C	0.9971541931070064
PK0034-C	0.5421417773488858
PK0035-C	0.492866110627956
PK0036-C	0.5573901315487249
PK0037-C	0.7244173518207224
PK0038-C	0.8614363615849783
PK0040-C	0.8181773784854646
PK0041-C	0.3132483833531801
PK0042-C	0.9903075266918164
PK0043-C	0.6719800871361207
PK0044-C	0.9940343761664334
PK0045-C	0.9814277341776396
PK0046-C	0.5581502342352159
PK0047-C	0.54578635978515
PK0048-C	0.6254751157204389
PK0049-C	0.4321724605246924
PK0050-C	0.774627373419869
PK0051-C	0.8496747115159651
PK0052-C	0.9961435810705328
PK0053-C	0.557344142937911
PK0055-C	0.6801973167646893
PK0056-C	0.9944366989396106
PK0059-C	0.9789264440826688
PK0060-C	0.4837731718614072
PK0061-C	0.7440324583592068
PK0062-C	0.9272202160263544
PK0063-C	0.9974156555945608
PK0064-C	0.3595164335071228
PK0065-C	0.9927631490258718
PK0066-C	0.5168681777523356
PK0067-C	0.6403257260618773
PK0068-C	0.6056289332731521
PK0069-C	0.9976442035559584
PK0070-C	0.9935389280143988
PK0072-C	0.6856549839622997
PK0073-C	0.999818266037134
PK0074-C	0.8440512017288897
PK0075-C	0.9973873977793544
PK0076-C	0.6759150930532805
PM0001-C	0.7242937686544285
PM0002-C	0.6545365860926411
PM0003-C	0.8530348242312806
PM0004-C	0.983660356755194
PM0005-C	0.9974317644487763
PM0006-C	0.6153504900111435
PM0007-C	0.8621374981115922
PM0008-C	0.8532560484448448
PM0009-C	0.7971972160211471
PM0014-C	0.7294116764415375
PM0015-C	0.9999999996215824
PM0017-C	0.995793182704336
PM0020-C	0.9984265517108286
PM0021-C	0.9999999994226634
PM0022-C	0.9807934614521928
PM0023-C	0.9645044270294136
PM0026-C	0.8907562525891539
PM0033-C	0.995877543835122
PM0034-C	0.6578241027537384
PM0036-C	0.5911004618363647
PM0037-C	0.9951846553006732
PM0038-C	0.3700022797882338
PM0039-C	0.9165142794627562
PM0040-C	0.7726844351814044
PM0042-C	0.9978677075483612
PM0047-C	0.9956150249622864
PM0048-C	0.9998234513164224
PM0049-C	0.9930755534188468
PM0051-C	0.6038312825477521
PM0054-C	0.4365191118825926
PM0058-C	0.9637551915937156
PM0060-C	0.8956103077045066
PM0062-C	0.999055324140812
PM0063-C	0.9945018400041028
PM0064-C	0.8807270278622358
PM0068-C	0.9966849601858958
PM0071-C	0.993602956716705
PM0072-C	0.5455190318863474
PM0073-C	0.5150075709367886
PM0074-C	0.9970422044911326
PM0075-C	0.4347166307195503
PM0076-C	0.5987169932063572
PM0077-C	0.6365677224256798
PM0078-C	0.4805600657197622
PM0083-C	0.5260196115748548
PM0084-C	0.8162666450812531
PM0085-C	0.5440481435990148
PM0086-C	0.9973188862112036
PM0087-C	0.8891448322421647
PM0089-C	0.5270137934447492
PM0090-C	0.9985548044348806
PM0093-C	0.588627452257543
PM0094-C	0.2458303335316374
PM0096-C	0.994937147682052
PM0097-C	0.9965800095758915
PM0098-C	0.9928187318359294
PM0100-C	0.3279323826060994
PM0103-C	0.6607745061694588
PM0113-C	0.9982958748116176
PM0114-C	0.988019919868563
PM0115-C	0.998700183887227
PM0117-C	0.9933956791629166
PM0123-C	0.6079303055935004
PM0124-C	0.9990743356749282
PM0127-C	0.9900699127204436
PM0129-C	0.9862077787455668
PM0132-C	0.9985557045854894
PM0133-C	0.997377329629046
PM0134-C	0.5651427618962785
PM0136-C	0.9998182080411712
PM0138-C	0.6200543043719284
PM0139-C	0.4587585825796868
PM0142-C	0.9967120862502304
PM0144-C	0.5355480883373354
PM0145-C	0.9971011601792956
PM0146-C	0.9854280250639196
PM0147-C	0.7645845923569841
PM0151-C	0.501071445881828
PM0152-C	0.6432329593408899
PM0153-C	0.8833986917499556
PM0156-C	0.9963367182917666
PM0157-C	0.9974689308761576
PM0159-C	0.7756340054559095
PM0160-C	0.9992439415038455
PM0161-C	0.4804384745841751
PM0182-C	0.9952018648236204
PM0183-C	0.9938866774518677
PM0184-C	0.3863189964140677
PM0185-C	0.8246505361354564
PM0186-C	0.9659247326691598
PM0187-C	0.599528064884072
PM0188-C	0.99360364227905
PM0190-C	0.9924869488866436
PM0191-C	0.9962198894830324
PM0192-C	0.9705364150896952
PM0193-C	0.6664442189305174
PM0194-C	0.5667114883294335
PM0195-C	0.5972306707004351
PM0196-C	0.5420451946106235
PM0197-C	0.6099797572569894
PM0198-C	0.9999328637247114
PM0199-C	0.9989674359138604
PM0200-C	0.6958497458072951
PM0201-C	0.326255566398853
PM0202-C	0.9033798984213472
PM0203-C	0.9974032728079092
PM0204-C	0.992523726025922
PM0205-C	0.5216851164993936
PM0206-C	0.6482558842451325
PM0207-C	0.5991301918545805
PM0208-C	0.9069707162125424
PM0209-C	0.481201482088073
PM0211-C	0.6188585373194793
PM0212-C	0.998199434762122
PM0213-C	0.9910519996827898
PM0214-C	0.5415407651933372
PM0215-C	0.9306154832554
PM0216-C	0.9951941209797552
PM0217-C	0.8149256919368282
PM0218-C	0.9943147836467184
PM0219-C	0.5233441334374083
PM0220-C	0.9938288825967924
PM0221-C	0.6900173329070232
PM0222-C	0.9971244010651352
PM0223-C	0.6761013381583603
PM0224-C	0.993397529401282
PM0227-C	0.9974204959700818
PM0228-C	0.3675681600251883
PM0229-C	0.7462731981243436
PM0230-C	0.5490971889977451
PM0231-C	0.994666332631977
PM0232-C	0.6818886085239836
PM0233-C	0.9988440233086088
PM0234-C	0.9801368261530864
PM0235-C	0.9899843704696883
PM0236-C	0.9988503640144564
PM0237-C	0.7340271719429163
PM0238-C	0.9971491825474424
PM0240-C	0.9999999997006528
PM0241-C	0.3834780490321636
PM0242-C	0.9890944318889062
PM0243-C	0.7796180496275068
PM0244-C	0.969501282677418
PM0246-C	0.7588016631848713
PM0247-C	0.9989643699234232
PM0248-C	0.9991366607412516
PM0249-C	0.9927239537015952
PM0250-C	0.8584729919141282
PM0251-C	0.3261670959914288
PM0252-C	0.6309250861147258
PM0253-C	0.7646414694907975
PM0254-C	0.7268927926094982
PM0255-C	0.987374547665667
PM0256-C	0.9788016634853663
PM0257-C	0.999327795020938
PM0258-C	0.9956722010853571
PM0259-C	0.9999999999005492
PM0260-C	0.5284739788461752
PM0261-C	0.9982599649712712
PM0262-C	0.9911834058464422
PM0263-C	0.5743325217859836
PM0264-C	0.515222609917178
PM0265-C	0.9944134289276098
PM0266-C	0.9980152283311704
PM0267-C	0.9978310733448716
PM0268-C	0.3255693522549732
PM0269-C	0.998416721571966
PM0270-C	0.5856378461093515
PM0271-C	0.4912251308125865
PM0272-C	0.3721386991066526
PM0273-C	0.505817630768604
PM0274-C	0.9902907338531304
PM0275-C	0.4802739573907092
PM0276-C	0.9940019737968756
PM0277-C	0.7616148482179319
PM0278-C	0.9982791375952456
PM0279-C	0.9938861382717928
PM0280-C	0.4710034860019902
PM0281-C	0.998580726210636
PM0282-C	0.997423123005317
PM0283-C	0.7927589561817594
PM0290-C	0.8616345042679888
PM0291-C	0.6424510971897606
PM0293-C	0.9957336217067716
PM0295-C	0.7431052662763857
PM0296-C	0.560207470395442
PM0297-C	0.9916385788829968
PM0299-C	0.9930532867491372
PM0300-C	0.55785715429245
PM0301-C	0.8227719086263195
PM0302-C	0.992224438574253
PM0303-C	0.8843443409046168
PM0305-C	0.9926460662372876
PM0306-C	0.7022117474552101
PM0307-C	0.99786993267393
PM0308-C	0.4279814307915044
PM0309-C	0.989748657398144
PM0310-C	0.8353852620944131
PM0311-C	0.9954714314150116
PM0312-C	0.5415884736016942
PM0313-C	0.7957834459138565
PM0314-C	0.3788814225537872
PM0315-C	0.9905997743229924
PM0316-C	0.8018645563524825
PM0317-C	0.9893938978713004
PM0318-C	0.998750896866942
PM0319-C	0.9955100492343508
PM0320-C	0.9914171139833922
PM0321-C	0.9931493842866864
PM0322-C	0.8720480861674068
PM0323-C	0.9920051616965204
PM0324-C	0.9976027417402492
PM0325-C	0.9952520731484408
PM0326-C	0.6033366060499892
PM0327-C	0.9909389961835362
PM0328-C	0.9917683658793904
PM0331-C	0.9932274415939112
PM0332-C	0.7024801826844707
PM0333-C	0.9982320037250066
PM0334-C	0.4589137112739787
PM0335-C	0.99349616769541
PM0336-C	0.9468172136749822
PM0338-C	0.7891075576185984
PM0339-C	0.5795731304093036
PM0340-C	0.9995120663137956
PM0341-C	0.9975511457353344
PM0342-C	0.9955635159061498
PM0343-C	0.5377873481704153
PM0344-C	0.5202576571605628
PM0345-C	0.652916861781935
PM0346-C	0.9948129606391908
PM0347-C	0.3327708571196199
PM0349-C	0.8366134575017569
PM0350-C	0.9940214120237624
PM0351-C	0.6907213597126716
PM0352-C	0.7288452148653853
PM0355-C	0.5230602302838258
PM0356-C	0.6117039115200569
PM0357-C	0.9987330201937084
PM0358-C	0.996012177462916
PM0359-C	0.9953601234933154
PM0360-C	0.2797997265468854
PM0361-C	0.6928927840244825
PM0363-C	0.9954544940111972
PM0364-C	0.9893957173556028
PM0365-C	0.997988572155401
PM0366-C	0.5588256367325256
PM0367-C	0.9932747219522664
PM0368-C	0.997654784413263
PM0369-C	0.7344981488344406
PM0370-C	0.8804026827655375
PM0372-C	0.9925838043220536
PM0374-C	0.9972217671753492
PM0375-C	0.9996754997199336
PM0377-C	0.9978640626676178
PM0378-C	0.9936749087669678
PM0379-C	0.998486779278694
PM0380-C	0.3462977619648698
PM0381-C	0.9968397429314187
PM0382-C	0.9956369719430458
PM0383-C	0.5839110934611447
PM0384-C	0.5460062262794321
PM0385-C	0.9966661813019162
PM0386-C	0.5383186624148116
PM0387-C	0.6441231420138644
PM0390-C	0.5834915720781786
PM0391-C	0.5623497939675512
PM0392-C	0.9943673962304602
PM0393-C	0.9974809084040364
PM0394-C	0.5841843899234519
PM0395-C	0.9999999998626112
PM0396-C	0.4422408516694655
PM0397-C	0.9989637629845014
PM0398-C	0.9983722126527388
PM0399-C	0.6291207026519163
PM0400-C	0.998182536792312
PM0403-C	0.9981459425332936
PM0405-C	0.6419787163952202
PM0406-C	0.7842535994763001
PM0408-C	0.8637709886196885
PM0410-C	0.5052866295437398
PM0411-C	0.9933016881013128
PM0412-C	0.9949625133913412
PM0413-C	0.6562660125196207
PM0414-C	0.992357037580626
PM0415-C	0.998479491463774
PM0416-C	0.6995412922412128
PM0417-C	0.5912948892273358
PM0418-C	0.9946698401079764
PM0419-C	0.3224732618997347
PM0420-C	0.9960421584054332
PM0421-C	0.3463074902507624
PM0422-C	0.9983795063510712
PM0423-C	0.999915075425681
PM0424-C	0.9999999998293572
PM0425-C	0.9953663164163062
PM0426-C	0.9498068061112628
PM0427-C	0.7953765178270727
PM0428-C	0.9967376241501256
PM0429-C	0.9981822812455136
PM0432-C	0.9967324664495418
PM0433-C	0.6688277446922599
PM0434-C	0.6976363172797605
PM0435-C	0.9997617831809384
PM0436-C	0.7126160111540889
PM0437-C	0.9890390415601454
PM0438-C	0.9982232865492172
PM0440-C	0.996961279405608
PM0441-C	0.996676928700891
PM0442-C	0.9877709235559596
PM0444-C	0.89870608237434
PM0445-C	0.9957574816941815
PM0446-C	0.9983331076035408
PM0447-C	0.8556663681656093
PM0448-C	0.99705398533255
PM0449-C	0.6446126373642223
PM0451-C	0.8915895041930937
PM0452-C	0.998330324893664
PM0453-C	0.6655828284603555
PM0454-C	0.9973349533395302
PM0455-C	0.993424328930776
PM0456-C	0.9983230921418622
PM0457-C	0.7081652256888331
PM0458-C	0.998554916397336
PM0459-C	0.9994600360013648
PM0460-C	0.3276398089853174
PM0461-C	0.997556983883136
PM0463-C	0.9976416137921964
PM0464-C	0.7764372743260046
PM0466-C	0.7215344747392134
PM0467-C	0.9980819834366158
PM0468-C	0.9979401108820036
PM0469-C	0.9966672022566656
PM0470-C	0.9920359582695496
PM0471-C	0.7374942860479758
PM0472-C	0.9921705155847538
PM0473-C	0.940775065192964
PM0475-C	0.4907917088530796
PM0476-C	0.9965459611943648
PM0478-C	0.9999999998069656
PM0479-Cx	0.9932552641129953
PM0480-C	0.9985581007753735
PM0481-C	0.998541478979301
PM0482-C	0.8964309197582464
PM0483-C	0.8090995291838698
PM0484-C	0.7342369005235021
PM0485-C	0.9979036796387748
PM0486-C	0.6746809724593859
PM0487-C	0.9968879823123584
PM0488-C	0.6406769772090416
PM0489-C	0.7348186560899604
PM0490-C	0.9980380031330912
PM0491-C	0.9593453067092788
PM0492-C	0.9919583107758424
PM0493-C	0.9938211634198014
PM0494-C	0.9988341188926916
PM0495-C	0.9986948325038756
PM0496-C	0.9794648685901765
PM0497-C	0.9947413642959309
PM0498-C	0.9934864319149832
PM0499-C	0.7640562337952514
PM0500-C	0.912699059842123
PM0501-C	0.7427156133311441
PM0502-C	0.7317717549320852
PM0503-C	0.998144503936936
PM0504-C	0.9960484453982448
PM0505-C	0.9930202944475488
PM0506-C	0.6017813207056855
PM0510-C	0.9999999997481238
PM0511-C	0.8931128927384938
PM0512-C	0.9985532303309084
PM0513-C	0.9948030963399496
PM0514-C	0.6015943798401273
PM0517-C	0.3954921565478503
PM0518-C	0.9922398023677548
PM0519-CW	0.9940186587079294
PM0520-CW	0.9911530782206882
PM0521-CW	0.6255191492753104
PM0522-CW	0.9901937669351788
PM0523-CW	0.8381226858216865
PM0524-CW	0.9922894375974692
PM0525-CW	0.9870321368193616
PM0526-CW	0.8849164560245479
PM0527-CW	0.6097822522137739
PM0528-CW	0.9910842753086592
PM0529-C	0.997195489438866
PM0530-CW	0.9994716176477207
PM0531-CW	0.9897060747648389
PM0532-CW	0.9919445914345044
PM0533-CW	0.9979080593496288
PM0534-CW	0.9942515653584848
PM0535-C	0.9983420474064456
PM0536-CW	0.9565540353965124
PM0537-CW	0.9948287709299016
PM0538-CW	0.9960372633179104
PM0539-CW	0.9926703060771704
PM0540-CW	0.9973680395569614
PM0541-CW	0.9967272492065602
PM0542-CW	0.6243845272583873
PM0543-CW	0.6380089457378193
PM0544-C	0.9977379884396612
PM0545-CW	0.9976971459597264
PM0546-CW	0.9918721898003052
PM0547-CW	0.9965333210548828
PM0548-CW	0.7906507627569304
PM0549-CW	0.992675384412484
PM0550-CW	0.9926651895619756
PM0551-CW	0.993551911779132
PM0552-CW	0.4829025870750709
PM0554-CW	0.9942196543027524
PM0555-CW	0.9952811264608094
PM0556-CW	0.9828093058155272
PM0557-CW	0.9935321834813644
PM0558-CW	0.9937993339697704
PM0559-CW	0.9997333984278736
PM0560-CW	0.9973646469307224
PM0561-CW	0.9943104622673596
PM0562-CW	0.9775177078353112
PM0563-CW	0.9031474175363474
PM0564-CW	0.9979266470274546
PM0565-C	0.962886525369603
PM0566-C	0.9928206854600328
PM0567-C	0.9989636601518253
PM0568-C	0.8202890829660163
PM0569-C	0.9999999996447922
PM0570-C	0.9983844613517704
PM0571-C	0.9981902120943338
PM0572-C	0.8155277825171269
PM0573-C	0.9959665058712605
PM0574-C	0.999999999715318
PM0575-C	0.6388339702251686
PM0576-C	0.8341973989084801
PM0577-C	0.5072408731088107
PM0578-C	0.8911033775141624
PM0579-C	0.9583763195844642
PM0580-C	0.9880635109854792
PM0581-C	0.7480623385740979
PM0582-C	0.9970942437515214
PM0583-C	0.998338885653405
PM0584-C	0.6893030389187144
PM0585-C	0.9944958178657268
PM0586-C	0.998835096792897
PM0587-C	0.6693581659295705
PM0588-C	0.9999504095217808
PM0589-C	0.8328343477867703
PM0590-C	0.9955335131171804
PM0591-C	0.8384745679443445
PM0592-C	0.9994008801977464
PM0593-C	0.997556361484985
PM0594-C	0.9996121824858332
PM0595-C	0.9940405175958454
PM0596-C	0.5452803140130127
PM0597-C	0.8254052046893012
PM0598-C	0.9096057591811176
PM0599-C	0.4979746965537315
PM0600-C	0.9999564164632518
PM0601-C	0.9943054400771364
PM0602-C	0.998415067156705
PM0603-C	0.9893530702536172
PM0604-C	0.996417228213157
PM0605-C	0.9972675589211996
PM0606-C	0.9931471505305838
PM0607-C	0.9372903646092314
PM0608-C	0.6133781457202991
PM0609-C	0.997615824152532
PM0610-C	0.995169397812707
PM0611-C	0.9891215151893632
PM0612-C	0.9905418452397152
PM0613-C	0.991236511861892
PM0695-CW	0.9823373420865584
PM0696-CW	0.9984993025270708
PM0700-CW	0.4522227493418268
PM0704-CW	0.9885524296389284
PM0705-CW	0.9870600283807064
PM0711-CW	0.6332515815157032
PM0713-CW	0.9965121847604244
PM0714-CW	0.9867656079238656
PM0716-CW	0.9086286605614028
PM0718-CW	0.9942148465851524
PM0719-CW	0.9981706357505395
PM0723-CW	0.6511539656672547
PM0724-CW	0.9530527864727304
PM0725-CW	0.995880147710923
PM0727-CW	0.7339359050369155
PM0733-CW	0.8637556649193507
PM0735-CW	0.9123166110813228
PM0738-CW	0.980122045251029
PM0739-CW	0.9995343196983812
PM0743-CW	0.787268928865763
PM0744-CW	0.9947364732687588
PM0745-CW	0.4296421962763619
PM0746-CW	0.740243445431537
PM0748-CW	0.7432497618530152
PM0752-CW	0.8608661566408258
PM0753-CW	0.786201746563641
PM0755-CW	0.91391256828571
PM0758-CW	0.6224512925061564
PM0759-CW	0.3894567773520678
PM0763-CW	0.925361540697355
PM0765-CW	0.7814785136318125
PM0766-CW	0.9063570248712204
PM0769-CW	0.975875561489017
PM0772-CW	0.9894521695532096
PM0774-CW	0.813886830881712
PM0775-CW	0.995375340459588
PM0776-CW	0.9950485650968708
PM0777-CW	0.9978478235621052
PM0782-CW	0.9733678427171352
PM0784-CW	0.642033087865932
PM0788-CW	0.989008745359538
PM0791-CW	0.9961830305653424
PM0793-CW	0.9163538700469002
PM0794-CW	0.9894790432440056
PM0801-CW	0.8584199860163078
PM0802-CW	0.9885143289056488
PM0803-CW	0.5775399751966288
PM0804-C	0.9817648772608092
PM0805-C	0.997784697378402
PM0806-C	0.4632390561608881
PM0807-C	0.551685588935938
PM0808-C	0.9947983398134704
PM0809-C	0.3513692128312556
PM0810-C	0.4745888208101536
PM0811-C	0.9882116935642584
PN0003-C	0.9852260876032624
PN0004-C	0.9957465393081946
PN0005-C	0.9999526135367937
PN0006-C	0.9989818739695988
PN0007-C	0.9980722508733868
PN0008-C	0.5745156971222605
PN0010-C	0.9992555094756826
PN0011-C	0.9991983960243844
PN0012-C	0.9287639409631022
PN0013-C	0.9998630496767534
PN0014-C	0.9989558961543163
PN0015-C	0.9952144542877496
PN0019-C	0.9868792671858538
PN0020-C	0.999848863375061
PN0022-C	0.9951540928711524
PN0023-C	0.9991270725513116
PN0025-C	0.9964827520894688
PN0031-C	0.9952760872161036
PN0032-C	0.9644762957509484
PN0037-C	0.99840867648219
PN0040-C	0.8528975695294754
PN0041-C	0.9972710775005892
PN0042-C	0.9950395518872855
PN0043-C	0.9879577549302104
PN0044-C	0.9993426052047706
PN0054-C	0.7728770472974291
PN0055-Cx	0.99578040575443
PN0056-C	0.9970597472081268
PN0057-C	0.9994181666973352
PN0058-Cx	0.9963888247891654
PN0059-C	0.998884550880186
PN0063-C	0.995598361527603
PN0073-C	0.9995904866061186
PN0074-C	0.9987524900980554
PN0075-C	0.7697098170971057
PN0077-C	0.8839542917065568
PN0078-C	0.998815631552007
PN0079-C	0.998790162538419
PN0082-C	0.9941182075303034
PN0083-C	0.9008070326272748
PN0084-C	0.9993717791681052
PN0085-C	0.9948767523424232
PN0086-C	0.999401588743474
PN0087-C	0.9995161969985435
PN0090-C	0.9964511857353024
PN0097-C	0.9999556914230509
PN0098-C	0.9994374959537956
PN0099-C	0.9994686551469112
PN0101-C	0.9963226039434576
PN0102-C	0.9972997333170108
PN0103-C	0.9971912045984378
PN0104-C	0.9995163504710464
PN0105-C	0.9937715678931316
PN0107-C	0.9948774498822064
PN0108-C	0.9969826253932632
PN0109-C	0.8732449858267204
PN0110-C	0.999618300698618
PN0111-C	0.9981894694420682
PN0112-C	0.8229960460497284
PN0113-C	0.9991513305124494
PN0114-C	0.9999999998803504
PN0115-C	0.9991542918420758
PN0116-C	0.99838755445277
PN0117-C	0.5548037267396964
PN0118-C	0.7142832590478393
PN0119-C	0.6868515697757864
PN0120-C	0.998027813143462
PN0121-C	0.9963296520227216
PN0122-C	0.9989312922076996
PN0124-C	0.9994214243146292
PN0125-C	0.998887678594158
PN0126-C	0.9939481277804102
PN0127-C	0.9963979667852124
PN0128-C	0.8279803544061021
PN0129-C	0.9955193477487354
PN0130-C	0.9966370753920044
PN0131-C	0.760141841130457
PN0133-C	0.9552421670305388
PN0134-C	0.9992711031176208
PN0135-C	0.998780983355682
PN0138-C	0.9988375515175304
PN0140-C	0.9971830533191038
PN0141-C	0.9971825474458592
PN0142-C	0.8988915275233686
PN0143-C	0.9970900938296164
PN0145-C	0.9988751588785832
PN0149-C	0.9983767136257669
PN0150-C	0.9447024279443986
PN0151-C	0.9993935241221688
PN0153-C	0.9990052727007416
PN0154-C	0.8574868298269379
PN0155-C	0.996329044247875
PN0156-C	0.9995939195272788
PN0159-C	0.995032317934136
PN0161-C	0.9964763091417996
PN0162-C	0.9137571999253032
PN0164-C	0.9985499574148085
PN0165-C	0.7082784406834914
PN0166-C	0.9987506325398334
PN0168-C	0.9968572061811204
PN0169-C	0.995475097608594
PN0170-C	0.9951038932499046
PN0171-C	0.9949099281542958
PN0172-C	0.9937437660350942
PN0173-C	0.999552620639703
PN0176-C	0.9951230894929564
PN0177-C	0.9973819001742368
PN0178-C	0.9999832712995056
PN0179-C	0.9949469857524508
PN0180-C	0.9884020029947628
PN0181-C	0.9894242547869732
PN0182-C	0.995092191440313
PN0184-C	0.9994164831717348
PN0185-C	0.990613952321182
PN0186-C	0.996998147912176
PN0187-C	0.993744129446004
PN0190-C	0.9952089013640736
PN0191-C	0.9950635453140524
PN0192-C	0.9991170832694832
PP0002-C	0.9966084322163932
PP0004-C	0.9982103960940232
PP0005-C	0.9988793199766146
PP0010-C	0.999325227829614
PP0011-C	0.9999999999700264
PP0012-C	0.9998757144038491
PP0013-C	0.9983967375352716
PP0014-C	0.99977316837126
PP0015-C	0.999453166547239
PP0016-C	0.9997744615742972
PP0017-C	0.9981831421865602
PP0019-C	0.9984404623077162
PP0020-C	0.9984683882876996
PP0021-C	0.9983421426084867
PP0023-C	0.9984460501463568
PP0024-C	0.998354241070756
PP0025-C	0.9984559659016926
PP0026-C	0.998581401062212
PP0027-C	0.9998763592000394
PP0028-C	0.9983838475209555
PP0029-C	0.9982872445578768
PR0001-CW	0.9951920885579664
PR0002-CW	0.9977080264135192
PR0003-CW	0.9977169051058762
PR0004-CW	0.6489541677362028
PR0005-CW	0.9943477876508352
PR0006-CW	0.994561191260128
PR0007-CW	0.9950341347456728
PR0008-CW	0.99712176320275
PR0009-CW	0.4143711830660599
PR0010-C	0.5724885591201988
PR0012-C	0.9965218578818952
PR0013-C	0.840093130390017
PR0014-CW	0.75486563436467
PR0015-C	0.5693217724430374
PR0016-C	0.9969934559166608
PR0017-C	0.8792581036457267
PR0018-C	0.752516558230906
PR0019-C	0.9990130507068692
PR0020-C	0.8610667996267949
PR0022-CW	0.8546645670020806
PR0024-CW	0.8919400116857669
PR0032-C	0.9975172347877173
PR0033-C	0.6816194005394003
PR0039-C	0.8506425550023692
PR0040-CW	0.8269785895107312
PR0042-C	0.9994289319806456
PR0043-C	0.9933776577081708
PR0044-C	0.9963391596111464
PR0045-C	0.9148524897671516
PR0114-C	0.9964398558814276
PR0115-C	0.9800453634632202
PR0116-C	0.6743675360005956
PR0117-C	0.979657950831984
PR0118-C	0.9989887711829768
PR0119-C	0.6739584079053349
PR0120-C	0.9950093612749896
PR0121-C	0.9041483436317844
PR0122-C	0.8852591247548313
PR0123-C	0.9919372955961248
PR0124-C	0.6830008627746307
PR0125-C	0.893075244423649
PR0126-C	0.993520141730764
PR0127-C	0.7477147900494987
PR0128-C	0.9974939089392094
PR0129-C	0.8877318043305078
PR0130-C	0.993518479056353
PR0131-C	0.9979791912802402
PR0132-C	0.99786326610141
PR0133-C	0.7132293696162771
PR0134-C	0.5931560873377677
PR0135-C	0.7450526298761467
PR0136-C	0.8982724175284224
PR0137-C	0.8005840341798418
PR0138-C	0.8765979879678291
PR0141-C	0.99584358462565
PR0142-C	0.586622029479871
PR0143-C	0.5412903661128445
PR0144-C	0.8101399395589772
PR0145-C	0.9953931361934416
PR0146-C	0.6312874637304011
PR0147-C	0.5071694497094543
PR0148-C	0.9012481894728562
PR0149-C	0.8541413930552778
PR0150-C	0.7191784177945224
PR0151-C	0.6242782324068896
PR0153-C	0.8840531911243523
PR0154-C	0.996338656322851
PR0155-C	0.9946675875216772
PR0156-C	0.979037951935464
PR0157-C	0.9966725203867524
PR0158-C	0.9977212100337832
PR0159-C	0.99746013877974
PR0160-C	0.9961574136267224
PR0162-C	0.7458290858581326
PR0163-C	0.9970874395752494
PR0164-C	0.993371874252358
PR0165-C	0.900852116771564
PR0166-C	0.9459595860463866
PR0262-C	0.9988093535370824
PR0263-C	0.9946935553107892
PR0264-C	0.7442759382744515
PR0265-C	0.9654423435892928
PR0266-C	0.6281572706924804
PR0267-C	0.6079947160764054
PR0268-C	0.9975206790320308
PR0270-C	0.9968995508093712
PR0271-C	0.9076175081696776
PR0272-C	0.9687452553953212
PR0273-C	0.9974562980987608
PR0274-C	0.9985941526470048
PR0275-C	0.9993749156199996
PR0276-C	0.8606973364270242
PR0277-C	0.9947567595516152
PR0278-C	0.9946328727117963
PR0279-C	0.9976624272011244
PR0280-C	0.9961815469444932
PR0281-C	0.9926968082117444
PR0282-C	0.4745067535054416
PR0283-C	0.995898475237302
PR0284-C	0.9972197018736728
PR0285-C	0.6518689526096595
PR0286-C	0.9970099076335592
PR0287-C	0.8404866037371335
PR0288-C	0.5042336602088999
PR0289-C	0.9051634431376852
PR0290-C	0.7164179303319129
PR0291-C	0.7303188970972389
PR0292-C	0.9970077999678502
PT0001-CW	0.5536233969215676
PT0002-CW	0.9939976368084952
PT0003-CW	0.5064663697990535
PT0004-CW	0.5690188633415264
PT0005-CW	0.9180358681751922
PT0006-CW	0.8300334378538896
PT0007-CW	0.9977606453074016
PT0008-CW	0.9777495059911512
PT0009-CW	0.9979863850980452
PT0010-CW	0.6690320672183439
PT0013-CW	0.4841967746957368
PT0014-CW	0.9947376463664124
PT0015-CW	0.6851365202215635
PT0016-CW	0.4792997144857168
PT0017-CW	0.6813976231560941
PT0018-CW	0.9953883252497284
PT0020-CW	0.987716322848928
PT0021-CW	0.9790715738709058
PT0023-CW	0.9951298193102236
PT0027-C	0.9982869285344156
PT0029-C	0.4979439306990606
PT0031-C	0.99999999945202
PT0032-C	0.9941684932048988
PT0034-C	0.9948199792182526
PT0035-C	0.9996644031555566
PT0038-C	0.5009460071093057
PT0039-C	0.8906706994312762
PT0040-C	0.9989865846580605
PT0041-C	0.999835138655278
PT0042-C	0.996216317960551
PT0043-C	0.6602873478876394
PT0044-C	0.6864262179537162
PT0046-C	0.4670262683080177
PT0047-C	0.7034230325220907
PT0048-C	0.9960576151443998
PT0051-C	0.2534478442236334
PT0052-C	0.9979510755614632
PT0053-C	0.5580358663297517
PT0054-C	0.4175672521619765
PT0055-C	0.6492055740551697
PT0056-C	0.9275072369009462
PT0057-C	0.5771961801144428
PT0058-C	0.9942091291913842
PT0059-C	0.9208171354817332
PT0060-C	0.9987850926120728
PT0061-C	0.5082579693635131
PT0062-C	0.2438892072708582
PT0063-C	0.9966138984247594
PT0064-C	0.828514807192109
PT0065-C	0.2893844544155085
PT0066-C	0.9974277036548936
PT0067-C	0.5054398887541103
PT0068-C	0.9865438720829908
PT0069-C	0.5445604751721582
PT0070-C	0.9410113706256708
PT0071-C	0.9421810357782732
PT0072-C	0.6377919165046848
PT0073-C	0.944917678247132
PT0074-C	0.6428581660738444
PT0075-C	0.3821230033700349
PT0076-C	0.7075289965181712
PT0077-Cx	0.5076404015967712
PT0078-Cx	0.7033700828381062
PT0079-C	0.999311316724083
PT0080-C	0.9986145678173078
PT0081-C	0.1978917501547027
PT0082-C	0.3665611851476554
PT0083-C	0.7497897700700726
PT0084-C	0.9998539395565536
PT0085-C	0.6323149087774718
PT0086-C	0.9997186022928104
PT0087-C	0.7548814754242288
PT0088-C	0.9962100130312804
PT0089-C	0.5316815607526868
PT0090-C	0.8945123214697931
PT0091-C	0.9024044794647288
PT0094-C	0.656981683068931
PT0095-C	0.9955782958610172
PT0096-C	0.7000067772381762
PT0097-C	0.6202124213304037
PT0098-C	0.9968981376231484
PT0099-C	0.4901052309875626
PT0100-C	0.5515625286342483
PT0101-C	0.9957464497296096
PT0102-C	0.8726495080157577
PT0103-C	0.60073940057834
PT0104-C	0.7886664588277119
PT0105-C	0.9695010990772156
PT0106-C	0.9995643635619044
PT0107-C	0.7044891877429493
PT0108-C	0.7195291155029444
PT0109-C	0.9944944292009232
PT0111-C	0.6369112421301928
PT0112-C	0.3308049772115371
PT0113-C	0.3014365946504569
PT0114-C	0.9473419525808456
PT0115-C	0.6300789018819026
PT0117-C	0.7661879819962883
PT0118-C	0.9804842094205356
PT0119-C	0.7470048916176779
PT0120-C	0.999937852098752
PT0121-C	0.6417544529894605
PT0122-C	0.5901132009581722
PT0123-C	0.4869983216580581
PT0124-C	0.755344238093187
PT0125-C	0.5229342318525707
PT0126-C	0.9942985130003248
PT0127-C	0.5927580134889898
PT0129-C	0.9969434497939004
PT0130-C	0.7827198144549827
PT0131-C	0.9989838826331928
PT0132-C	0.3031001420372338
PT0133-C	0.9959830865863424
PT0134-C	0.999566857138794
PT0135-C	0.9974833047754124
PT0136-C	0.6305833863836043
PT0137-C	0.9978099004890132
PT0139-C	0.5695237573596605
PT0140-C	0.3148228106296152
PT0141-C	0.9133927394208076
PT0142-C	0.5114911344484723
PT0143-C	0.9338893079368762
PT0144-C	0.7639091374805458
PT0145-C	0.996510190147616
PT0146-C	0.9984353823884656
PT0147-C	0.7086611491660586
PT0148-C	0.2324710829328288
PT0149-C	0.9999814686527452
PT0150-C	0.4223170462754365
PT0152-C	0.4892984487770078
PT0155-C	0.6308730333419394
PT0156-C	0.9344357239485682
PT0157-C	0.8874190719408559
PT0158-C	0.999517806163964
PT0160-C	0.6269854110024633
PT0161-C	0.4612459757692702
PT0162-C	0.46228410863612
PT0165-C	0.9964490532493062
PT0166-C	0.9956578824158004
PT0167-C	0.6838177099169629
PT0168-C	0.9979298928168632
PT0169-C	0.9987432442621548
PT0170-C	0.999736651440169
PT0171-C	0.7505464320180611
PT0172-C	0.4313201629283328
PT0173-C	0.9787145209984685
PT0174-C	0.9994963912615388
PT0175-C	0.8676712694918289
PT0176-C	0.9990370871463636
PT0177-C	0.9995692268418968
PT0178-C	0.986184275347683
PT0179-C	0.2707255133041563
PT0180-C	0.58103883966774
PT0181-C	0.9996420174870708
PT0182-C	0.53668679051792
PT0183-C	0.9963300982711728
PT0184-C	0.9996156065991132
PT0187-C	0.9963232114936654
PT0188-C	0.8119261359603219
PT0189-C	0.9932097812673876
PT0190-C	0.1882275313010629
PT0191-C	0.4694789590915785
PT0192-C	0.8676303696425571
PT0193-C	0.2882015947740493
PT0194-C	0.5586557226654357
PT0195-C	0.9958912292038984
PT0196-C	0.905148050549861
PT0197-C	0.998372086199713
PT0198-C	0.7323295796000024
PT0199-C	0.9966894626057484
PT0200-C	0.9994790768932768
PT0201-C	0.605500905921668
PT0202-C	0.5441470759622784
PT0203-C	0.2828610235737037
PT0204-C	0.982706410994286
PT0205-C	0.3332662404243696
PT0206-C	0.9957700005430612
PT0207-C	0.6923204725315744
PT0208-C	0.6586370030032749
PT0209-C	0.6410629806163315
PT0210-C	0.4457920317476264
PT0211-C	0.5301865529917154
PT0212-C	0.5105488292326406
PT0213-C	0.993012183785752
PT0214-C	0.9999999998348948
PT0215-C	0.9999638791140592
PT0216-C	0.6513260821315213
PT0217-C	0.9886376470675506
PT0218-C	0.9983643704093894
PT0219-C	0.9932267541583376
PT0220-C	0.9984742828717148
PT0221-C	0.5997450513906037
PT0222-C	0.9998627490072616
PT0223-C	0.5871413193238215
PT0224-C	0.995091616327061
PT0225-C	0.9999838577077348
PT0226-C	0.99925541701432
PT0227-C	0.7485216097309394
PT0228-C	0.6407905189102764
PT0229-C	0.6732353985858048
PT0230-C	0.999943465490004
PT0231-C	0.1812919258147486
PT0232-C	0.7748060780316915
PT0233-Cx	0.561361790038085
PT0234-C	0.9966698297077232
PT0235-C	0.389346791103252
PT0236-C	0.3789002575723019
PT0237-C	0.7939852799745825
PT0238-C	0.8780404732813575
PT0239-C	0.9169247121095996
PT0240-C	0.9999999997053214
PT0241-C	0.6288186020586326
PT0242-C	0.9998177237353304
PT0243-C	0.506167026616529
PT0244-C	0.7062553091125714
PT0246-C	0.8657361854350067
PT0247-C	0.3620522075778466
PT0248-C	0.994545184337325
PT0249-C	0.680548284429029
PT0250-C	0.4093471108730331
PT0252-C	0.5228932237527928
PT0253-C	0.9906621257266786
PT0254-C	0.2293604148957412
PT0255-C	0.9999715772970826
PT0256-C	0.9971261379526668
PT0257-C	0.2941851821988912
PT0258-C	0.9986705423221888
PT0260-C	0.6411921537309868
PT0261-C	0.9679478147872316
PT0262-C	0.9993639151615088
PT0263-C	0.9964770994250666
PT0264-C	0.998203390520053
PT0266-C	0.5782709467372203
PT0269-C	0.9964886121342588
PT0270-C	0.9999999993564884
PT0271-C	0.79627388700347
PT0273-C	0.2892436506057696
PT0274-C	0.8246559248040655
PT0275-C	0.6006664352369493
PT0276-C	0.3484338099418423
PT0277-C	0.6243457917478321
PT0279-C	0.6223561515873034
PT0280-C	0.648242926571255
PT0281-C	0.9952720791752924
PT0282-C	0.4894099899415755
PT0283-C	0.8147885266407092
PT0285-C	0.4037380865230781
PT0286-C	0.9948610589673386
PT0287-C	0.965536131981242
PT0289-C	0.5738024021626451
PT0290-C	0.6735282382680166
PT0291-C	0.974615139193256
PT0292-C	0.904744967827938
PT0294-C	0.9930544763971833
PT0295-C	0.7223740064485034
PT0296-C	0.3355050642331731
PT0297-C	0.5931584054598263
PT0298-C	0.6439634916737382
PT0299-C	0.8136122644097099
PT0300-C	0.3158011111170655
PT0301-C	0.6524166605546878
PT0302-C	0.9968029688930056
PT0303-C	0.9966136948505588
PT0304-C	0.8245600172176678
PV0002-C	0.994595654891283
PV0004-C	0.997443773912192
PV0006-C	0.9968808715803904
PV0008-C	0.998883974711843
PV0014-C	0.998669002454432
PV0015-C	0.7046198214956643
PV0017-C	0.7957387890255994
PV0018-C	0.9993411363179634
PV0020-C	0.998664521445302
PV0023-C	0.7239356698807373
PV0028-C	0.9968095998850296
PV0030-C	0.7748541285397276
PV0031-C	0.9989601196986138
PV0035-C	0.9989065380847656
PV0037-C	0.9944005509029592
PV0039-C	0.9966700065111056
PV0040-C	0.8356887915805166
PV0041-C	0.9956560431475188
PV0046-C	0.9958265116455428
PV0048-C	0.9988125309246004
PV0080-C	0.99827107857843
PV0081-C	0.998174484507826
PV0082-C	0.9983521223529276
PV0083-C	0.9986283829259348
PV0084-C	0.9952163659540344
PV0085-C	0.9965840930105396
PV0086-C	0.6198841255878524
PV0087-C	0.700587741548051
PV0088-C	0.9968821948015244
PV0089-C	0.9951844678195628
PV0091-C	0.9969789126106656
PV0092-C	0.9956127288710316
PV0093-C	0.9890166914764102
PV0094-C	0.9955836502589032
PV0097-C	0.9994345005770716
PV0098-C	0.9977833279575516
PV0099-C	0.9977875336455084
PV0100-C	0.6257831441631136
PV0101-C	0.996609774808666
PV0102-C	0.9974600859888696
PV0105-C	0.9994135306785672
PV0109-C	0.7701116623607615
PV0110-C	0.846174836307966
PV0112-C	0.999466923498936
PV0113-C	0.7369225776614927
PV0114-C	0.9996175678655184
PV0115-C	0.9248308708869484
PV0116-C	0.9993973490113492
PV0117-C	0.9906959320685196
PV0118-C	0.9995290503208618
PV0120-C	0.9995998544181554
PV0122-C	0.9954484374026076
PV0124-C	0.999547746211326
PV0125-C	0.9984205950788464
PV0126-C	0.99991178382471
PV0127-C	0.8976352613944443
PV0128-C	0.998780857756731
PV0129-C	0.9813528266964712
PV0130-C	0.9982789565146304
PV0132-C	0.9987297254682966
PV0133-C	0.8631189906638053
PV0134-C	0.9974501016795758
PV0135-C	0.9994947092687064
PV0137-C	0.997566713642731
PV0138-C	0.917884100034032
PV0139-C	0.9998899150714686
PV0140-C	0.9986053529334064
PV0141-C	0.9991135714763146
PV0142-C	0.9974522757422798
PV0144-C	0.9970584831119176
PV0147-C	0.9987804252087628
PV0148-C	0.6305580161434519
PV0149-C	0.8467231731398535
PV0151-C	0.9982399690947
PV0152-C	0.7982559307562213
PV0153-C	0.991057476256798
PV0155-C	0.7298799320769955
PV0156-C	0.9571474141619154
PV0158-C	0.9987912722360514
PV0160-C	0.931134767619666
PV0161-C	0.9999641193776418
PV0167-C	0.6785921574324894
PV0169-C	0.9978400617006884
PV0170-C	0.9909303720921798
PV0174-C	0.579282942853294
PV0176-C	0.9520404285756616
PV0180-C	0.9957147585160488
PV0182-C	0.9965830979802353
PV0183-C	0.7080589501491568
PV0184-C	0.6386342396132019
PV0185-C	0.9979993383217866
PV0186-C	0.9968831485226484
PV0187-C	0.9986987925162016
PV0188-C	0.7270922333464206
PV0189-C	0.9996985467156548
PV0192-C	0.7838367318722619
PV0193-C	0.9986248367771382
PV0194-C	0.9964915580267542
PV0195-C	0.9989370628012256
PV0197-C	0.9965329415372096
PV0202-C	0.9959479019800854
PV0204-C	0.9470784175445184
PV0205-C	0.999850213773261
PV0206-C	0.9766281494897052
PV0209-C	0.8617750484908157
PV0210-C	0.8220177433565677
PV0211-C	0.998808375536832
PV0212-C	0.6877602855246798
PV0215-C	0.6240836640919034
PV0216-C	0.9982447085989844
PV0218-C	0.999075954358246
PV0219-C	0.9991199095055644
PV0220-C	0.9982872260863545
PV0221-C	0.9880190586833856
PV0222-C	0.9978019453836996
PV0223-C	0.9982899069782472
PV0224-C	0.7175023292907217
PV0225-C	0.53794845418525
PV0226-C	0.7975364569894139
PV0227-C	0.99843994195979
PV0228-C	0.9357627975085157
PV0229-C	0.8492585627546236
PV0230-C	0.99885573335443
PV0231-C	0.6088562030757831
PV0233-C	0.7006525793082747
PV0234-C	0.9991512616282464
PV0235-C	0.9977350312661089
PV0236-C	0.9723481104241674
PV0237-C	0.9991853168607128
PV0238-C	0.7513442525407537
PV0239-C	0.9990079994335956
PV0240-C	0.9960560606052026
PV0241-C	0.9991485932036964
PV0244-C	0.8807121785152803
PV0245-Cx2	0.9980194785853272
PV0246-C	0.9959519801264596
PV0247-Cx2	0.9959353295393728
PV0248-C	0.7191067715566005
PV0249-Cx	0.9990768257385376
PV0250-C	0.8343885063445862
PV0251-C	0.9984729991003568
PV0252-C	0.8034190861514028
PV0253-C	0.9964868522799142
PV0254-C	0.9967861846734511
PV0256-C	0.7909642641778413
PV0257-C	0.798119213420566
PV0258-C	0.9529005605139952
PV0259-C	0.9984332340388944
PV0261-C	0.9987736251212148
PV0262-C	0.9986260218404176
PV0263-C	0.8558807964105132
PV0264-C	0.7013250340501513
PV0265-C	0.9997224207142617
PV0266-C	0.9785949308376576
PV0267-C	0.9956905426866004
PV0268-C	0.546460023856805
PV0269-C	0.9998296051083232
PV0270-C	0.9968605605392924
PV0271-C	0.9493179585248056
PV0272-C	0.9988701942722632
PV0273-C	0.8875909770006958
PV0274-C	0.9988389765749764
PV0276-C	0.9085556745897372
PV0277-C	0.9990975543034608
PV0278-C	0.9918358787240806
PV0279-C	0.9993143128226802
PV0280-C	0.99919184259318
PV0281-C	0.8152552759768534
PV0282-C	0.9985447157602052
PV0283-C	0.9983892860192128
PV0284-C	0.9992108779568264
PV0285-C	0.9954574852888652
PV0286-C	0.9916851159089844
PV0288-C	0.9985948826885396
PV0289-C	0.9986755493944288
PV0290-C	0.9192301622172808
PV0291-C	0.922701127205818
PV0292-C	0.998118391452558
PV0293-C	0.62775653049861
PV0294-C	0.6339228471390286
PV0295-C	0.9569764380618796
PV0296-C	0.9991891145233815
PV0297-C	0.997228908493638
PV0298-C	0.9973914498353292
PV0299-C	0.9987574351282238
PV0300-C	0.9959007541498353
PV0301-C	0.9990324971870304
PV0302-C	0.9993237492480056
PV0303-C	0.9010116477160214
PV0304-C	0.9993205009601508
PV0305-C	0.9991641992398512
PV0306-C	0.9971523588499864
PV0308-Cx	0.9986598064994052
PV0309-C	0.9932684945581128
PV0310-C	0.9945392981474565
PV0311-C	0.9993467901632028
PV0312-C	0.9985963393140236
PV0313-C	0.998541184399583
PV0314-C	0.9998093602257744
PV0315-Cx	0.9999314641156593
PV0317-C	0.9967384561918984
PV0318-C	0.9984633745376418
PV0319-C	0.997909817979128
PV0320-C	0.997337906274663
PV0321-C	0.9929752482326376
PV0322-C	0.9980591371868354
PV0323-C	0.8518304079532351
PV0324-C	0.9986637089297392
PV0325-C	0.999122959911678
PV0326-C	0.9997002765875892
PV0328-C	0.9989639102791238
PV0329-C	0.9986802657589404
PV0330-C	0.9994583040094842
PV0331-Cx	0.9999999999064432
PV0333-C	0.9928890699431152
PV0335-C	0.9270213326854868
PV0336-C	0.9280124747259484
PV0337-C	0.6347276893536244
PV0338-C	0.7649265549341454
PV0339-C	0.9745798865655988
PV0340-C	0.9989088838137946
PV0343-C	0.999545701944308
PV0344-C	0.9980946628847231
PV0345-C	0.9993343175330672
PV0347-C	0.9963770557723725
PV0355-C	0.9986059665781843
PV0358-C	0.9256524370086162
PV0360-C	0.9961679159529666
PV0361-C	0.958098812513163
PV0362-C	0.9700804414226974
PV0363-C	0.9932204438237144
PV0364-C	0.9931786456136408
PV0365-C	0.9900086249523616
PV0366-C	0.9928256008649357
PV0367-C	0.6007882429227134
PV0368-C	0.9872766022957894
PV0369-C	0.9940207926800012
PV0370-C	0.962699465616918
PV0371-C	0.992715943017345
PV0372-C	0.9931209586578162
PV0373-C	0.9921183397333512
PV0374-C	0.5623492288142179
PV0375-C	0.9920754263806848
PV0376-C	0.9934349084026844
PV0377-C	0.9897201556108391
PV0378-C	0.9927692537772695
PV0379-C	0.99243304610168
PV0380-C	0.5551771881553821
PV0381-C	0.9932446891546232
PV0382-C	0.9973472560273215
PV0383-C	0.9966296703920596
PV0384-C	0.9924888007526388
PV0385-C	0.9888468005420556
PV0386-C	0.992853096460266
PV0387-C	0.9948183156974548
PV0388-C	0.9925831464965612
PV0389-C	0.9097601082752278
PV0393-C	0.991351148187868
PV0395-C	0.9606108460443198
PV0396-C	0.9908071993345084
PV0397-C	0.9892461327400665
PV0398-C	0.9947684673354076
PV0399-C	0.7469960469459445
PV0400-C	0.9938105358699152
PV0401-C	0.7921610811309927
PV0402-C	0.9899123187228724
PV0403-C	0.8415679056317664
PW0001-C	0.9964651154665548
PW0002-C	0.9970518600710452
PW0003-C	0.9969844382323304
PW0004-C	0.9985257455565542
PW0005-C	0.9973670323662974
PW0006-C	0.9989690634567214
PW0007-C	0.9969405074782248
PW0008-C	0.997710128422331
PW0009-C	0.9968379163867566
PW0010-CW	0.9971511331893216
PW0012-C	0.997773062578621
PW0013-C	0.9976171779796106
PW0014-C	0.9974331274852672
PW0015-C	0.9980626881669687
PW0016-C	0.997685120817434
PW0017-C	0.9977293065086468
PW0041-C	0.9317980793028516
PW0042-C	0.9064039497550656
PW0043-C	0.9988059185894476
PW0044-C	0.9989452935525392
PW0045-C	0.999262154096506
PW0046-C	0.9987363275195256
PW0047-C	0.9962472552965534
PW0048-C	0.9961443227959136
PW0049-C	0.9956081201306094
PW0050-C	0.8804265591382688
PW0052-C	0.9986723635365208
PW0053-C	0.9986809050143116
PW0054-C	0.998671360265627
PW0055-C	0.9987202954161768
PW0056-C	0.9988877735448758
PW0057-C	0.996659863606753
PW0058-C	0.9959376750369058
PW0059-C	0.9548407315762903
PW0060-C	0.9987715508165408
PW0061-C	0.7773777481904313
PW0063-C	0.99865767979237
PW0064-C	0.9990955311690634
PW0066-C	0.8899213013713996
PW0067-C	0.9963740402386208
PW0069-C	0.9962820265108396
PW0073-C	0.9966635784790098
PW0074-C	0.9963832029183596
PW0075-C	0.9961341548279452
PW0076-C	0.996222690995709
PW0077-C	0.9954861012888844
PW0078-C	0.8914029561081139
PW0079-C	0.995493385478408
PW0080-C	0.9940277670645216
PW0083-C	0.996476355121466
PW0084-C	0.9927038641605656
PW0085-C	0.9943479576529616
PW0086-C	0.9966333318025704
PW0087-C	0.9759420227801862
PW0088-C	0.9963027963456182
PW0089-C	0.99548541089446
PW0090-C	0.9035179670408984
PW0091-C	0.9958428904045408
PW0092-C	0.9964524413199742
PW0093-C	0.9836348505239942
PW0094-C	0.9645835524390296
PW0095-C	0.9130611477301028
PW0097-C	0.998251620188354
PW0098-C	0.9801214649950518
PW0099-C	0.975333527017938
PW0100-C	0.9916856410131208
PW0101-C	0.9965579730039404
PW0102-C	0.9600546013610854
PW0104-C	0.9915008302796914
PW0105-C	0.9967039283192244
PW0106-C	0.9954178414801624
PZ0001-CW	0.9761860173988132
PZ0002-CW	0.8672388794201839
PZ0003-CW	0.7311215590699236
PZ0004-CW	0.9646343316159672
PZ0005-C	0.6864717389930995
PZ0006-CW	0.8305087724829855
PZ0007-C	0.9980333166355428
PZ0008-CW	0.991837029684
PZ0010-CW	0.9945655275739024
PZ0015-C	0.9096853710086156
QC0111-C	0.9968600088784538
QC0112-C	0.9986942608073
QC0113-C	0.996627637918712
QC0114-C	0.9348497413660024
QC0115-C	0.9960914763995118
QC0116-C	0.7789593895260016
QC0118-C	0.9324779188778036
QC0119-C	0.9964021719275024
QC0120-C	0.9966757964411436
QC0121-C	0.9993739666744268
QC0122-C	0.9965167943813298
QC0123-C	0.9973979330998756
QC0125-C	0.8451359417615478
QC0126-C	0.997404578204139
QC0127-C	0.9698117820049732
QC0128-C	0.9967714317787216
QC0129-C	0.9973057591687536
QC0130-C	0.9898920543857176
QC0131-C	0.9951700898659452
QC0132-C	0.9978683180726056
QC0133-C	0.9979450940986814
QC0134-C	0.993167879469226
QC0135-C	0.9977652875628468
QC0136-C	0.9963468305182914
QC0137-C	0.996859099439627
QC0138-C	0.997181533678678
QC0139-C	0.9968582952115398
QC0140-C	0.970711407255226
QC0141-C	0.5475885564929842
QC0142-C	0.9025671855334028
QC0143-C	0.9966414874913088
QC0144-C	0.9968714939923938
QC0145-C	0.997408085949336
QC0146-C	0.9995797371885368
QC0147-C	0.9945237674942786
QC0148-C	0.998240166537512
QC0149-C	0.9862025154693744
QC0150-C	0.998571831365185
QC0151-C	0.9969127762709352
QC0152-C	0.9990977921389512
QC0153-C	0.9960796699002248
QC0154-C	0.9071559935822792
QC0155-C	0.9978078004495948
QC0156-C	0.99475101184305
QC0157-C	0.9995488876521638
QC0159-C	0.7005446924208982
QC0160-C	0.9964073777109744
QC0161-C	0.9961611799890304
QC0162-C	0.99752354573448
QC0163-C	0.9936584580103518
QC0164-C	0.9139699486590078
QC0165-C	0.9928123909998884
QC0166-C	0.9997948348004796
QC0167-C	0.5544610650843119
QC0168-C	0.9706579217537128
QC0169-C	0.9892448700639668
QC0170-C	0.99685206476541
QC0171-C	0.9984322399272094
QC0172-C	0.9961295822027206
QC0173-C	0.99453193516828
QC0174-C	0.5004252073587117
QC0175-C	0.9946192461629192
QC0176-C	0.9965017111627724
QC0177-C	0.9959305407623916
QC0178-C	0.997092095504061
QC0179-C	0.4354583388497373
QC0180-C	0.9955603136960036
QC0181-Cx	0.9993196450662388
QC0182-C	0.997003973959084
QC0184-C	0.9950868595455096
QC0185-C	0.9951910892446668
QC0186-C	0.8316309510124309
QC0187-C	0.9950039032299062
QC0188-C	0.9984719057669108
QC0189-C	0.9961016263258384
QC0193-C	0.9969265268081487
QC0194-C	0.9261463281106112
QC0195-C	0.9955893949921384
QC0196-C	0.9955425718566532
QC0198-C	0.9986835564023596
QC0199-C	0.5815579390741488
QC0200-C	0.8939811444947879
QC0201-C	0.9980881680860776
QC0204-C	0.9955566277986418
QC0205-C	0.9991674525016626
QC0206-C	0.998680100954632
QC0207-C	0.9946923513232192
QC0209-C	0.8422482095851601
QC0210-C	0.90809151465875
QC0211-C	0.99447721831984
QC0212-C	0.8272628288491248
QC0213-C	0.9954943038096205
QC0214-C	0.9965988932563552
QC0215-C	0.9969974235350196
QC0219-C	0.9968268059084904
QC0220-C	0.9978878521373418
QC0221-C	0.9959821364670092
QC0222-C	0.9982744948951634
QC0223-C	0.9948858282791646
QC0225-C	0.9993434819578242
QC0227-C	0.9999714710743584
QC0228-C	0.9999627256809642
QC0229-C	0.5378454228354266
QC0230-C	0.9778535655911582
QC0231-C	0.9988526090905332
QC0232-C	0.9960093750517448
QC0233-C	0.9957668350022696
QC0235-C	0.9970207161682838
QC0239-C	0.9998653644994626
QC0242-C	0.996978186511362
QC0243-C	0.9959295558430784
QC0244-C	0.9594858257783258
QC0245-C	0.9947783507223846
QC0246-C	0.9979961700451204
QC0248-C	0.9975548727975252
QC0250-C	0.9958353657568696
QC0251-C	0.9962068485840094
QC0253-C	0.6629083122127508
QC0254-C	0.996444807969494
QC0255-C	0.9964892770641466
QC0256-C	0.997370200418761
QC0257-C	0.9959249575398892
QC0258-C	0.9944917931137072
QC0259-C	0.9943924882392342
QC0260-C	0.9943889953468734
QC0261-C	0.99416614314566
QC0262-C	0.9943915473755852
QC0263-C	0.9943588902404688
QC0264-C	0.9942553442981092
QC0266-C	0.9941427147189504
QC0267-C	0.99608677329277
QC0268-C	0.994435430527216
QC0275-C	0.99558547826045
QC0276-C	0.997444964015152
QC0277-C	0.998101435012376
QC0278-C	0.9945807179550138
QC0279-C	0.9488022742867588
QC0281-C	0.9992510243353396
QC0282-C	0.99842050910465
QC0283-C	0.7418059376741551
QC0284-C	0.8997344749608749
QC0285-C	0.9998770226428804
QC0287-C	0.6035404887591167
QC0289-C	0.9078273689465196
QC0295-C	0.8032018074140724
QC0296-C	0.999302833682566
QC0297-C	0.9754789329205824
QC0298-C	0.996343734729691
QC0299-C	0.9947335127578544
QC0300-C	0.919585515069797
QC0301-C	0.7652276120182901
QC0302-C	0.9936523381768158
QC0303-C	0.9310035037490776
QC0305-C	0.8788967082837492
QC0306-C	0.998338186763826
QC0307-C	0.9996244137059324
QC0308-C	0.9968857497765868
QC0309-C	0.997234035484667
QC0311-C	0.5016652937026045
QC0313-C	0.9962230550655768
QC0314-C	0.9976160547043176
QC0318-C	0.9952122708171994
QC0319-C	0.9937756030374952
QC0320-C	0.9972402486129156
QC0321-C	0.9973328171628136
QC0322-C	0.839332043735783
QC0323-C	0.9972642679489097
QC0324-C	0.7385210494115508
QC0325-C	0.996453129433692
QC0326-C	0.9960539110799662
QC0327-C	0.99670912429015
QC0328-C	0.9999865767305852
QC0329-C	0.9990022291712228
QC0330-C	0.9965348952259208
QC0331-C	0.995691083743567
QC0332-C	0.9997953522316056
QC0333-C	0.9981994317139192
QC0334-C	0.9952714726469792
QC0335-C	0.7045213184240704
QC0336-C	0.9972234805279024
QC0337-C	0.5076892018861645
QC0338-C	0.872296196361446
QC0339-C	0.9953510589927436
QC0340-C	0.9975018446530148
QC0341-C	0.9953578930043449
QC0342-C	0.9999773963009856
QC0343-C	0.9954500843032518
QC0344-C	0.9953752666576876
QC0345-C	0.9972624396983948
QC0346-C	0.9973349291546508
QC0347-C	0.996246628717403
QC0348-C	0.997291044418504
QC0349-C	0.9970929411838452
QC0350-C	0.9962679606173734
QC0351-C	0.9999882278566706
QC0353-C	0.996109593358106
QC0354-C	0.9962290171319184
QC0357-C	0.9982911760936052
QC0358-C	0.9997533611082116
QC0359-C	0.9963614192219972
QC0362-C	0.996368544890176
QC0363-C	0.9959843820525416
QC0364-C	0.9969214119832694
QC0365-C	0.997886087804099
QC0366-C	0.9964179761120756
QC0367-C	0.999793321112914
QC0368-C	0.9954247403351524
QC0369-C	0.9974207798605146
QC0370-C	0.9959699370278566
QC0372-C	0.9946752483255552
QC0392-CW	0.9986472913397773
QC0396-CW	0.9975871721633782
QC0399-CW	0.9984524300653502
QC0402-CW	0.9981142337626612
QC0404-CW	0.997708673308258
QC0409-CW	0.9979720050085066
QC0417-CW	0.9988707871065056
QC0420-CW	0.9920211903534972
QC0421-CW	0.9972972452445524
QC0424-CW	0.8576624219393398
QC0428-CW	0.9946323827305188
QC0436-CW	0.9989637787121504
QC0438-CW	0.7791021055702247
QC0439-CW	0.998124417265602
QC0442-CW	0.9982898590664072
QC0443-CW	0.7006707461758266
QC0444-CW	0.9799726810762872
QC0445-CW	0.9978926320265956
QC0446-CW	0.9960380289805248
QC0447-CW	0.9945862285472334
QC0448-CW	0.998704079796894
QC0462-C	0.9912542968456524
QC0471-CW	0.9982787923392074
QC0477-CW	0.9990775201213126
QC0479-CW	0.9985236638285176
QC0481-CW	0.9996844586105406
QC0485-CW	0.9968972163207684
QC0487-CW	0.999772464386697
QC0488-CW	0.9987523015633344
QC0489-CW	0.9966190728368411
QC0490-CW	0.9976903003814044
QC0491-CW	0.910959778877782
QC0494-CW	0.9969810818763124
QC0497-CW	0.9983608168811052
QC0504-CW	0.999324841666926
QC0505-CW	0.9852253204977112
QC0506-CW	0.8538478557118777
QC0507-CW	0.9981540705303018
QC0523-CW	0.9982720284249116
QC0524-CW	0.9378015719286004
QC0530-CW	0.9989547830437862
QC0534-C	0.9916080520679664
QC0535-CW	0.9993904574728864
QC0536-CW	0.9964789872778342
QC0537-CW	0.9980260924793216
QC0542-CW	0.9966462414772944
QC0544-CW	0.9977375554377113
QC0547-CW	0.9888484569834844
QC0548-CW	0.9968599897119174
QC0551-CW	0.9920909462751408
QC0552-C	0.997803640740776
QC0554-CW	0.996772693438345
QC0557-CW	0.9973608273956543
QC0558-CW	0.9282061398693228
QC0563-CW	0.9928412951184902
QC0564-CW	0.9971803115064218
QC0572-CW	0.9987854602996368
QC0573-CW	0.9986416098978692
QC0574-CW	0.997781338331892
QC0576-CW	0.9922263270245768
QC0581-CW	0.9970741235629637
QC0599-CW	0.9045343704372706
QC0603-CW	0.998222288952594
QC0604-CW	0.9974406984572198
QC0606-CW	0.9991107525911208
QC0607-CW	0.9987507260216504
QC0608-CW	0.9947718458038188
QC0609-C	0.9877456991461112
QC0619-C	0.9397313397600812
QC0620-C	0.9947202763208036
QC0621-C	0.9960991184813393
QC0622-C	0.9915508201862836
QC0623-C	0.9716342371533035
QC0624-C	0.9989921991987136
QC0625-C	0.9940565728371769
QC0626-C	0.9963229629770212
QC0627-C	0.9963691557378854
QC0628-C	0.9942858802879776
QC0629-C	0.994485118236433
QC0630-C	0.9952255266917158
QC0633-C	0.9967865104456464
QC0634-C	0.9967689986971232
QC0635-C	0.5774693402195014
QC0636-C	0.9950101505229364
QC0637-C	0.9953652620714334
QC0638-C	0.994964936601128
QC0639-C	0.9948085477501738
QC0640-C	0.6966499766609788
QC0642-C	0.99645902997791
QC0643-C	0.9350187930840088
QC0644-C	0.9950543954894931
QC0645-C	0.994071704679158
QC0646-C	0.997256995650915
QC0647-C	0.9963118647955516
QC0648-C	0.995010160200936
QC0649-C	0.9963563000690996
QE0347-C	0.999863171206988
QE0348-C	0.999310964134086
QE0350-C	0.9978898773973144
QE0352-C	0.9960084857821662
QE0356-C	0.9942760980568944
QE0360-C	0.9964607509068826
QE0361-C	0.9898765629999096
QE0362-C	0.9639069989930448
QE0363-C	0.9996172023063548
QE0364-C	0.9985973428728292
QE0365-C	0.9954094706147938
QE0366-C	0.8865188703982387
QE0367-C	0.9947377032529596
QE0368-C	0.9890817609979818
QE0369-C	0.9988278521020691
QE0370-C	0.9975749268264968
QE0371-C	0.9932862785463475
QE0372-C	0.9989829224453304
QE0373-C	0.9961953412487328
QE0374-C	0.998221003250358
QE0375-C	0.994649243835494
QE0376-C	0.9984454924159576
QE0378-C	0.6806229100841711
QE0379-C	0.9986596612908026
QE0380-C	0.7932941871667014
QE0381-C	0.9970724712563086
QE0382-C	0.995690758158142
QE0383-C	0.9971456688812708
QE0384-C	0.997504670321395
QE0385-C	0.9999999999227984
QE0386-C	0.9933976403966236
QE0387-C	0.9968093533128594
QE0388-C	0.9999882384737372
QE0389-C	0.8781714168274332
QE0390-C	0.9386784502831405
QE0391-C	0.9998252619576982
QE0392-C	0.9638598353263578
QE0393-Cx	0.999392877848399
QE0395-C	0.9968347850518918
QE0396-C	0.6434947631536754
QE0397-C	0.998080470740384
QE0398-C	0.9972314133096288
QE0399-C	0.9545394135866578
QE0400-C	0.9988095127692947
QE0401-C	0.9894475181615288
QE0402-C	0.7023107304035676
QE0403-Cx	0.9948447520332236
QE0404-C	0.9961989589379204
QE0405-Cx	0.9994372859850562
QE0407-C	0.7019539540822477
QE0408-C	0.8254190604533048
QE0409-C	0.9388751697964632
QE0410-C	0.8093614048175468
QE0411-C	0.6470950042825074
QE0412-C	0.9103142837329772
QE0413-C	0.8245201964124693
QE0414-C	0.9996728780401622
QE0415-C	0.9699418766836654
QE0416-C	0.6948237289123724
QE0417-C	0.9437436469315584
QE0418-C	0.998950124144638
QE0419-C	0.9997826340539476
QE0420-C	0.6777903942705572
QE0421-C	0.6460927769028917
QE0422-C	0.8477003459525159
QE0423-C	0.998708344196024
QE0424-C	0.9558409920386222
QE0425-C	0.7373164465277309
QE0426-C	0.9934939449714244
QE0427-C	0.9167402856858804
QE0428-C	0.925661336883256
QE0429-C	0.9993065975272758
QE0430-C	0.9994505511720988
QE0431-C	0.9989813429795286
QE0432-C	0.9970839658704704
QE0433-C	0.9971079672578927
QE0434-C	0.9973171667984152
QE0435-C	0.7189295810812597
QE0436-C	0.998262276860288
QE0437-C	0.9968318567574572
QE0438-C	0.9996740742585712
QE0439-C	0.779953014921116
QE0440-C	0.9996781124269254
QE0441-C	0.7909347761408281
QE0442-C	0.8362161688148603
QE0443-C	0.9968107507721452
QE0444-C	0.9987080881693932
QE0445-C	0.7112913247716163
QE0446-C	0.7099530428440293
QE0447-C	0.988663284692372
QE0448-C	0.9967315364085296
QE0449-C	0.9971291855379748
QE0451-C	0.9970661717993772
QE0452-C	0.983057942869845
QE0453-C	0.75815449440566
QE0454-C	0.9996780237910956
QE0455-C	0.9997592864054176
QE0456-C	0.9972067455600856
QE0457-C	0.9999999998617024
QE0458-C	0.9982553928936344
QE0459-C	0.9986422294906016
QE0460-C	0.998282477747665
QE0461-C	0.9982574875940832
QE0463-C	0.9977729267524102
QE0464-C	0.9968307478985544
QE0465-C	0.9972637743791912
QE0466-C	0.9220725509361472
QE0467-C	0.8118312659373307
QE0468-C	0.9988869358179036
QE0469-C	0.8787277157078284
QE0470-C	0.8794213428466585
QE0471-C	0.9966615952760018
QE0472-C	0.9335516744534336
QE0474-C	0.9956992202685592
QE0475-C	0.9998552672062508
QE0476-C	0.990245386737417
QE0478-C	0.9836262076569156
QE0479-C	0.8443703249205001
QE0481-C	0.8744270009211363
QE0483-C	0.9515529516675236
QE0484-C	0.997704090813062
QE0485-C	0.9971893657833176
QE0486-C	0.9994022980593132
QE0487-C	0.9975126284011564
QE0488-C	0.9968705742261053
QE0489-C	0.9980965890246928
QE0490-C	0.9992263795322748
QG0007-C	0.8071029577991968
QG0008-C	0.8850980068217423
QG0009-C	0.5743458126608789
QG0010-C	0.9936600302727518
QG0011-C	0.5947749724863084
QG0012-C	0.4957123186310366
QG0013-C	0.9617035111657124
QG0014-C	0.9819035603140436
QG0015-C	0.8513779984329853
QG0016-C	0.7118108344328173
QG0017-C	0.9801189630410884
QG0018-C	0.6368716619971777
QG0019-C	0.5490921440651377
QG0020-C	0.6666701523017442
QG0021-C	0.993919966626465
QG0022-C	0.7743880945714353
QG0023-C	0.996329056189752
QG0024-C	0.99981611151719
QG0025-C	0.9946678596139684
QG0026-C	0.995046852810766
QG0027-C	0.6242702026373739
QG0028-C	0.9994737366409622
QG0029-C	0.9959467213708408
QG0030-C	0.9930729337338944
QG0031-C	0.9421044257708164
QG0032-C	0.7762262199369054
QG0033-C	0.5027878425829652
QG0034-C	0.9180547333101228
QG0035-C	0.5494504986930333
QG0036-C	0.7956942137132506
QG0037-C	0.9993189981376026
QG0038-C	0.9955330303017093
QG0039-C	0.9352048237935904
QG0040-C	0.6136567236421795
QG0041-C	0.6640364861156797
QG0042-C	0.7751681772619986
QG0043-C	0.846063506547158
QG0044-C	0.9946032476645
QG0045-C	0.5007305650572648
QG0046-C	0.7410520933583223
QG0047-C	0.996471885590408
QG0048-C	0.7965193031545705
QG0049-C	0.7744777063606401
QG0050-C	0.9631009194013984
QG0051-C	0.764484228873047
QG0052-C	0.5943759245310123
QG0053-C	0.5982033326763876
QG0054-C	0.5195362236194616
QG0055-C	0.2345597127888359
QG0056-C	0.998045731734416
QG0057-C	0.873465447184434
QG0058-C	0.7725786361851903
QG0059-C	0.597888762753437
QG0060-C	0.982185244331143
QG0061-C	0.995153264414432
QG0062-C	0.7983013794303531
QG0063-C	0.4984400961419395
QG0064-C	0.999436201048372
QG0065-C	0.7278179078828481
QG0066-C	0.652221845564166
QG0067-C	0.9983991808831352
QG0068-C	0.8746785890375787
QG0069-C	0.8797436968174057
QG0070-C	0.9993589151051084
QG0071-C	0.6527092526770784
QG0072-C	0.4719611760632305
QG0073-C	0.9743407198037884
QG0074-C	0.995247158391144
QG0075-C	0.9922541707619827
QG0076-C	0.578913767710241
QG0077-C	0.6811174964333402
QG0078-C	0.2246752890984152
QG0079-C	0.7826828202597647
QG0080-C	0.6294506744437056
QG0081-C	0.9425446640846424
QG0082-C	0.4268521751630117
QG0083-C	0.993601315885621
QG0084-C	0.8977114129255976
QG0085-C	0.991055926178303
QG0086-C	0.996480856118215
QG0087-C	0.4649818126074355
QG0088-C	0.9677287422551576
QG0089-C	0.8750300812304797
QG0090-C	0.9980880015354712
QG0091-C	0.9033125034667292
QG0092-C	0.9948441417168282
QG0093-C	0.9995502830788788
QG0094-C	0.9960949110405884
QG0095-C	0.9999999998690396
QG0096-C	0.9632433449939422
QG0097-C	0.9939283052273982
QG0098-C	0.8852508037035263
QG0099-C	0.997825797504944
QG0100-C	0.9428901935203826
QG0101-C	0.8442921881663423
QG0102-C	0.9439070439599756
QG0103-C	0.9462118373662372
QG0104-C	0.9241219715649596
QG0105-C	0.5563237876551803
QG0106-C	0.994678863943587
QG0107-C	0.6759645780821046
QG0108-C	0.9675324785890008
QG0109-C	0.8173229861677744
QG0110-C	0.6888845950483087
QG0111-C	0.9592672592770858
QG0112-C	0.9994135243946072
QG0113-C	0.735508660198575
QG0114-C	0.9350923313438204
QG0115-C	0.992681444698997
QG0116-C	0.7287655092376379
QG0117-C	0.9967095527082394
QG0118-C	0.5574969796349811
QG0119-C	0.9971309444136016
QG0120-C	0.984990312598628
QG0121-C	0.9934958744884064
QG0122-C	0.7641759310540776
QG0123-C	0.6994370327082778
QG0124-C	0.4645327760094182
QG0125-C	0.9984692155220276
QG0126-C	0.7214958943436306
QG0127-C	0.7881678856173318
QG0128-C	0.579759545961562
QG0129-C	0.9969929695099372
QG0130-C	0.99611641190729
QG0131-C	0.7162408799127262
QG0132-C	0.7285269576335023
QG0133-C	0.9025713650155628
QG0134-C	0.9993413832365292
QG0135-C	0.9717595580656052
QG0136-C	0.9997217909648836
QG0137-C	0.570078298702757
QG0138-C	0.6692086924126611
QG0139-C	0.6922893728671831
QG0140-C	0.7364638959969472
QG0141-C	0.4249697638771744
QG0142-C	0.3529054162524457
QG0143-C	0.3758820519989061
QG0144-C	0.7510150677473907
QG0145-C	0.9729136693290612
QG0146-C	0.9509483939045742
QG0147-C	0.9930749953449912
QG0148-C	0.9954988620228916
QG0149-C	0.4929239657838601
QG0150-C	0.9968056856332436
QG0151-C	0.7531226316431263
QG0152-C	0.4862100830690988
QG0153-C	0.9958863655510242
QG0154-C	0.6348023883350589
QG0155-C	0.4720732349017185
QG0156-C	0.9993662790313584
QG0157-C	0.9979659437017384
QG0158-C	0.9979682327557794
QG0159-C	0.7782295124314789
QG0160-C	0.8726109209954045
QG0161-C	0.9996694437630956
QG0162-C	0.9906669828310952
QG0163-C	0.994863893828082
QG0164-C	0.9309238537580872
QG0165-C	0.9946514345586752
QG0166-C	0.4106374639906834
QG0167-C	0.9951223063426377
QG0168-C	0.9953508662879624
QG0169-C	0.9986147676071808
QG0171-C	0.5907505448436521
QG0172-C	0.5999264116383218
QG0173-C	0.3538281219054756
QG0174-C	0.996581859168036
QG0175-C	0.5904957956530963
QG0176-C	0.9980735184649502
QG0178-C	0.9989834962703296
QG0179-C	0.9064535094239456
QG0180-C	0.9985565828711452
QG0181-C	0.9939041892975372
QG0182-C	0.8566596688210308
QG0183-C	0.5558954962933038
QG0184-C	0.9976711429741264
QG0185-C	0.6588514081699498
QG0186-C	0.9958455436014264
QG0187-C	0.992633422494918
QG0188-C	0.9045683985438104
QG0189-C	0.5392497170182147
QG0190-C	0.8999326842631469
QG0191-C	0.5499994475977283
QG0192-C	0.6234193023935194
QG0193-C	0.5095802291273224
QG0194-C	0.7810533962592044
QG0195-C	0.9960675786527315
QG0196-C	0.9062508942190548
QG0197-C	0.509038391884072
QG0198-C	0.5225771027863346
QG0200-C	0.9941260520985908
QG0201-C	0.9949335235111546
QG0202-C	0.9951120210236176
QG0203-C	0.6780259857824248
QG0204-C	0.9780139293482344
QG0205-C	0.9961870413407932
QG0206-C	0.7214542044981131
QG0207-C	0.7868826223053356
QG0208-C	0.9851338420261492
QG0209-C	0.9994854591785796
QG0210-C	0.9985647198637276
QG0211-C	0.9907470692461527
QG0212-C	0.6382020720489386
QG0213-C	0.6271751108457859
QG0214-C	0.592575297560778
QG0215-C	0.8836413444366112
QG0216-C	0.9968903214085578
QG0217-C	0.4997757648818379
QG0218-C	0.9483364369198476
QG0219-C	0.9853518931073154
QG0224-C	0.7288223201488828
QG0225-C	0.9978271867362578
QG0226-C	0.7048119346035302
QG0228-C	0.9977787793512782
QG0229-C	0.6416816044117595
QG0231-C	0.6534632127115653
QG0232-C	0.9942393484707724
QG0233-C	0.9827445569449648
QG0234-C	0.8387601604709679
QG0235-C	0.5323117610938577
QG0236-C	0.9923325234013164
QG0237-C	0.8502891677811127
QG0238-C	0.703378493423275
QG0239-C	0.9994300401608114
QG0240-C	0.7055735271332455
QG0241-C	0.895098975696444
QG0243-C	0.9993192333339532
QG0244-C	0.6339588052348629
QG0245-C	0.9949169001487818
QG0246-C	0.9265983003525612
QG0247-C	0.99768805934775
QG0248-C	0.5856421910207148
QG0249-C	0.9968048133580488
QG0250-C	0.9965533505476324
QG0251-C	0.2562544471207348
QG0252-C	0.9967462804521798
QG0253-C	0.6952699773968448
QG0254-C	0.7369491602388198
QG0255-C	0.9929050323624514
QG0256-C	0.998685020939182
QG0257-C	0.9944884132279338
QG0258-C	0.9979088022063636
QG0259-C	0.6476360609772522
QG0260-C	0.7421464503508992
QG0261-C	0.9989674966661112
QG0262-C	0.9770640976916528
QG0263-C	0.9153812152440786
QG0264-C	0.9931891176989404
QG0265-C	0.993812017727492
QG0266-C	0.276721194434503
QG0267-C	0.5760184879524226
QG0269-C	0.9993551902406276
QG0270-C	0.9544810713152532
QG0271-C	0.844410094598661
QG0273-C	0.873425300611297
QG0274-C	0.9960410098553796
QG0275-C	0.9958234709879268
QG0276-C	0.9826196487064162
QG0277-C	0.9949148376063576
QG0278-C	0.7356642483083491
QG0279-C	0.6431464579981296
QG0280-C	0.7402607485405053
QG0281-C	0.9944308727229744
QG0282-C	0.9843482313489832
QG0284-C	0.2843094127318611
QG0285-C	0.703803126409476
QG0286-C	0.9963756138742365
QG0287-C	0.9994719430631576
QG0288-C	0.4273561899458962
QG0289-C	0.4981192480327414
QG0290-C	0.8295209730358688
QG0291-C	0.9957483169937842
QG0292-C	0.995147610957136
QG0293-C	0.7472068162340852
QG0294-C	0.6259173827433173
QG0295-C	0.9979626034444926
QG0296-C	0.9952645201296852
QG0297-C	0.7673506301516922
QG0298-C	0.909522621511378
QG0299-C	0.9994734484392656
QG0300-C	0.9104418906180048
QG0303-C	0.4331538712086208
QG0307-C	0.9951766755829686
QG0308-C	0.8079039845380172
QG0312-C	0.9995504128211472
QG0313-C	0.9725769590697826
QG0314-C	0.996770615632908
QG0316-C	0.9954410085167512
QG0320-C	0.5369712878388939
QG0321-C	0.9925640024880608
QG0325-C	0.9967623914773176
QG0326-CW	0.992401248864246
QG0327-C	0.9990813964794296
QG0328-C	0.9344738100865048
QG0330-C	0.9774155348188416
QG0331-CW	0.5018737631726733
QG0332-CW	0.996640243353775
QG0335-C	0.6828462475526794
QG0337-C	0.9931747777484248
QG0338-C	0.8469472456854881
QG0340-C	0.8858930696392138
QG0342-C	0.2609185354211987
QG0344-C	0.8083548132965573
QG0345-C	0.7567404999440167
QG0347-C	0.4480491593970823
QG0348-C	0.9968349622122158
QG0350-C	0.6760195439927839
QG0351-C	0.8986862063161059
QG0352-C	0.8891079651493747
QG0353-C	0.5101767495587046
QG0354-C	0.93863292482685
QG0355-C	0.614951734165694
QG0356-C	0.7575204432775411
QG0357-C	0.9947546742879902
QG0358-C	0.758075857559447
QG0359-C	0.9931355422470616
QG0360-C	0.9951209695705688
QG0361-C	0.5376189041490491
QG0362-C	0.6273442435311497
QG0363-C	0.9967040647346656
QG0364-C	0.980893576798056
QG0365-C	0.4959650134750197
QG0366-C	0.6266647690024975
QG0367-C	0.9632173645366996
QG0368-C	0.988420441975414
QG0369-C	0.863905660149734
QG0370-C	0.4033098621330174
QG0372-C	0.6925918976152408
QG0375-C	0.9351574509757962
QG0376-C	0.9298979763233316
QG0377-C	0.9955206473433164
QG0378-CW	0.6951692754455449
QG0379-C	0.9955280289935576
QG0380-C	0.998007576826271
QG0382-C	0.9857318436406198
QG0383-C	0.8814550652027842
QG0384-C	0.9976232879779944
QG0385-C	0.3335167426824741
QG0386-C	0.952691419621946
QG0388-C	0.5348000146807781
QG0390-C	0.9972050961781476
QG0393-C	0.9127841581605228
QG0394-C	0.9718731680292554
QG0395-C	0.7476793611357722
QG0396-C	0.8957568046538378
QG0397-C	0.6948195878891623
QG0398-C	0.8997588306323361
QG0399-C	0.9951724871582626
QG0400-C	0.9961631659688672
QG0401-C	0.6200278400425426
QG0402-C	0.7362771880371176
QG0403-C	0.998342358053438
QG0407-C	0.9123201082835928
QG0408-C	0.645695431182778
QG0409-C	0.8770599620736985
QG0411-C	0.9937703765200048
QG0412-C	0.9618747325841108
QG0413-C	0.6213477071363614
QG0414-C	0.9591811707441622
QG0415-C	0.6190420320543706
QG0416-C	0.8533586775288363
QG0417-C	0.4942034790880811
QG0418-C	0.8206630083090135
QG0419-C	0.4188971344377897
QG0421-C	0.9964465181070428
QG0422-C	0.6318975595841925
QG0423-C	0.6409179297174527
QG0424-C	0.6858719186786835
QG0425-C	0.7938804313025649
QG0426-C	0.9942059614550164
QG0427-C	0.9934375379922528
QG0429-C	0.997945972834697
QG0430-C	0.9997015081700488
QG0431-C	0.9944229120848797
QG0432-C	0.3924343908473069
QG0433-C	0.9977824621877626
QG0434-C	0.8901348547566891
QG0435-C	0.996566436894578
QG0436-C	0.757071389065403
QG0438-C	0.9922727880680896
QG0439-C	0.493931484465566
QG0442-C	0.4644542324110593
QG0443-C	0.9959794669274076
QG0444-C	0.5816078173471098
QG0445-C	0.5554970003825038
QG0446-C	0.7064048944469628
QG0447-C	0.9984391356438682
QG0448-C	0.7623545708895669
QG0449-C	0.8552342936266688
QG0450-C	0.9574798578469512
QG0451-C	0.891794106258826
QG0454-C	0.6972061775521097
QG0456-C	0.9949233151202104
QG0458-C	0.7120218209301026
QG0459-C	0.6061646786910204
QG0461-C	0.5769754909317867
QG0462-C	0.9845998081018226
QG0464-C	0.985265019059925
QG0467-C	0.6520993397691899
QG0468-C	0.9972327944093854
QG0470-C	0.554329543835145
QG0471-C	0.4508323207461077
QG0476-C	0.5017039522408852
QG0477-C	0.99333223816252
QG0479-C	0.9048996276715776
QG0481-C	0.9841731323033824
QG0483-C	0.578050767841652
QG0484-C	0.4640002657260336
QG0485-C	0.8670596048799677
QG0486-C	0.815672802471626
QG0488-C	0.5227714035647837
QG0489-CW	0.9947321239425634
QG0496-CW	0.9988262141957766
QG0512-CW	0.5294584776946609
QG0513-CW	0.9933204916274968
QJ0001-C	0.9971318236883412
QJ0002-C	0.8996779613679546
QJ0003-C	0.9940043039353952
QJ0004-C	0.8320401438633009
QJ0005-C	0.9682934924810056
QJ0006-C	0.99252083871983
QJ0007-C	0.9988785289664353
QJ0008-C	0.9999999999713524
QJ0009-C	0.9199210422478132
QJ0010-C	0.992410854691511
QJ0015-C	0.380202309951276
QJ0018-C	0.9981214884182644
QJ0019-C	0.9958124323725752
QJ0094-C	0.7075058648549024
QJ0159-C	0.987970171604272
QJ0160-C	0.9967043067542928
QJ0161-C	0.9946723364967798
QJ0162-C	0.9954141966177074
QJ0163-C	0.9883182564502816
QJ0164-C	0.9966236010548007
QJ0165-C	0.9957705406257018
QJ0167-C	0.997592273658521
QJ0168-C	0.9920428767076468
QJ0169-C	0.9978725568827276
QJ0170-C	0.9679956720458404
QJ0172-C	0.9983280777211658
QJ0173-C	0.6781471281020752
QJ0174-C	0.998276115341308
QJ0175-C	0.998295664489395
QM0005-C	0.9938076716239228
QM0006-C	0.9957425699629064
QM0007-C	0.9959293093318956
QM0008-C	0.993508259572426
QM0009-C	0.99626972275741
QM0011-C	0.9977215496677334
QM0012-C	0.997028259913702
QM0013-C	0.9243434189388358
QM0020-C	0.9949548550948968
QM0027-C	0.994865283069376
QM0030-C	0.995808646726534
QM0035-C	0.9961221305025402
QM0036-C	0.994943664241123
QM0037-C	0.9922761219462354
QM0038-C	0.7568839178287057
QM0041-C	0.9563957379448356
QM0056-C	0.8542580177480421
QM0057-C	0.9984488363187198
QM0077-C	0.995631181798188
QM0121-C	0.5060260566682245
QM0124-C	0.9942412990515058
QM0125-C	0.9941560592251906
QM0132-C	0.9979766725614668
QM0134-C	0.9950565052849402
QP0001-C	0.9666040603220156
QP0002-C	0.9983025523013808
QP0003-C	0.6472513396266046
QP0004-C	0.6739618936243443
QP0005-C	0.7187202316217935
QP0006-C	0.5660286872887917
QP0007-C	0.5905085635292378
QP0008-C	0.9939330616779192
QP0009-C	0.9929881420725252
QP0010-C	0.9964510703849864
QP0011-C	0.9977127393324992
QP0012-C	0.9963536087413633
QP0013-C	0.6330981866492527
QP0014-C	0.9981750801885344
QP0015-C	0.928662975505038
QP0016-C	0.651726020999686
QP0017-C	0.7363298266469448
QP0018-C	0.9400426515643264
QP0019-C	0.9981449643400954
QP0020-C	0.8044553107777056
QP0021-C	0.8040027581008463
QP0022-C	0.7580770391937974
QP0023-C	0.8889490126802105
QP0024-C	0.6174961244286812
QP0025-C	0.6108266291183566
QP0026-C	0.9987772429533952
QP0027-C	0.998563719602021
QP0028-C	0.6817720595054872
QP0029-C	0.7686448849563501
QP0030-C	0.4666320832229795
QP0031-C	0.9960746250706493
QP0032-C	0.9843591091929283
QP0033-C	0.6129410797517196
QP0034-C	0.9985065454693044
QP0035-C	0.9990888566201216
QP0036-C	0.9969368460557329
QP0037-C	0.997973456839066
QP0038-C	0.9984230776445844
QP0039-C	0.9977570861238612
QP0040-C	0.7100628870140969
QP0041-C	0.9924424816139932
QP0042-C	0.996732920871514
QP0043-C	0.9954873055579342
QP0044-C	0.6445214133208843
QP0045-C	0.9954184967126318
QP0047-C	0.9937743893132136
QP0048-C	0.5037118656630122
QP0050-C	0.2564430231840965
QP0051-C	0.9972872971433407
QP0054-C	0.5250690564725908
QP0055-C	0.9938832795895288
QP0056-C	0.996808571081506
QP0057-C	0.9988316980461096
QP0058-C	0.5752674685041882
QP0060-C	0.9254943395216462
QP0061-C	0.9937541705059229
QP0062-C	0.5359166683347242
QP0063-C	0.5214031960977799
QP0064-C	0.9871487250347758
QP0065-C	0.8496862616683659
QP0066-C	0.4548642053977736
QP0068-C	0.9920245453689271
QP0069-C	0.7469082587240468
QP0071-C	0.7810379091820884
QP0072-C	0.9255955067492324
QP0073-C	0.9955112882895538
QP0074-C	0.4968789594118621
QP0075-C	0.8611266799830772
QP0076-C	0.9988897721616452
QP0077-C	0.5080572062778512
QP0078-C	0.7945259374089293
QP0079-C	0.8162882401937943
QP0080-C	0.995657136831177
QP0081-C	0.9999999998597092
QP0083-C	0.9970223379473414
QP0084-C	0.9648038106297362
QP0085-C	0.8053747060943953
QP0086-C	0.9943025764315448
QP0087-C	0.704166365662545
QP0088-C	0.767002423238134
QP0089-C	0.5222980827743378
QP0090-C	0.5149695064261526
QP0091-C	0.9960131104282948
QP0092-C	0.3358284788973628
QP0093-C	0.9962595125267414
QP0094-C	0.8107639966687902
QP0095-C	0.6520847396714955
QP0096-C	0.6182726228489109
QP0098-C	0.8058935128489879
QP0099-C	0.7501448094329282
QP0100-C	0.5448911037297914
QP0101-C	0.999868937196019
QP0102-C	0.9984268268090226
QP0103-C	0.9932336031661552
QP0104-C	0.8922764273887138
QP0105-C	0.995956511241454
QP0106-C	0.6470415241505347
QP0107-C	0.9951407389495914
QP0108-C	0.9978197193545734
QP0110-C	0.9981233712399716
QP0111-C	0.7609316873072014
QP0112-C	0.9931240123239446
QP0113-C	0.9950059478075356
QP0114-C	0.9954967641067668
QP0115-C	0.9931656669823764
QP0116-C	0.9599584391900382
QP0117-C	0.6515761305807677
QP0118-C	0.9981457822749268
QP0119-C	0.9915521582371054
QP0120-C	0.4126908203808628
QP0121-C	0.4807333092636201
QP0122-C	0.3669686225013703
QP0123-C	0.9988441355228812
QP0124-C	0.993971114492307
QP0125-C	0.997179808832912
QP0126-C	0.9984592009869246
QP0127-C	0.9951701219837872
QP0128-C	0.9961754582594926
QP0129-C	0.9174249769710018
QP0130-C	0.9865538609685636
QP0131-C	0.5504641897859415
QP0132-C	0.9551407811024112
QP0133-C	0.9948251323994952
QP0134-C	0.9951831471089836
QP0136-C	0.3720277696657182
QP0137-C	0.9606646147139536
QP0138-C	0.9998475320645016
QP0139-C	0.8727297292387323
QP0140-C	0.9983982151618898
QP0142-C	0.9062310644543456
QP0144-C	0.4753888245023144
QP0145-C	0.2581891219985184
QP0146-C	0.9938262196660655
QP0147-C	0.8292449522475762
QP0148-C	0.4254562094816436
QP0149-C	0.8382585243917069
QP0150-C	0.9938807268810792
QP0151-C	0.3231979652286285
QP0153-C	0.9972473455540424
QP0155-C	0.9906462263070394
QP0156-C	0.8181055419081884
QP0157-C	0.6178202123364127
QP0158-C	0.9946594025011436
QP0159-C	0.8146843092362474
QP0160-C	0.6989127886249731
QP0161-C	0.5087359083825085
QP0162-C	0.7776823390377545
QP0163-C	0.9904977598365964
QP0164-C	0.9807875281434868
QP0165-C	0.4293196935444263
QP0166-C	0.9945669695412304
QP0168-C	0.8633939098434913
QP0169-C	0.997593623105488
QP0170-C	0.9515647639887462
QP0171-C	0.99024198838931
QP0172-C	0.99663617732745
QP0174-C	0.9969422950470742
QP0175-C	0.9924758260317568
QP0176-C	0.923496252604352
QP0177-C	0.9965169336380394
QP0178-C	0.9954942619967226
QP0179-C	0.8068034952647816
QP0180-C	0.5375089537581683
QP0181-C	0.7345675081262126
QP0182-C	0.5123509849147748
QP0183-C	0.9705277259314802
QP0185-C	0.7519699702234226
QP0186-C	0.9997879099870658
QP0187-C	0.8840500050524077
QP0188-C	0.997803715436576
QP0189-C	0.4533251872968152
QP0190-C	0.9910116781024864
QP0191-C	0.9776080218596634
QP0192-C	0.9966715816094952
QP0193-C	0.5102046482980711
QP0194-C	0.7129894777684274
QP0195-C	0.9970276680059196
QP0196-C	0.9960713984743575
QP0197-C	0.9922156723352792
QP0198-C	0.9928548201256412
QP0199-C	0.9983359900284726
QP0200-C	0.8849264536296085
QP0201-C	0.3715835445457819
QP0202-C	0.5489396995721657
QP0203-C	0.9590855168386856
QP0204-C	0.3221188288152872
QP0205-C	0.992945300762329
QP0206-C	0.998325228612452
QP0207-C	0.9991889436392032
QP0208-C	0.3406500187644223
QP0209-C	0.3862865237965038
QP0211-C	0.7726586774843988
QP0212-C	0.9952283676167168
QP0213-C	0.9525128563217614
QP0214-C	0.6914140067980667
QP0215-C	0.5185510414187482
QP0217-C	0.5663949854425525
QP0218-C	0.6166565259012933
QP0219-C	0.9944926874391208
QP0220-C	0.8586211841226163
QP0222-C	0.9957114879170283
QP0223-C	0.6539757486712432
QP0224-C	0.994116269379934
QP0225-C	0.3413383450123195
QP0226-C	0.9999999997416212
QP0227-C	0.7587440323022137
QP0228-C	0.9574443938961308
QP0229-C	0.9958279942752843
QP0230-C	0.9924808113143088
QP0231-C	0.995817983752757
QP0232-C	0.4754892738569976
QP0233-C	0.9953133101341204
QP0234-C	0.9937810718866474
QP0235-C	0.9977327304346958
QP0236-C	0.610434775238446
QP0237-C	0.9148842887575248
QP0238-C	0.8271090166150229
QP0239-C	0.8522105927700291
QP0240-C	0.9936596045073544
QP0241-C	0.7996868781123071
QP0242-C	0.60487609748363
QP0243-C	0.9968792718322896
QP0244-C	0.9910032768885167
QP0245-C	0.9909366163789264
QP0246-C	0.951456452980022
QP0248-C	0.9180612323887924
QP0249-C	0.5781848054264449
QP0253-C	0.9960871732929976
QP0254-C	0.9998691130940413
QP0255-C	0.9946693725362264
QP0258-C	0.9927848778461796
QQ0002-C	0.5742274522602921
QQ0003-C	0.4694571542251795
QQ0004-C	0.9983844972122596
QQ0005-C	0.9955103926411608
QQ0006-C	0.9349403871388436
QQ0008-C	0.995031417205954
QQ0009-C	0.9928089955802888
QQ0010-C	0.7057237066380367
QQ0012-C	0.7472518071192252
QQ0013-C	0.8870888141329927
QQ0014-C	0.8748176013733366
QQ0024-C	0.9919877587694096
QQ0027-C	0.9963687329022964
QQ0031-C	0.9989887250129028
QQ0032-C	0.9959180773746044
QQ0033-C	0.5440817128882887
QQ0039-C	0.9965420443633404
QQ0043-C	0.5502006904456815
QQ0047-C	0.9491681621709948
QQ0048-C	0.9953527817896872
QQ0049-C	0.9945991075888244
QQ0050-C	0.994602819881628
QQ0051-C	0.9078686146192604
QQ0053-C	0.9931242546183188
QQ0054-C	0.7378340597832065
QQ0055-C	0.8521113168608021
QQ0056-C	0.9999999998495246
QQ0058-C	0.9970544213227038
QQ0059-C	0.5911708970394185
QQ0061-C	0.996666146427377
QQ0063-C	0.996849254591146
QQ0065-C	0.639631610081173
QQ0066-C	0.9918908945140666
QQ0068-C	0.5360271044489071
QQ0070-C	0.9961765121940556
QQ0071-C	0.9981489374730192
QQ0073-C	0.9963696322447374
QQ0074-C	0.9995653189270726
QQ0075-C	0.99992861986785
QQ0076-C	0.7072555431487125
QQ0078-C	0.9883531636787444
QQ0079-C	0.6715650609014628
QQ0081-C	0.9927881395591632
QQ0082-C	0.9600951977718546
QQ0083-C	0.7916718709493544
QQ0084-C	0.6525071621893701
QQ0088-C	0.9968863086180556
QQ0089-C	0.9929729069706243
QQ0090-C	0.9956642692046014
QQ0092-C	0.6772465040271065
QQ0095-C	0.9968808732107776
QQ0096-C	0.9626530234626306
QQ0097-C	0.9969041612159546
QQ0099-C	0.9975907805318962
QQ0100-C	0.8801560700113854
QQ0102-C	0.966837141884204
QQ0103-C	0.9989571940364586
QQ0105-C	0.996656885781264
QQ0109-C	0.9852057347019846
QQ0110-C	0.5527185916960868
QQ0111-C	0.9962337570253504
QQ0112-C	0.9967526911848846
QQ0113-C	0.9978680311032332
QQ0114-C	0.2789312617132826
QQ0115-C	0.9962023218480044
QQ0116-C	0.9733014758159004
QQ0117-C	0.9983159569577544
QQ0118-C	0.9935025867242472
QQ0119-C	0.9972154797115236
QQ0120-C	0.7005452040869846
QQ0121-C	0.6712385621551382
QS0056-C	0.998792137460846
QS0087-C	0.9987062618659216
QS0104-C	0.9991985366024212
QS0109-C	0.9978578912003208
QS0110-C	0.9986797061511002
QS0116-C	0.9636059261454502
QS0126-C	0.925154091526365
QS0129-C	0.9909936106572016
QS0132-C	0.9962613090919852
QS0133-C	0.9962854742088336
QS0135-C	0.9984423843329866
QS0144-C	0.9979549583647248
QS0154-C	0.999641182959936
QS0155-C	0.9996527033279222
QS0156-C	0.9065918099701984
QS0157-C	0.9996031296414166
QS0159-C	0.9928659458705164
QS0162-C	0.9938829195978064
QS0163-C	0.9982401120590784
QS0168-C	0.9986856301822122
QS0169-C	0.9983444854394704
QS0170-C	0.9997472058264114
QT0001-C	0.9961903653113644
QT0002-C	0.9979189657001184
QT0004-C	0.9973845830928684
QT0005-C	0.9933856234841614
QT0006-C	0.9953723100976694
QT0007-C	0.99168170266664
QT0008-C	0.5994048432917923
QT0009-C	0.9952819290119496
QT0010-C	0.7578917006943249
QT0012-CW2	0.9985102425877572
QT0014-C	0.9902962109241252
QT0015-CW2	0.992235699744442
QT0016-C	0.994852179834818
QT0017-C	0.9936125162169994
QT0018-C	0.7574961730350165
QT0019-CW4	0.6947500836240513
QT0020-CW2	0.9946592628474856
QT0021-CW	0.4542539541043413
QT0022-CW	0.996161047535587
QT0023-CW4	0.9956167645277688
QT0024-C	0.9965766509201304
QT0025-C	0.9919811514577044
QT0026-CW4	0.9939554951877552
QT0027-CW3	0.6747310421263832
QT0028-CW5	0.996749468112578
QT0029-CW5	0.9970411113499078
QT0030-CW3	0.992629231583416
QT0031-CW2	0.9987200528835573
QT0032-CW2	0.453262322400374
QT0033-CW	0.9915154400825928
QT0035-CW	0.8735321036773787
QT0036-CW	0.8144843782269273
QT0045-CW	0.7070736491755804
QT0047-CW	0.996866609618466
QT0052-C	0.792088194033564
QT0054-C	0.99999268156816
QV0001-CW	0.7549048030628682
QV0002-C	0.80041124178829
QV0003-CW	0.9792847563204512
QV0004-C	0.9951757911216396
QV0005-C	0.9905931945548538
QV0006-CW	0.9966795215821198
QV0008-C	0.9954839928924972
QV0009-C	0.8102633783308706
QV0010-C	0.7596294979591087
QV0012-CW	0.8911408247157031
QV0013-C	0.9917574147698694
QV0014-C	0.9999628765933204
QV0015-C	0.998684840563155
QV0016-C	0.9953033252209562
QV0018-C	0.9983506931978642
QV0019-C	0.947271784247294
QV0020-C	0.9931937274365592
QV0021-C	0.9962916837719684
QV0023-CW	0.998269447603652
QV0026-C	0.9951759618107694
QV0028-C	0.7629730800502581
QV0029-C	0.9009513540127402
QV0030-C	0.9926564959471896
QV0031-C	0.997586487747451
QV0032-C	0.9989255112282548
QV0033-C	0.9965866170095424
QV0034-CW	0.9971102175504584
QV0035-C	0.9935251870750976
QV0037-C	0.9863780751647198
QV0038-C	0.9963159022800556
QV0039-C	0.993829295675254
QV0040-C	0.9967892039004306
QV0041-C	0.5586525051431224
QV0042-C	0.969279325460986
QV0044-C	0.999999999780706
QV0045-C	0.9995969416821646
QV0046-C	0.9943954327224128
QV0047-C	0.9920019716585152
QV0049-C	0.9944094351740576
QV0051-C	0.997463422394987
QV0052-CW	0.9931888316073454
QV0053-C	0.9955798194039572
QV0056-C	0.9866782536682436
QV0058-C	0.9922010453379204
QV0059-C	0.9043351155396604
QV0060-C	0.9931815609855223
QV0061-C	0.986493782391282
QV0062-C	0.999569504416171
QV0064-C	0.9976048505462916
QV0065-C	0.9979317121294848
QV0067-C	0.9998611718163228
QV0069-C	0.996558904866492
QV0070-C	0.9951712566547354
QV0071-C	0.9968656157452838
QV0072-C	0.995567644294352
QV0073-C	0.4286660326172767
QV0074-C	0.4401183203120006
QV0075-C	0.9134081158671398
QV0076-C	0.9978202729571622
QV0077-C	0.9977731520082004
QV0078-C	0.9981667637583038
QV0080-C	0.9904964859891718
QV0081-C	0.9909706742774206
QV0082-C	0.915553350450319
QV0083-C	0.8135734298948174
QV0084-C	0.9935725039306929
QV0085-C	0.9978379606084375
QV0086-C	0.3914105330816452
QV0088-C	0.8554011100902101
QV0089-C	0.9981678679098502
QV0090-C	0.992985650359307
QV0091-C	0.9989550506526328
QV0092-C	0.9960541710265608
QV0093-C	0.9944610231172432
QV0094-C	0.9987803875781754
QV0095-C	0.7833239215482152
QV0096-C	0.9928779912664424
QV0097-C	0.999991046693047
QV0099-C	0.9952230142829562
QV0100-C	0.9950146026482616
QV0101-C	0.5870961130091836
QV0102-C	0.9943951748657164
QV0103-C	0.9976497830495872
QV0104-C	0.9940109083736623
QV0105-C	0.9953079315540264
QV0106-C	0.9976791823941096
QV0107-C	0.9739706008513814
QV0108-C	0.9947340666959504
QV0109-C	0.9978438069995692
QV0110-C	0.9978052159406904
QV0112-C	0.9956225673946876
QW0009-CW	0.9976650321475676
QW0010-CxW	0.9946874298081176
QW0014-CW	0.9930356492159036
QW0016-CW	0.9922202596509432
QW0018-CW	0.6520532882306438
QW0019-CW	0.9064866583307905
QW0020-CW	0.9983991490836376
QW0021-CW	0.9970185356013268
QW0022-CW	0.989329021316486
QW0023-CW	0.993486130046685
QW0025-CW	0.8762868424436785
QW0027-CW	0.8999460040740138
QW0031-CW	0.5750288976418106
QW0033-CW	0.9994371133394532
QW0035-CW	0.6089748168848492
QW0038-CW	0.9937017649125344
QW0041-CW	0.4829188602073814
QW0043-CW	0.842115542696345
QW0046-CW	0.5998139123492823
QW0049-CW	0.9952174883067054
QW0050-CW	0.9960403293091392
QW0057-CW	0.999426871609276
QW0058-CW	0.9943239904354386
QW0064-CW	0.9910751414890134
QW0067-CW	0.9983456804282882
QW0071-CW	0.5725210627406719
QW0072-CW	0.9925919590447856
QW0074-CW	0.9967180164573272
QW0076-CxW	0.9973967494676246
QW0077-CxW	0.9966909451990016
QW0081-CW	0.6210966720448499
QW0083-CxW	0.8511146150036553
QW0084-CxW	0.9978393699401892
QW0087-CW	0.4106809535802705
QW0088-CW	0.9883386534038212
QW0089-CxW	0.9987484785070432
QW0090-CxW	0.996560486877456
QW0091-CxW	0.8746974682963219
QW0092-CxW	0.989971479722434
QW0096-CW	0.6975245495976204
QW0100-CW	0.8097685394024673
QW0101-CW	0.9976788837355346
QW0107-CW	0.9938560972006648
QW0109-CW	0.9981611183297964
QW0115-CW	0.7681127713919953
QW0118-CW	0.6812231629194687
QW0119-CxW	0.9915974814497364
QW0120-CxW	0.9367082212648866
QW0125-CxW	0.9947345637653768
QW0127-CW	0.973821397830177
QW0129-CW	0.7154581087217853
QW0139-CxW	0.7424710095029752
QW0144-CxW	0.994129252244135
QW0146-CW	0.9958204141446718
QW0148-CW	0.8332332845593249
RCN00121	0.7556686815180552
RCN00122	0.996634793317188
RCN00123	0.995526558018199
RCN00124	0.996756290182328
RCN00125	0.9951241144034398
RCN00126	0.9973007188936844
RCN00127	0.9658893647475832
RCN00129	0.9947747230457846
RCN00130	0.9691024024942696
RCN00131	0.8251149175536636
RCN00132	0.9195597824717556
RCN00135	0.996778655356084
RCN00136	0.953825536289366
RCN00138	0.9976718665430842
RCN00140	0.602150439730134
RCN00142	0.7553346222748456
RCN00143	0.9917370861286896
RCN00145	0.7533269955115802
RCN00146	0.9967418812077388
RCN00147	0.9964646633279042
RCN00148	0.9928164047375764
RCN00149	0.9931360549250392
RCN00150	0.5917238381272584
RCN00151	0.994361556634328
RCN00152	0.9457994242887016
RCN00154	0.9970297362752816
RCN00157	0.997113738418716
RCN00159	0.9976720580574636
RCN00160	0.9982167745329752
RCN00161	0.9976453358139232
RCN00162	0.8479339987387129
RCN00163	0.9323839843471702
RCN00164	0.6977361419917754
RCN00165	0.9967606342074918
RCN00168	0.6927206505912424
RCN00170	0.5178640157752137
RCN00172	0.999838359192389
RCN00173	0.9995349435200488
RCN00177	0.99046429792372
RCN00178	0.986434570660926
RCN00179	0.9946335451585262
RCN00180	0.9942779037138012
RCN00181	1.0
RCN00183	0.7796029326817153
RCN00184	0.9976430505643372
RCN00187	0.9993920055747928
RCN00188	0.999838993696222
RCN00193	0.9921683857102483
RCN00196	0.9988250554554582
RCN00197	0.9972124316338494
RCN00206	0.8340323907578674
RCN00207	0.9954130769599951
RCN00208	0.996753941431046
RCN00209	0.970837456801754
RCN00211	0.5848309371075541
RCN00213	0.9991385619995956
RCN00215	0.9963645006243615
RCN00217	0.9999999999361404
RCN00219	0.9951350478750528
RCN00220	0.9975159845795076
RCN00222	0.9980508934581604
RCN00223	0.9267860027055126
RCN00224	0.9960756694728938
RCN00225	0.9877493564967464
RCN00226	0.7939880368309913
RCN00227	0.9982450460988382
RCN00228	0.9538973203805012
RCN00229	0.99623394105359
RCN00232	0.99779679286232
RCN00233	0.99288082354662
RCN00234	0.9945953268025371
RCN00235	0.99830121957623
RCN00236	0.993952330222354
RCN00237	0.9966718756076411
RCN00238	0.99381736558002
RCN00240	0.9021923194225572
RCN00241	0.9932969830134484
RCN00242	0.997367982786172
RCN00243	0.994804457475659
RCN00246	0.9473459794181448
RCN00247	0.9939063170311472
RCN00250	0.9989348099601668
RCN00252	0.993878390948272
RCN00253	0.996169642706272
RCN00254	0.9953466859014556
RCN00257	0.999335748287118
RCN00258	0.7842775618871018
RCN00260	0.9927287246697312
RCN00261	0.99909738432748
RCN00262	0.9949975024677814
RCN00263	0.992010980270702
RCN00265	0.9951084028691364
RCN00266	0.9954849480962896
RCN00267	0.9970740363671986
RCN00268	0.7179909892410878
RCN00269	0.9945072411809824
RCN00270	0.990921119403376
RCN00271	0.9546971009423856
RCN00272	0.8728372365865447
RCN00273	0.6046630637744257
RCN00274	0.722500697384499
RCN00275	0.9945932413884664
RCN00276	0.6744171236093676
RCN00277	0.9965102203449367
RCN00278	0.9332094798154288
RCN00279	0.995057318751941
RCN00280	0.8715849806908872
RCN00281	0.993411340686254
RCN00282	0.9972811573173328
RCN00283	0.996300683976464
RCN00284	0.713991910593164
RCN00285	0.9945821219025646
RCN00287	0.6517547895653818
RCN00288	0.997359310245305
RCN00289	0.997498026555714
RCN00290	0.5775332194304801
RCN00291	0.6106227807095594
RCN00292	0.6716778670209289
RCN00293	0.5783001033851508
RCN00294	0.9969001611885075
RCN00295	0.9948694646661194
RCN00296	0.7726174142634289
RCN00297	0.6435537689473176
RCN00712	0.9749766148885356
RCN00714	0.999023657642893
RCN00715	0.999397475791338
RCN00716	0.9981322060735408
RCN00720	0.9951921862030816
RCN00721	0.9990252153699732
RCN00722	0.9064820278061198
RCN00724	0.9999908055221975
RCN00726	0.9965950711979482
RCN00729	0.7809505949256422
RCN00733	0.7047269308930617
RCN00740	0.9983148791431165
RCN00741	0.9960903663980396
RCN00745	0.8449556761271159
RCN00747	0.9991829697811716
RCN00751	0.6320990516199771
RCN00752	0.6737296768111619
RCN00754	0.9849798753123536
RCN00755	0.4584573765110364
RCN00758	0.9992669246352598
RCN00759	0.9946029338062196
RCN00760	0.995853228821476
RCN00761	0.9952881474248892
RCN00762	0.4073073764960887
RCN00763	0.3709472437814146
RCN00764	0.824063371053825
RCN00765	0.4838349114909317
RCN00766	0.505511896968044
RCN00768	0.9922683419748752
RCN00770	0.9956068698938252
RCN00771	0.7596909598004316
RCN00773	0.5254033519151401
RCN00776	0.9934685484370416
RCN00778	0.9989927799313042
RCN00779	0.9972101210138624
RCN00780	0.9913740686966414
RCN00781	0.6037256827234243
RCN00782	0.7751724239276852
RCN00785	0.6617658998673117
RCN00787	0.9359289416416504
RCN00788	0.9961859417908868
RCN00790	0.5913395005541535
RCN00792	0.8319418358624399
RCN00793	0.9964368398933572
RCN00794	0.9922056089415314
RCN00795	0.9917580419784772
RCN00796	0.568917498817036
RCN00798	0.9939207867096062
RCN00799	0.9960369008856236
RCN00802	0.7636367567248571
RCN00804	0.9971325414916794
RCN00805	0.8003164770074587
RCN00807	0.9958265460140316
RCN00808	0.9999932548106476
RCN00810	0.9958236017712928
RCN00811	0.995907989066986
RCN00812	0.7492006924651031
RCN00813	0.8572764586217237
RCN00816	0.9939027943204404
RCN00817	0.995179365164237
RCN00820	0.99761804090503
RCN00824	0.9996809094751264
RCN00825	0.8905679492617276
RCN00829	0.6568758870709459
RCN00830	0.9999932159657328
RCN00831	0.9945236014041168
RCN00832	0.9970371035461016
RCN00833	0.8669639890054224
RCN00834	0.9995101306534208
RCN00835	0.997468046557978
RCN00837	0.9728669404537896
RCN00839	0.9954153643517024
RCN00840	0.8411509237806193
RCN00842	0.98597879982567
RCN00843	0.8365792618797472
RCN00844	0.9922074639900456
RCN00845	0.997512206386008
RCN00846	0.7516920013867808
RCN00847	0.991967967945783
RCN00848	0.9988935672569828
RCN00849	0.994449901905428
RCN00850	0.9943579077940232
RCN00852	0.5998102926750347
RCN00853	0.9956612544490072
RCN00854	0.6852794301784237
RCN00855	0.9924692085406454
RCN00857	0.9991045667784862
RCN00858	0.995362836703809
RCN00859	0.778828518032449
RCN00861	0.9913928066285672
RCN00862	0.7439523003362999
RCN00863	0.9948206844377387
RCN00868	0.6318615173112403
RCN00869	0.9966068077775698
RCN00870	0.6024736072877483
RCN00871	0.9997160784359403
RCN00872	0.9291670571817324
RCN00875	0.8408532061431702
RCN00876	0.9971139878318714
RCN00877	0.6814595396896008
RCN00878	0.6721782836681216
RCN00879	0.8920486120696143
RCN00881	0.9992736715917376
RCN00883	0.997185649745812
RCN00884	0.9970454453963624
RCN00885	0.999563542418304
RCN00886	0.9998026720378178
RCN00887	0.7557784878476863
RCN00894	0.9509137279922087
RCN00895	0.997059250665722
RCN00896	0.993506482640122
RCN00898	0.9967425051462592
RCN00899	0.997433818898332
RCN00900	0.9976910181688882
RCN00903	0.9975841753312428
RCN00904	0.9980788075568264
RCN00905	0.9992569790361466
RCN00906	0.6734376574614311
RCN00912	0.9975921870359066
RCN00913	0.7718198593915298
RCN00915	0.8809374752271733
RCN00916	0.8911533733826162
RCN00917	0.9999276287617954
RCN00920	0.839511309148294
RCN00924	0.6274009302080398
RCN00926	0.6568683699285858
RCN00927	0.8456833859325762
RCN00929	0.9560367126444445
RCN00932	0.9358501422412396
RCN00933	0.9961637360008474
RCN00934	0.9996874008953358
RCN00936	0.9999873742848392
RCN00937	0.869141040331159
RCN00938	0.9953914918334402
RCN00939	0.631293806690412
RCN00942	0.9949484228558948
RCN00944	0.9818469190913596
RCN00945	0.9969812678738552
RCN00950	0.8385594586214101
RCN00952	0.9102292080229492
RCN00954	0.8212122551602479
RCN00955	0.7655690747263263
RCN00956	0.9998025405773197
RCN00957	0.9989353437415772
RCN00959	0.7752226343431677
RCN00961	0.7003975171647552
RCN00966	0.999282300133314
RCN00968	0.4309491568325816
RCN00972	0.9967448212004896
RCN00973	0.9996944324725338
RCN00974	0.6286548351246576
RCN00977	0.6792559199973466
RCN00978	0.975100244578656
RCN00979	0.9072745846591012
RCN00980	0.8640647614813288
RCN00981	0.5299950949716964
RCN00984	0.6784172938069831
RCN00985	0.7085588077099216
RCN00986	0.9946666989526238
RCN00988	0.8216249305934428
RCN00989	0.8713965331834068
RCN00990	0.9947295170225424
RCN00991	0.9968651670920118
RCN00992	0.9978206443688732
RCN00993	0.9945231469010588
RCN00994	0.9977513923511804
RCN00995	0.8610260824870933
RCN00996	0.9935561802542576
RCN00997	0.9952377441881184
RCN00999	0.9944150226079947
RCN01000	0.9950114058362556
RCN01001	0.9968111777565108
RCN01002	0.9958285148888943
RCN01003	0.995494177237429
RCN01004	0.9930589554137362
RCN01005	0.7437552097235375
RCN01006	0.7834232846480312
RCN01007	0.8431011975695781
RCN01008	0.9964850709581752
RCN01009	0.9964724680271276
RCN01010	0.8379102631324735
RCN01011	0.9966155942607824
RCN01012	0.997112754711708
RCN01013	0.9937177174506326
RCN01014	0.9949200380491184
RCN01015	0.99583631211048
RCN01016	0.9976598590302128
RCN01017	0.8279553022234923
RCN01018	0.8202742902502487
RCN01019	0.9956775742922392
RCN01020	0.9951538907625748
RCN01021	0.9938794069755011
RCN01022	0.996157807057916
RCN01023	0.6410788950053016
RCN01024	0.9954019588984856
RCN01025	0.7608271079488198
RCN01026	0.6212927270346263
RCN01028	0.991529897822714
RCN01029	0.9983588476356948
RCN01032	0.8530212738115719
RCN01033	0.998513936185208
RCN01034	0.9972853031851788
RCN01035	0.9930447002566902
RCN01037	0.9952995024325294
RCN01038	0.9937145248454862
RCN01040	0.9964949742989904
RCN01043	0.9997369591758412
RCN01045	0.9981221287990152
RCN01046	0.9998154856892798
RCN01047	0.994669541911948
RCN01049	0.9322278805799772
RCN01050	0.994410696721966
RCN01052	0.9977862980829488
RCN01053	0.9982467696999648
RCN01054	0.997063620022256
RCN01055	0.9947619870326152
RCN01056	0.9984538253172328
RCN01057	0.9954819756569656
RCN01058	0.9166589349319144
RCN01059	0.9992690606211864
RCN01060	0.9965376177051628
RCN01061	0.9961903475488773
RCN01062	0.997428662965206
RCN01063	0.7979990654728228
RCN01064	0.7981687788965324
RCN01066	0.9970490734373072
RCN01067	0.9927650461888456
RCN01069	0.981693945227372
RCN01070	0.9967580199475656
RCN01071	0.8454902893378597
RCN01072	0.9872991850617056
RCN01073	0.4808758611571467
RCN01074	0.9958473729942248
RCN01075	0.9953583940849168
RCN01076	0.997360326083039
RCN01078	0.9788673556352164
RCN01080	0.489029789959562
RCN01081	0.9978516196928092
RCN01084	0.997166100992026
RCN01085	0.5280985475469377
RCN01086	0.5665051486835184
RCN01087	0.790617077674793
RCN01088	0.9955926599061868
RCN01090	0.7592677510522594
RCN01091	0.9980731880175489
RCN01092	0.8508005496712427
RCN01093	0.9967231195741232
RCN01095	0.8959195817104191
RCN01096	0.9988494375892298
RCN01097	0.9966926840029564
RCN01100	0.9990674505047096
RCN01101	0.8665530142512472
RCN01102	0.9974346606904708
RCN01103	0.8257377908158544
RCN01104	0.9967713686720624
RCN01106	0.8427147511401984
RCN01107	0.6289438372094686
RCN01108	0.9154704762937776
RCN01109	0.8051398019446624
RCN01110	0.9941948143104608
RCN01111	0.698157208073213
RCN01112	0.9944786444007708
RCN01113	0.9914784114086866
RCN01114	0.9969473545610869
RCN01116	0.7533176320682818
RCN01117	0.9579857148793426
RCN01119	0.9943088412748602
RCN01120	0.8781709414621959
RCN01121	0.998536789576206
RCN01122	0.9984871670539528
RCN01124	0.9999999989952102
RCN01125	0.9958116187213858
RCN01126	0.9949608564767088
RCN01127	0.9964974087430954
RCN01128	0.9959936520283212
RCN01130	0.9978343078115816
RCN01131	0.7939131586791479
RCN01133	0.8515311774997888
RCN01134	0.9971509318434372
RCN01137	0.9921267700658958
RCN01138	0.5400526998507732
RCN01139	0.9221448977909192
RCN01140	0.9975056788163944
RCN01141	0.9946846175412092
RCN01142	0.9964857977900404
RCN01144	0.9987747797232644
RCN01775	0.9999999993839556
RCN01776	0.9995703952789596
RCN01777	0.9999465997952556
RCN01778	0.99858067364402
RCN01779	0.997641004862494
RCN01780	0.7095720869947703
RCN01781	0.997543411492357
RCN01782	0.9964333586030464
RCN01783	0.9989641460295928
RCN01784	0.9264528167229916
RCN01785	0.9955205117749992
RCN01786	0.9943431456067005
RCN01787	0.996865028089426
RCN01788	0.994602346862864
RCN01789	0.971505221606882
RCN01859	0.999748753423808
RCN01860	0.9864704586948784
RCN01861	0.9985473417869892
RCN01862	0.9998004376857282
RCN01863	0.9961135385533616
RCN01864	0.9939452000070792
RCN01865	0.922926473021703
RCN01867	0.9996044588613744
RCN01868	0.8697090471940523
RCN01869	0.9450069073768874
RCN01870	0.9952561162261814
RCN01871	0.9998154821278948
RCN01872	0.999616127541271
RCN01873	0.6657350046970423
RCN01874	0.9971064202601154
RCN01875	0.99375075813258
RCN01876	0.9970572718223326
RCN01877	0.998165392284088
RCN01878	0.7156582217155062
RCN01879	0.9981097715082364
RCN02007	0.9956131731699344
RCN02008	0.8735985893868163
RCN02009	0.8963991584887386
RCN02010	0.99781465594898
RCN02011	0.9980451804956612
RCN02012	0.9968524555680996
RCN02013	0.998995623912198
RCN02014	0.9984800033450608
RCN02015	0.991984397161656
RCN02016	0.997984454162004
RCN02017	0.9986819164861096
RCN02018	0.996371824926001
RCN02019	0.9998460868469708
RCN02020	0.9957948355928758
RCN02021	0.8300299777182774
RCN02022	0.998047066426781
RCN02024	0.999766757662946
RCN02025	0.9975622541457112
RCN02026	0.9949737212466692
RCN02027	0.6886414894007922
RCN02028	0.9996905901595964
RCN02030	0.812256809554025
RCN02031	0.7148296684372695
RCN02032	0.9992980433400376
RCN02033	0.9992860504943242
RCN02035	0.999989619469374
RCN02038	0.9977256935617772
RCN02040	0.903793519416722
RCN02043	0.999231905218105
RCN02044	0.9993519951733808
RCN02045	0.992271671331426
RCN02046	0.9937956858551608
RCN02047	0.9929573629833652
RCN02048	0.5646689554531537
RCN02049	0.9983239269892352
RCN02050	0.9995735867816364
RCN02051	0.9982783128975332
RCN02052	0.9684171201955968
RCN02053	0.7837431203059095
RCN02054	0.9318268857778096
RCN02056	0.993872551328046
RCN02058	0.9932479748545678
RCN02060	0.9898977423228772
RCN02061	0.7955187560854204
RCN02062	0.7452787252005483
RCN02063	0.9946534479057592
RCN02064	0.9976144669101435
RCN02065	0.9957004628367756
RCN02066	0.9949368731346288
RCN02070	0.9964179675601196
RCN02071	0.9977156748117596
RCN02072	0.9714402805462804
RCN02074	0.7565048193940123
RCN02075	0.9989528076189976
RCN02078	0.9999567326746838
RCN02083	0.8160063809126274
RCN02084	0.9924554008634104
RCN02085	0.9940270737495384
RCN02087	0.9987305521392588
RCN02088	0.9954645884377056
RCN02089	0.9742746018679336
RCN02091	0.9949351954743968
RCN02092	0.9982298805296874
RCN02093	0.9988241673579686
RCN02097	0.9932411908781064
RCN02098	0.9912813451860376
RCN02099	0.9979032314417806
RCN02100	0.9931486913619928
RCN02101	0.9966609659579098
RCN02102	0.9931927539491988
RCN02103	0.9993188988383792
RCN02106	0.9467669412570286
RCN02108	0.997498683186671
RCN02109	0.7879913665423929
RCN02111	0.997697102109596
RCN02112	0.9962426572820706
RCN02114	0.9957161679339016
RCN02116	0.9951055403115178
RCN02117	0.6105180212241837
RCN02118	0.7572760205740181
RCN02119	0.9935779053131908
RCN02120	0.9906905590608608
RCN02121	0.9931789376848594
RCN02123	0.993599170914313
RCN02124	0.8919435246203583
RCN02125	0.9943992722518508
RCN02126	0.9971601279312658
RCN02127	0.9945253679516812
RCN02130	0.999789403816378
RCN02133	0.9982239600011824
RCN02134	0.9986749247694424
RCN02136	0.995874785727061
RCN02139	0.9948484756899544
RCN02140	0.9978281204616442
RCN02141	0.9997907917814932
RCN02142	0.9992679324678028
RCN02143	0.9010496182971528
RCN02145	0.9977420143809992
RCN02146	0.9959787459176804
RCN02147	0.8638857144500527
RCN02149	0.9947531659064612
RCN02151	0.9978074806443006
RCN02152	0.8605774794714706
RCN02153	0.9991995712138804
RCN02154	0.9961777192932272
RCN02155	0.8283070027142927
RCN02157	0.998730166800692
RCN02160	0.9976836793915356
RCN02161	0.9345482364820382
RCN02164	0.9988058379912418
RCN02167	0.9976540374451084
RCN02169	0.9671085662504662
RCN02170	0.9976479912053856
RCN02171	0.9971161427100358
RCN02172	0.9998836947999246
RCN02175	0.7964192359986987
RCN02182	0.9943220550239308
RCN02184	0.5348572515758518
RCN02186	0.9929736769438954
RCN02187	0.995262678668088
RCN02188	0.4747752973718797
RCN02189	0.9978511484251394
RCN02190	0.9954139997230872
RCN02191	0.994461011680037
RCN02192	0.9975253258444416
RCN02197	0.996542065324486
RCN02198	0.9977173444457652
RCN02199	0.9917044210865849
RCN02201	0.9964660131889794
RCN02202	0.9979152225014944
RCN02203	0.991497307711926
RCN02205	0.996780550268626
RCN02206	0.7495563414170995
RCN02207	0.9451527710268578
RCN02210	0.6604336413404865
RCN02213	0.9890842373282798
RCN02214	0.5368631139051212
RCN02216	0.5418851080366995
RCN02217	0.997163432071782
RCN02218	0.5075323474173814
RCN02221	0.9957453599067326
RCN02222	0.9981994913593636
RCN02224	0.701254961349842
RCN02226	0.986621424950071
RCN02227	0.9968912961206088
RCN02228	0.9887609058581728
RCN02229	0.9943296603495788
RCN02231	0.9989114338797728
RCN02232	0.8992765538192016
RCN02233	0.8322497428215078
RCN02234	0.9976656558529328
RCN02237	0.871288590821622
RCN02238	0.9969879250150148
RCN02239	0.9061794993327784
RCN02240	0.6173578433338818
RCN02241	0.6198839578389914
RCN02242	0.9989543563959056
RCN02243	0.8679862696547349
RCN02245	0.9988619994157044
RCN02246	0.9901221654241644
RCN02247	0.9945971211512606
RCN02248	0.8959222383620765
RCN02249	0.9978124115663428
RCN02250	0.9994010835725676
RCN02251	0.9538982474619068
RCN02252	0.9915435563009708
RCN02254	0.8973463503641315
RCN02255	0.9974350357311188
RCN02259	0.9972128291019716
RCN02270	0.5664583692321745
RCN02271	0.8949444391748288
RCN02272	0.7188101451884626
RCN02273	0.9946529785630212
RCN02274	0.9451957247251088
RCN02275	0.9915137283000334
RCN02278	0.9916867350394436
RCN02279	0.9971712300572866
RCN02280	0.9952247158030332
RCN02281	0.864546832998083
RCN02282	0.7519695859471061
RCN02284	0.9964094023101108
RCN02287	0.7583299248090876
RCN02288	0.99780171841912
RCN02291	0.9947061382988196
RCN02292	0.9925003312454482
RCN02294	0.9969542047308684
RCN02295	0.993545366536121
RCN02296	0.6953879244955535
RCN02297	0.6340387630555635
RCN02298	0.9998849326902496
RCN02300	0.9988689179611197
RCN02301	0.995771093927422
RCN02302	0.9972374116359476
RCN02303	0.9983144582544377
RCN02304	0.6611257355651681
RCN02305	0.8401774183866374
RCN02308	0.7539168007299689
RCN02309	0.9952164560977708
RCN02310	0.6255678946080754
RCN02311	0.9967668712512352
RCN02312	0.7854035140857099
RCN02313	0.9928856929931452
RCN02314	0.9976942409090508
RCN02315	0.5195189161441278
RCN02316	0.7468693023995387
RCN02317	0.990809155022894
RCN02318	0.808027233247345
RCN02319	0.5600603758067372
RCN02320	0.9927343382627772
RCN02321	0.6605582933976688
RCN02322	0.7533351775091555
RCN02324	0.9932020436254096
RCN02325	0.9977759820953834
RCN02326	0.5192808042987627
RCN02327	0.993616493313561
RCN02328	0.994836395474668
RCN02329	0.9963729849976212
RCN02330	0.9974995178914569
RCN02331	0.9963948644329816
RCN02333	0.9966569624938396
RCN02335	0.9979425421329258
RCN02337	0.9964830889557592
RCN02338	0.7126616646038113
RCN02339	0.9975270969312432
RCN02341	0.9984188911646809
RCN02343	0.9648630340827368
RCN02345	0.9957583004390298
RCN02346	0.9978173220332012
RCN02348	0.9168712648993488
RCN02350	0.995690768506226
RCN02352	0.9983239633957476
RCN02353	0.9928531302894232
RCN02354	0.9944205387261932
RCN02355	0.5493914312575916
RCN02356	0.9933849215233708
RCN02357	0.9955656238820184
RCN02358	0.7609124288682282
RCN02359	0.9472803479394148
RCN02360	0.9962996971271538
RCN02361	0.999999999943514
RCN02362	0.9972901100436132
RCN02363	0.9951027599555544
RCN02364	0.5813601597674047
RCN02365	0.9959114760585372
RCN02366	0.994173747775941
RCN02367	0.997240500744258
RCN02369	0.7527280992581463
RCN02394	0.8228414945990874
RCN02398	0.9969531222076844
RCN02401	0.8767334799194447
RCN02404	0.995599317636048
RCN02409	0.9932847242185728
RCN02410	0.9954220398952666
RCN02411	0.9256070844313906
RCN02421	0.8048908913539647
RCN02427	0.9937823150889652
RCN02437	0.9982018993544176
RCN02443	0.9989621247894964
RCN02446	0.9995395105828616
RCN02449	0.998801621858225
RCN02452	0.9960201442050725
RCN02453	0.9967102088079528
RCN02454	0.561424714626164
RCN02455	0.9964291541504986
RCN02456	0.99946104420964
RCN02457	0.9060642647076548
RCN02459	0.9975917840499124
RCN02462	0.9950990213163304
RCN02463	0.9968096808930692
RCN02470	0.6693413959337065
RCN02471	0.6728044073725832
RCN02478	0.9922741654590692
RCN02484	0.9945809637439696
RCN02485	0.999536895948478
RCN02486	0.8475801316835485
RCN02488	0.999354935848216
RCN02490	0.9955138693293252
RCN02494	0.7733195053752182
RCN02501	0.9650781842234069
RCN02503	0.9996389739006076
RCN02508	0.8460050693239676
RCN02515	0.7505048942357628
RCN02516	0.999064013902162
RCN02517	0.656539919631568
RCN02519	0.9978842157161916
RCN02520	0.99953212191699
RCN02521	0.6758178187994073
RCN02522	0.993699872467764
RCN02524	0.9966759749262504
RCN02525	0.8290252582895624
RCN02526	0.998470647990742
RCN02527	0.9963746823109506
RCN02528	0.9949475837331488
RCN02529	0.8978491264251117
RCN02530	0.9981501257614548
RCN02531	0.998532272557588
RCN02532	0.9950887713894804
RCN02533	0.9997672213645066
RCN02534	0.9950704110248
RCN02535	0.9939630735683004
RCN02537	0.9969216209079772
RCN02538	0.9998840116366065
RCN02539	0.9387802437273196
RCN02540	0.8796631939459715
RCN02541	0.686547444994339
RCN02542	0.996887422657068
RCN02543	0.9953143908096888
RCN02544	0.998526642474274
RCN02545	0.907087564250367
RCN02546	0.8214176457896611
RCN02547	0.9938899629606436
RCN02548	0.7552934165504418
RCN02549	0.9970623647447312
RCN02550	0.9931019759599828
RCN02551	0.8002692556101249
RCN02552	0.9922816462474824
RCN02553	0.9958875664191148
RCN02554	0.9936108289374788
RCN02555	0.9965872668277316
RCN02556	0.99865973356821
RCN02557	0.9867309889134028
RCN02558	0.9958902121985024
RCN02559	0.9260298944347068
RCN02560	0.9954654621820804
RCN02562	0.629815244687745
RCN02563	0.9936161999200154
RCN02564	0.6026151343780171
RCN02565	0.7381271737901072
RCN02566	0.9930754780589562
RCN02567	0.9924389841336032
RCN02568	0.99231269535753
RCN02571	0.9948908286546144
RCN02572	0.9999999999750384
RCN02573	0.992376024482542
RCN02574	0.989119358803582
RCN02577	0.9977171341333568
RCN02578	0.501651474490846
RCN02579	0.6504613371952971
RCN02580	0.9999906438480624
RCN02581	0.92685952537253
RCN02582	0.9542337726773245
RCN02585	0.5711460216968278
RCN02586	0.5250135154666105
RCN02587	0.9951787142434334
RCN02588	0.99529318406942
RCN02589	0.9970182655269904
RCN02590	0.6952779215923537
RCN02591	0.9994518258848862
RCN02592	0.9960817416030222
RCN02593	0.8775461102278448
RCN02594	0.9931775207936144
RCN02596	0.8207078787457134
RCN02598	0.9938528309094647
RCN02599	0.9985207937800868
RCN02601	0.6064545934645481
RCN02602	0.99630689481582
RCN02605	0.9965708101225932
RCN02606	0.9999745455014508
RCN02607	0.9074755367053768
RCN02608	0.9987810321074938
RCN02609	0.9996701141540052
RCN02611	0.8227054355705431
RCN02612	0.8132424309565447
RCN02613	0.9970295221051914
RCN02614	0.9985336559276862
RCN02615	0.998676757586045
RCN02616	0.997293626291214
RCN02617	0.9980732585694546
RCN02619	0.9939612233567512
RCN02620	0.999571558971544
RCN02621	0.6889479759038766
RCN02624	0.9386158773786244
RCN02626	0.9884698694274092
RCN02628	0.995669715891724
RCN02629	0.9963797978150758
RCN02630	0.9602258319973888
RCN02632	0.6982530512177608
RCN02633	0.996600237531624
RCN02634	0.9951450385735918
RCN02635	0.9053322777002925
RCN02636	0.8510793602660427
RCN02637	0.9965552030064044
RCN02638	0.9942647014548002
RCN02639	0.9911985932321976
RCN02640	0.9966562188324292
RCN02641	0.8554313796435089
RCN02642	0.9968571383947296
RCN02643	0.9979390772575408
RCN02644	0.991640075561611
RCN02645	0.9988012127726704
RCN02646	0.9978365157992176
RCN02647	0.9924433739828012
RCN02648	0.9977760566229334
RCN02649	0.9550133877159525
RCN02650	0.8078638580806424
RCN02651	0.813146077943863
RCN02652	0.9978905513320332
RCN02653	0.9974278805367748
RCN02654	0.993569532160661
RCN02655	0.9965619160762827
RCN02656	0.907103724073123
RCN02657	0.740551648462062
RCN02659	0.9985564340371584
RCN02662	0.4293917262404495
RCN02663	0.9951757989961636
RCN02664	0.9926720760409292
RCN02666	0.4081212922855119
RCN02673	0.7453901544264271
RCN02674	0.8046953115688491
RCN02685	0.6768770174635779
RCN02686	0.997664770687425
RCN02690	0.9976889709682676
RCN02691	0.9968653468806232
RCN02692	0.9448807390767164
RCN02693	0.9978927189858384
RCN02694	0.9979487725107878
RCN02696	0.9978206809762152
RCN02700	0.9117548056306156
RCN02701	0.9979097297950876
RCN02702	0.8100674581541399
RCN02703	0.8230653090696253
RCN02704	0.9953176505036871
RCN02705	0.874528475757054
RCN02707	0.765884244379262
RCN02708	0.8346493837906641
RCN02710	0.7374788580389009
RCN02712	0.9983501765755876
RCN02713	0.9939151764397058
RCN02714	0.716496637810041
RCN02715	0.9979199491078802
RCN02716	0.9966710230362844
RCN02717	0.8532889838112319
RCN02718	0.998587260741888
RCN02719	0.6676969632381229
RCN02720	0.9983311790139404
RCN02721	0.998649366858092
RCN02722	0.8903492759449747
RCN02723	0.9521925601218164
RCN02724	0.9534558137626188
RCN02725	0.998434169094114
RCN02726	0.9991650678956988
RCN02727	0.8123349507425146
RCN02728	0.7848491918161463
RCN02729	0.9955790082042772
RCN02731	0.996978463436632
RCN02732	0.9965500072957496
RCN02733	0.9980535737048266
RCN02734	0.9974202388253828
RCN02735	0.990584755908972
RCN02736	0.9935342728981896
RCN02737	0.98283942159053
RCN02738	0.9887667753327974
RCN02740	0.996974606401231
RCN02741	0.9899742011738074
RCN02742	0.9972897549298106
RCN02743	0.9907574111427347
RCN02744	0.6133856399544404
RCN02745	0.8357820263047142
RCN02746	0.9949409005414478
RCN02747	0.9948797808056912
RCN02748	0.9969565225576454
RCN02749	0.913299533652756
RCN02750	0.9966833419526252
RCN02751	0.9890599165946278
RCN02755	0.3542292652875499
RCN02756	0.9953550896242636
RCN02758	0.9994886576643692
RCN02759	0.9970046686005336
RCN02760	0.8044754171595988
RCN02761	0.9965443860864652
RCN02762	0.9906619864415424
RCN02764	0.8914046787578589
RCN02765	0.8346885650019785
RCN02766	0.9960048446771989
RCN02767	0.9999923985351306
RCN02774	0.996669024821835
RCN02775	0.9994359012324222
RCN02776	0.9971033229605776
RCN02777	0.996582022409298
RCN02779	0.6278262508618244
RCN02780	0.9900915255685224
RCN02781	0.9853810015751024
RCN02782	0.9992769550091736
RCN02783	0.9963658028119736
RCN02784	0.9965305897049932
RCN02785	0.971104369453516
RCN02787	0.9969898779068116
RCN02788	0.9980215854143936
RCN02789	0.9954362926883056
RCN02790	0.9942789702862288
RCN02791	0.9998737362917054
RCN02792	0.9986469288457108
RCN02793	0.9960838146559584
RCN02795	0.7721142495276174
RCN02796	0.9998997577913804
RCN02798	0.9985722292013812
RCN02799	0.9984733308179108
RCN02800	0.890416967708065
RCN02801	0.999660107250095
RCN02804	0.9988966086210618
RCN02806	0.998642016603484
RCN02807	0.9998443636887092
RCN02809	0.997507317762252
RCN02814	0.9939245665439508
RCN02816	0.9960393728043344
RCN02817	0.9911347001348676
RCN02818	0.5655066999656275
RCN02819	0.9957742370606548
RCN02820	0.9968327678473754
RCN02821	0.9962378729021106
RCN02822	0.9969367849058408
RCN02824	0.9976941054647134
RCN02826	0.9918221548471554
RCN02827	0.885059894461032
RCN02829	0.8474984448683964
RCN02830	0.8143159574285689
RCN02831	0.6985115920665069
RCN02832	0.9968106475245672
RCN02833	0.997171130168672
RCN02834	0.9994366637422382
RCN02837	0.9981993802747072
RCN02839	0.9945611585081472
RCN02841	0.9990474104661772
RCN02842	0.9996958086156228
RCN02843	0.9981012506980672
RCN02844	0.7607187082633105
RCN02846	0.9922441362067728
RCN02847	0.9971658745900503
RCN02848	0.9945067511752788
RCN02849	0.6278158755245113
RCN02850	0.8764969442257269
RCN02851	0.9995145397865448
RCN02853	0.6396546338507666
RCN02854	0.9212164753432144
RCN02855	0.9961743464966848
RCN02856	0.998770738676325
RCN02857	0.99915276331364
RCN02858	0.9962937299320892
RCN02860	0.999858329691305
RCN02861	0.905464211831649
RCN02862	0.6644437861067768
RCN02863	0.926482176504527
RCN02866	0.9989707638552268
RCN02879	0.9655557243610656
RCN02880	0.9922862730865644
RCN02881	0.7977713715052713
RCN02884	0.7934283473581147
RCN02887	0.7472790683016417
RCN02892	0.6764296266845311
RCN02893	0.9944141852436562
RCN02894	0.9950000096818832
RCN02895	0.9200545293406688
RCN02902	0.820241892560464
RCN02903	0.9066933022211662
RCN02904	0.5336433424959113
RCN02907	0.995799427066692
RCN02908	0.6032851043043179
RCN02910	0.9619823074664504
RCN02915	0.9946623524660222
RCN02916	0.9956312466393988
RCN02917	0.9957958185877752
RCN02918	0.9978581812110658
RCN02922	0.9993905492987742
RCN02923	0.6855788853673477
RCN02925	0.8382480179777414
RCN02929	0.9926149541857828
RCN02930	0.991166258858711
RCN02932	0.9902150165654268
RCN02933	0.994286090557215
RCN02934	0.9937912121671691
RCN02935	0.9876876421824928
RCN02939	0.6716709923085202
RCN02941	0.9990109494437776
RCN02942	0.8882909811071206
RCN02943	0.7922944157117773
RCN02944	0.972395506868566
RCN02945	0.9883919374904686
RCN02946	0.4058226858679364
RCN02947	0.9928055279202356
RCN02948	0.997017591351084
RCN02949	0.569698150499298
RCN02951	0.4503456581136149
RCN02952	0.993046343051268
RCN02953	0.9945842266113876
RCN02954	0.690655603472278
RCN02955	0.8010511696157059
RCN02956	0.9968802644587904
RCN02958	0.9970960292441898
RCN02959	0.9931258839925816
RCN02960	0.9999758753870692
RCN02961	0.9887731966190588
RCN02962	0.9968214879211432
RCN02964	0.7637056931054071
RCN02965	0.9927626574097382
RCN02966	0.9935376618547548
RCN02967	0.9937631087050666
RCN02968	0.9987663107497984
RCN02969	0.992451050619616
RCN02970	0.9889018214829142
RCN02971	0.7375480563524226
RCN02972	0.9975777739137528
RCN02973	0.8572158887973236
RCN02974	0.9264771097046922
RCN02976	0.9950353757317222
RCN02977	0.9972937267195348
RCN02979	0.9787654454906588
RCN02980	0.9961758317174512
RCN02981	0.99484251590894
RCN02982	0.9948313724934842
RCN02983	0.4625906233843279
RCN02985	0.6577847763482829
RCN02986	0.9305791952545924
RCN02987	0.9960900951528692
RCN02988	0.9699466461324564
RCN02989	0.9933211192220393
RCN02991	0.9960001254354122
RCN02992	0.906370047222271
RCN02993	0.9805088128774052
RCN02994	0.9960160480981088
RCN02995	0.7686380738255849
RCN02996	0.9921363002235304
RCN02997	0.9906330757256252
RCN02998	0.8391779198965235
RCN02999	0.7613513408043662
RCN03001	0.98998200655597
RCN03002	0.995888042197335
RCN03003	0.9950717827650448
RCN03004	0.6654433348451292
RCN03006	0.9989568750429398
RCN03007	0.9971523493291292
RCN03008	0.6228853577022371
RCN03010	0.994425722768602
RCN03011	0.9960379025055716
RCN03013	0.9972818003007392
RCN03014	0.9946863596881512
RCN03016	0.996621000575707
RCN03017	0.7058246279582275
RCN03018	0.9967101564177157
RCN03019	0.9925628702956968
RCN03020	0.6005612201217743
RCN03021	0.6585646225926539
RCN03022	0.8466350749666225
RCN03023	0.9887269805644816
RCN03025	0.9882686491488278
RCN03026	0.99869022879656
RCN03028	0.99697480237503
RCN03030	0.9995181454472818
RCN03031	0.9961067298699738
RCN03032	0.995818484041838
RCN03034	0.9962785292416476
RCN03035	0.9972449745630656
RCN03036	0.9952085434384972
RCN03040	0.9983130618267152
RCN03041	0.985754373446332
RCN03042	0.9966101481182992
RCN03043	0.9933174497811064
RCN03044	0.9962701858319616
RCN03045	0.9909708989492612
RCN03047	0.75715951908594
RCN03048	0.9974847664762864
RCN03049	0.9957494454098178
RCN03050	0.9942340855516454
RCN03054	0.9961704759010656
RCN03056	0.7247045782408765
RCN03058	0.99010790262569
RCN03059	0.9889406048393856
RCN03061	0.9991668547293778
RCN03063	0.9948545466836348
RCN03066	0.5590493859024479
RCN03069	0.5632687727303982
RCN03071	0.9990153509411108
RCN03072	0.9996388221797776
RCN03073	0.9996533562440096
RCN03074	0.8652580716629396
RCN03075	0.9975047597150236
RCN03078	0.8100236831617578
RCN03079	0.995456018254152
RCN03082	0.9986918247009596
RCN03083	0.9976906659505136
RCN03085	0.6336485849368358
RCN03086	0.9976679911835582
RCN03087	0.8413847825995012
RCN03088	0.9964296604835972
RCN03089	0.9956944257087222
RCN03090	0.9415365530118496
RCN03091	0.7411331595659955
RCN03093	0.9962776361864404
RCN03094	0.7061542135218878
RCN03095	0.998215959786798
RCN03096	0.8880740241129274
RCN03097	0.9945545326174708
RCN03098	0.9670616211116948
RCN03099	0.8052049277844815
RCN03100	0.995583652930925
RCN03101	0.9947302625714656
RCN03104	0.5171915768933079
RCN03105	0.994158351013704
RCN03106	0.9953773150570244
RCN03107	0.9946376529919982
RCN03108	0.9950579852571282
RCN03109	0.9950370866864529
RCN03110	0.9935909327862584
RCN03111	0.9074437193324348
RCN03112	0.7801151326196818
RCN03113	0.6248320193330305
RCN03121	0.992416687030105
RCN03122	0.989329610861888
RCN03123	0.9902056822612566
RCN03124	0.57693458125225
RCN03125	0.5995796384593378
RCN03126	0.9011064575804274
RCN03127	0.9970578086689718
RCN03129	0.9981807994686434
RCN03130	0.7214516497059502
RCN03131	0.6552441319448401
RCN03135	0.9978900012464216
RCN03136	0.9918478622398696
RCN03137	0.7448954936781145
RCN03138	0.7169881689605959
RCN03139	0.9263554085306048
RCN03141	0.945855986375682
RCN03142	0.9917333607321844
RCN03143	0.98454008759521
RCN03144	0.4995070937817087
RCN03146	0.8474103723308339
RCN03149	0.9944767412777606
RCN03150	0.9599981064234386
RCN03152	0.9999521884162126
RCN03153	0.9948054717493788
RCN03155	0.9996490233790778
RCN03158	0.994543966930594
RCN03159	0.997146106743276
RCN03160	0.8774170955535527
RCN03161	0.5660943839922892
RCN03164	0.7112979278088987
RCN03165	0.9969384227259712
RCN03167	0.7323114306897105
RCN03168	0.7414540847606592
RCN03169	0.9999999970784126
RCN03171	0.9993030691756974
RCN03172	0.9998060819606144
RCN03173	0.9996416029625044
RCN03174	0.9997711708330176
RCN03176	0.8408554086068917
RCN03177	0.9986410484821584
RCN03178	0.999898991162106
RCN03179	0.9995923639089088
RCN03181	0.9978165160974908
RCN03182	0.9995764421698138
RCN03183	0.9995541568152928
RCN03184	0.9989761597102444
RCN03185	0.9997572984105096
RCN03186	0.9994670274240612
RCN03187	0.9994925480815948
RCN03188	0.9999780725124412
RCN03189	0.999999998227044
RCN03191	0.946350853765118
RCN03192	0.9999905015479365
RCN03194	0.9982347671790398
RCN03195	0.9966980630267128
RCN03196	0.999008027497261
RCN03197	0.9967084457610912
RCN03260	0.9991281604463464
RCN03261	0.9991206347243988
RCN03263	0.9972858515919134
RCN03266	0.9980286628291594
RCN03271	0.9995593613912076
RCN03272	0.9974154870971484
RCN03277	0.9995767347949056
RCN03283	0.9992870197997588
RCN03285	0.994835812596242
RCN03290	0.997605331848256
RCN03292	0.9990907677158328
RCN03299	0.996443617485782
RCN03300	0.9992455539696248
RCN03301	0.5927073500661183
RCN03303	0.9961689387947428
RCN03306	0.9984367855649088
RCN03307	0.9981738800220566
RCN03311	0.9992006137634734
RCN03312	0.9999923850373804
RCN03313	0.9999774857647624
RCN03315	0.9984471185698534
RCN03316	0.9969551053756832
RCN03317	0.994440512407716
RCN03318	0.9970612659396594
RCN03319	0.9993692932856902
RCN03320	0.9863821563718655
RCN03322	0.760528596933564
RCN03323	0.9977274299843036
RCN03326	0.9837883660662116
RCN03328	0.9939744821563368
RCN03334	0.9957799555835596
RCN03335	0.9665781921973284
RCN03336	0.9987078919736776
RCN03337	0.9698032189966066
RCN03338	0.9964226018732388
RCN03339	0.99770784440309
RCN03340	0.9949711190396652
RCN03341	0.9974484084469027
RCN03342	0.9945065572383828
RCN03343	0.6163576695656607
RCN03344	0.9946921948868224
RCN03347	0.9976232220097137
RCN03348	0.9994724537365548
RCN03349	0.99734735612776
RCN03351	0.8179991858393149
RCN03352	0.9862143382393568
RCN03353	0.8785572911340178
RCN03354	0.995266558704629
RCN03357	0.9969738005494468
RCN03358	0.9348294180313
RCN03360	0.8860325284408762
RCN03361	0.9978511989151586
RCN03363	0.9185253502923636
RCN03365	0.9117547513472166
RCN03367	0.995679087389912
RCN03368	0.7107103365200492
RCN03369	0.9979696412613022
RCN03375	0.996035889723523
RCN03376	0.9949035550278252
RCN03377	0.9937104354587064
RCN03380	0.965651797521856
RCN03382	0.9993908917621652
RCN03383	0.9942529226021516
RCN03384	0.9939601319884362
RCN03385	0.5906731279971633
RCN03386	0.8133955767817853
RCN03388	0.9972118596675872
RCN03389	0.9889819247003868
RCN03390	0.996951995200244
RCN03391	0.9679889118422886
RCN03392	0.997095381444097
RCN03394	0.9952153267787128
RCN03396	0.9026261562729728
RCN03397	0.7835069110555072
RCN03398	0.9954590006141454
RCN03399	0.8892911943415978
RCN03400	0.6743531835596378
RCN03401	0.9957949294928152
RCN03402	0.9946349821103372
RCN03403	0.995156747533914
RCN03405	0.9965503093047948
RCN03406	0.9970549415073888
RCN03408	0.9932612399928984
RCN03409	0.9952954467727811
RCN03410	0.9947702372992088
RCN03414	0.970316143534169
RCN03415	0.9960803437092636
RCN03419	0.9940992692264908
RCN03420	0.9955474896471872
RCN03421	0.9948876260237086
RCN03422	0.945891994938758
RCN03423	0.9951106449809608
RCN03424	0.9962535820775412
RCN03425	0.9949734308039432
RCN03426	0.9939154835747114
RCN03428	0.9938672460283052
RCN03429	0.9660338300725346
RCN03430	0.996848341389278
RCN03431	0.9973399391517328
RCN03433	0.7053166829751973
RCN03435	0.9787127572686168
RCN03436	0.9944179372674622
RCN03439	0.9963339412940032
RCN03440	0.9955323196535324
RCN03441	0.997346733821919
RCN03442	0.9965207070532578
RCN03444	0.9944819406132716
RCN03445	0.9894811470869684
RCN03448	0.9950726987282706
RCN03450	0.9977845509228052
RCN03451	0.9991046076476248
RCN03452	0.8127830723939696
RCN03453	0.9813489535988916
RCN03458	0.997912350992488
RCN03459	0.9642310367971308
RCN03460	0.9968400161171858
RCN03461	0.9063406593522
RCN03462	0.9870625174544302
RCN03463	0.9939200881775564
RCN03464	0.996286658163614
RCN03467	0.9958117597352792
RCN03468	0.9990693468571455
RCN03469	0.996479496129812
RCN03470	0.9947464460904316
RCN03471	0.9945299591389708
RCN03472	0.9945817469762396
RCN03474	0.9986518288682608
RCN03475	0.996581946571808
RCN03476	0.9947030111306596
RCN03477	0.9999223300683636
RCN03478	0.9964004176959984
RCN03479	0.9946571334731732
RCN03480	0.99265907912898
RCN03484	0.990704173657778
RCN03485	0.99503318793858
RCN03486	0.9924105079883802
RCN03487	0.9978625489806366
RCN03488	0.9940012249335548
RCN03489	0.9967185099648752
RCN03490	0.99687592214073
RCN03491	0.6625066610278844
RCN03492	0.993326123500856
RCN03493	0.830658119937891
RCN03494	0.9685457449354772
RCN03495	0.9377063224835168
RCN03496	0.9947436357077634
RCN03497	0.950055978634759
RCN03501	0.9978668647889424
RCN03502	0.9959755014711472
RCN03504	0.9948714776874577
RCN03505	0.996879251548876
RCN03508	0.9975871437042833
RCN03509	0.9781685858016456
RCN03510	0.999240515148496
RCN03511	0.9961036837146888
RCN03512	0.9968576252366804
RCN03513	0.9955842511945532
RCN03514	0.9974972880799344
RCN03515	0.9943833678274916
RCN03518	0.9975052639494036
RCN03519	0.9965867617964868
RCN03521	0.9942577041792556
RCN03522	0.9956080662450336
RCN03523	0.9972808327167438
RCN03526	0.9992454490507016
RCN03527	0.9958428332584032
RCN03528	0.9837144235349506
RCN03529	0.9926222461943148
RCN03530	0.9976487550487916
RCN03531	0.9971168347120551
RCN03534	0.9944762281751278
RCN03535	0.971228405580696
RCN03536	0.9973358671919008
RCN03610	0.6772782433353445
RCN06881	0.7983223536781705
RCN06893	0.7187927447161371
RCN07825	0.9908667523711652
RCN07826	0.9953575114199996
RCN07827	0.9686658210005836
RCN07828	0.9962012907401382
RCN07829	0.9960547800965146
RCN07830	0.9953493203990058
RCN07836	0.9948983543598054
RCN07837	0.9968458100293178
RCN07838	0.995742941585669
RCN07839	0.9947284082829536
RCN07842	0.996745775829141
RCN07843	0.9116532357759252
RCN07845	0.9958417920147518
RCN07848	0.997042385153182
RCN07849	0.9480528697325752
RCN07851	0.9986794719802464
RCN07852	0.9968150686329336
RCN07853	0.9954582196284768
RCN07854	0.99757906990595
RCN07856	0.9973321438358478
RCN07858	0.995631352234882
RCN07859	0.9978516881574594
RCN07860	0.7490128532453341
RCN07864	0.57284859392816
RCN07865	0.6004534498342662
RCN07951	0.7021148179694847
RCN07954	0.7213934101727557
RCN07994	0.9949518927179528
RCN08001	0.9982628442672986
RCN08009	0.9844746625617364
RCN08011	0.9932356911991532
RCN08013	0.7497582663646403
RCN08015	0.8087779728423213
RCN08017	0.9975029876483728
RCN08019	0.9975881010460954
RCN08021	0.996910860038348
RCN08023	0.9970664330298348
RCN08026	0.9976366076538896
RCN08027	0.9993027246028872
RCN08029	0.6792934347650891
RCN08031	0.6819208575383794
RCN08033	0.9957696195469096
RCN08035	0.9973844739526424
RCN08037	0.997280338742781
RCN08039	0.9969053672820456
RCN08042	0.9973149275727312
RCN08044	0.9978317833526168
RCN08045	0.999123839046426
RCN08047	0.9978130364410386
RCN08050	0.9983254550951306
RCN08051	0.9916853230333106
RCN08053	0.996378583751527
RCN08055	0.9417067229751788
RCN08057	0.7550431421086472
RCN08060	0.9967748277028616
RCN08061	0.9685330917987816
RCN08063	0.5934557523553434
RCN08069	0.993274769831378
RCN08071	0.9970952924231412
RCN08075	0.9976915383514114
RCN08079	0.991658710002124
RCN08082	0.5752494724636736
RCN08084	0.5921874120424734
RCN08086	0.9976113856954696
RCN08087	0.9976016592303972
RCN08091	0.9961610927141924
RCN08092	0.9967005828958264
RCN08093	0.7208542323662813
RCN08094	0.9929505747196496
RCN08095	0.9948788007116244
RCN08096	0.995691070092362
RCN08097	0.9972855548519268
RCN08098	0.9953809281291384
RCN08099	0.9959410900190396
RCN08100	0.8009463408406721
RCN08101	0.992791709750676
RCN08103	0.9925917219424688
RCN08105	0.9979313196661546
RCN08106	0.9927383832983856
RCN08107	0.9931488209969124
RCN08112	0.9565441805455648
RCN08113	0.9975509610505005
RCN08114	0.9948052340226318
RCN08115	0.9961320275953062
RCN08116	0.9943980183289208
RCN08117	0.9953711385297468
RCN08118	0.9929617592066652
RCN08119	0.9964688274284448
RCN08120	0.995216350740816
RCN08121	0.9928877226045064
RCN08122	0.9977851616232768
RCN08123	0.580999334246503
RCN08124	0.9945997377384131
RCN08126	0.9917446368946158
RCN08127	0.997741465231159
RCN08129	0.9951914727070892
RCN08130	0.9635166672181922
RCN08131	0.9981160831055138
RCN08132	0.9926548536144708
RCN08135	0.9927771057314592
RCN08136	0.9973482236557903
RCN08137	0.7723376728941505
RCN08138	0.9433392558099836
RCN08139	0.9972314788215716
RCN08140	0.9678405281447958
RCN08141	0.9942184041539291
RCN08143	0.9944330670346678
RCN08144	0.9597264998753368
RCN08145	0.9978455476410956
RCN08147	0.9925513488630532
RCN08148	0.9932809673175088
RCN08149	0.8365367945157496
RCN08150	0.9976234166007742
RCN08154	0.9922856057590852
RCN08156	0.9944670375417054
RCN08158	0.9785320112488964
RCN08161	0.8562845782762561
RCN08165	0.993504442737954
RCN08166	0.9960851349446724
RCN08167	0.9984493335510214
RCN08168	0.9978916665163072
RCN08169	0.6066971939174532
RCN08171	0.9975898937403412
RCN08172	0.9958766043274758
RCN08173	0.5321286388950546
RCN08174	0.6813284435155879
RCN08175	0.9994279244601364
RCN08176	0.9998853498617842
RCN08177	0.9976730382846218
RCN08179	0.999785077093795
RCN08180	0.4496466616326705
RCN08181	0.6693697124895464
RCN08182	0.6718432439704722
RCN08183	0.6244330039148598
RCN08184	0.9977186697328913
RCN08185	0.992223692011572
RCN08186	0.9962406826877742
RCN08187	0.9604203672878084
RCN08189	0.9954548352249408
RCN08190	0.9996935665331236
RCN08191	0.9921929384811834
RCN08192	0.991248712621827
RCN08193	0.9357509626974784
RCN08197	0.4175769725891376
RCN08198	0.9903292677016652
RCN08199	0.9875924382802416
RCN08200	0.9866651063842318
RCN08201	0.9967082316705248
RCN08202	0.6381466477364979
RCN08204	0.7472132604925463
RCN08205	0.7102697372574772
RCN08206	0.5152119763104474
RCN08207	0.93951835375119
RCN08209	0.9995361957521248
RCN08210	0.8689774828617394
RCN08211	0.9995755918550132
RCN08213	0.7621742304071956
RCN08214	0.5346921200958086
RCN08215	0.9897771724794242
RCN08216	0.995515358816811
RCN08217	0.9964671210524242
RCN08218	0.9950300583723368
RCN08219	0.6312600258720923
RCN08220	0.9972276161277248
RCN08221	0.997181854609928
RCN08240	0.9401728484770528
RCN08241	0.994207755535915
RCN08245	0.6138418031103254
RCN08248	0.9918690131757104
RCN08252	0.5613875077328321
RCN08253	0.8227644335364073
RCN08254	0.3270382696800604
RCN08256	0.9934634771144948
RCN08259	0.6985977471366962
RCN08261	0.4047098163652539
RCN08262	0.4219742661831726
RCN08263	0.6159918057051845
RCN08265	0.361951963055145
RCN08268	0.997466352580096
RCN08269	0.610829758220536
RCN08270	0.9785119189661062
RCN08272	0.4423899781427394
RCN08273	0.6862805303330084
RCN08274	0.884461153978688
RCN08278	0.6177773235850206
RCN08279	0.9983762032288904
RCN08280	0.6520397302510335
RCN08281	0.9951959046324323
RCN08282	0.7448570041733968
RCN08283	0.9993003762245348
RCN08284	0.7751967743826796
RCN08285	0.9983680562114916
RCN08286	0.9360489341830344
RCN08287	0.9986809310181216
RCN08288	0.7461391010226699
RCN08289	0.9942854544423052
RCN08290	0.544874332197076
RCN08291	0.995799362979484
RCN08293	0.8623252270938745
RCN08294	0.6467832260459971
RCN08295	0.6229024602468007
RCN08296	0.7317072374106104
RCN08297	0.8917404799290451
RCN08298	0.9969691747101614
RCN08299	0.9987323420551196
RCN08300	0.9991787675444912
RCN08301	0.8605044755687499
RCN08303	0.9967296677253924
RCN08304	0.8253709565176441
RCN08305	0.9985872568833796
RCN08306	0.9941224537460244
RCN08307	0.5317907129231672
RCN08308	0.9990275180534696
RCN08309	0.9943798783944672
RCN08310	0.7438171428614972
RCN08311	0.9915510320734215
RCN08312	0.9970387211488152
RCN08313	0.9632730840814469
RCN08314	0.9901734375251257
RCN08315	0.504218163957525
RCN08316	0.994954881626831
RCN08317	0.9955171752769144
RCN08318	0.935468196597986
RCN08320	0.4751616279847801
RCN08321	0.9911515162901344
RCN08322	0.5942036830737134
RCN08323	0.8153767143585717
RCN08324	0.9931176834088896
RCN08325	0.998450109281066
RCN08326	0.5393642264509357
RCN08327	0.9942261305931792
RCN08328	0.7231681958955589
RCN08329	0.9975393574535848
RCN08330	0.8027754448400071
RCN08331	0.992810668620792
RCN08332	0.9938039120341572
RCN08333	0.8366934553632461
RCN08334	0.4105057564970703
RCN08335	0.75080755022108
RCN08336	0.9966210570858864
RCN08337	0.9916304532913912
RCN08338	0.759652481509001
RCN08339	0.994943066092158
RCN08340	0.9945373717620328
RCN08341	0.7103534536921541
RCN08342	0.995317181154436
RCN08343	0.9956758264859144
RCN08344	0.9990832756426828
RCN08345	0.9925543894837277
RCN08346	0.9981727474508268
RCN08348	0.9959804138110958
RCN08349	0.9981535179461638
RCN08350	0.9958981740531148
RCN08352	0.9911364458899028
RCN08360	0.9682427876135536
RCN08361	0.6884616579890686
RCN08364	0.9938943765491606
RCN08365	0.9934320808440248
RCN08366	0.9925755155470624
RCN08367	0.9942125766719556
RCN08368	0.9936093791745392
RCN08369	0.992977174439754
RCN08370	0.988976936798136
RCN08371	0.9785788579603988
RCN08372	0.9977590181071716
RCN08374	0.9961728584384436
RCN08375	0.9952273555759994
RCN08376	0.99229550672669
RCN08377	0.9944824757298948
RCN08378	0.9685487860340948
RCN08379	0.9937145711854852
RCN08380	0.9954820772013752
RCN08381	0.9908034564715794
RCN08382	0.9951594073451842
RCN08383	0.9943057413275402
RCN08384	0.995376471846738
RCN08385	0.9941674949185948
RCN08386	0.994395894889492
RCN08387	0.9923417267613736
RCN08388	0.9809907024154844
RCN08389	0.9972857760368898
RCN08390	0.994625064874344
RCN08392	0.9947963134771988
RCN08393	0.9938990485552494
RCN08621	0.9995008952503892
RCN08623	0.9993296687464018
RCN08624	0.9999734186813156
RCN08626	0.9999999980901122
RCN08629	0.7396521933317877
RCN08633	0.8182002783759537
RCN08634	0.7585159058592383
RCN08635	0.8826358191313524
RCN08636	0.9978382701300886
RCN08637	0.9793886180585112
RCN08638	0.9954300710351826
RCN08639	0.9996546321023864
RCN08640	0.9972466232083876
RCN08641	0.996363115137376
RCN08642	0.8745126113151047
RCN08643	0.8434624472738189
RCN08644	0.8725275081335835
RCN08645	0.8702486279121944
RCN08646	0.9987597979906924
RCN08647	0.9999071704490192
RCN08648	0.9141028413742768
RCN08649	0.8946631019292788
RCN08650	0.999942281123429
RCN08651	0.8555365294250681
RCN08652	0.7158079065518088
RCN08653	0.9986277252277226
RCN08654	0.7783031292803023
RCN08655	0.9984571156425052
RCN08656	0.9954471029473536
RCN08657	0.999102799753702
RCN08659	0.9948111561225446
RCN08660	0.999095174471446
RCN08661	0.9996260239407784
RCN08662	0.9985578783956124
RCN08663	0.8858529448998856
RCN08664	0.8519579944949357
RCN08665	0.999504976282637
RCN08666	0.9994566633353802
RCN08667	0.9985743278858954
RCN08668	0.9822987528068732
RCN08669	0.5992033188980206
RCN08670	0.9938364080313292
RCN08671	0.9717235996905982
RCN08672	0.9667751428373128
RCN08673	0.998289922470961
RCN08674	0.9982038906224246
RCN08675	0.999546513314025
RCN08676	0.997807367441932
RCN08677	0.9966673982729002
RCN08678	0.9990669572469074
RCN08679	0.9987945411685454
RCN08680	0.9997501777984108
RCN08681	0.9937061722699838
RCN08682	0.946280208781272
RCN08683	0.9995079952132404
RCN08684	0.5388542339548974
RCN08685	0.9991713878936946
RCN08686	0.9940231454894284
RCN08687	0.9990580113580868
RCN08688	0.9985867944186207
RCN08689	0.9996806117611784
RCN08690	0.9992069905233476
RCN08692	0.8583425665578559
RCN08693	0.8551453682082393
RCN08694	0.8435044368545164
RCN08695	0.8470502578164079
RCN08696	0.8630530516265479
RCN08699	0.6919471330295606
RCN08700	0.6531789527827321
RCN08701	0.6591716980299258
RCN08702	0.9998005990024595
RCN08703	0.9984478378564596
RCN08704	0.9996328878845556
RCN08705	0.853408489756896
RCN08706	0.9989757861455804
RCN08707	0.9992080932747672
RCN08709	0.7640628254727837
RCN08710	0.8964535102744214
RCN08712	0.902408582333682
RCN08713	0.8035593674823822
RCN08714	0.998894386219822
RCN08715	0.9996783055085364
RCN08719	0.9983863939273177
RCN08720	0.9983931683158188
RCN08722	0.999779305820136
RCN08723	0.999529188931116
RCN08724	0.9993341948593164
RCN08725	0.9610036509569438
RCN08726	0.9989863564889988
RCN08727	0.903601490887445
RCN08728	0.8397454984918592
RCN08729	0.9997729590288656
RCN08730	0.9996140651347076
RCN08731	0.9999999998049922
RCN08732	0.999329299508261
RCN08733	0.9998261627661236
RCN08734	0.9995667707773112
RCN08736	0.9998825990407008
RCN08737	0.997278696424188
RCN08738	0.89562449692804
RCN08739	0.704161197931328
RCN08740	0.998811023086283
RCN08741	0.9981400728256828
RCN08742	0.9963009676329704
RCN08743	0.9997494851155432
RCN08744	0.9964953162705072
RCN08745	0.9009628130594598
RCN08746	0.9993350882863592
RCN08747	0.9813519031304097
RCN08748	0.9992396688192048
RCN08749	0.9999999996725184
RCN08750	0.924301929022138
RCN08751	0.999293735804957
RCN08752	0.9984108246753126
RCN08753	0.9657232892524638
RCN08754	0.9983215642729713
RCN08756	0.99841147603233
RCN08757	0.9978634669114436
RCN08758	0.9900949633998068
RCN08759	0.9987056046347584
RCN08761	0.9984578276682436
RCN08762	0.9989807553507584
RCN08763	0.9991695220042724
RCN08764	0.9972912906260156
RCN08765	0.9965611845573956
RCN08766	0.9238119083246366
RCN08767	0.9989357811098268
RCN08768	0.993323088569239
RCN08769	0.9983091742727452
RCN08770	0.8804566556335269
RCN08771	0.998198932924362
RCN08772	0.9983775257258788
RCN08773	0.978625610039476
RCN08774	0.9990880260733788
RCN08775	0.9953433246664708
RCN08776	0.9972854365555592
RCN08777	0.7211660632072536
RCN08778	0.9971003796368662
RCN08779	0.9994438563538028
RCN08780	0.997902405875247
RCN08781	0.6491862930600483
RCN08782	0.7884467944603832
RCN08783	0.9932251050415764
RCN08784	0.9062588097530092
RCN08807	0.941292406125863
RCN08808	0.9999999985663104
RCN08809	0.999667741360628
RCN08810	0.996739041049039
RCN08811	0.9999999999183904
RCN08812	0.9965985021845032
RCN08813	0.9999999999497096
RCN08814	0.999736544131162
RCN08815	0.9984282528646128
RCN08816	0.9968034527956088
RCN08817	0.999322915883176
RCN08818	0.9965419389913792
RCN08819	0.9986044428374756
RCN08820	0.9996149466223456
RCN08821	0.9991703853298348
RCN08822	0.9997767852685264
RCN08824	0.9995937951212313
RCN08825	0.994383471970981
RCN08827	0.999860250191734
RCN08828	0.9996352231699446
RCN08829	0.9999446324685468
RCN08830	0.999285358732488
RCN08831	0.9998405070083346
RCN08833	0.7836596509484315
RCN08834	0.999782010687529
RCN08878	0.9996288481208664
RCN08880	0.9996412101815022
RCN08881	0.999527948147138
RCN08882	0.9997584715495093
RCN08883	0.9998859266485252
RCN08884	0.9993257555752496
RCN08885	0.9997546546481814
RCN08887	0.9999864116738658
RCN08888	0.9986264594879016
RCN08889	0.9995590168586
RCN08890	0.9997217169914108
RCN08891	0.9998577296946978
RCN08892	0.9970113373138184
RCN08922	0.9984758533896184
RCN08923	0.9959161006853716
RCN08925	0.9961299852386744
RCN08926	0.9976670227126094
RCN08927	0.9959303961778462
RCN08929	0.9989379166991992
RCN08930	0.9969370717742718
RCN08931	0.9936473300596842
RCN08933	0.9957218126088349
RCN08934	0.9964092687540622
RCN08935	0.9936587378800404
RCN08936	0.9956146490224318
RCN08937	0.9976213768916088
RCN08938	0.998606972549959
RCN08939	0.9989487228080024
RCN08941	0.9976958078558468
RCN08942	0.9971562159031372
RCN08943	0.9990637325350272
RCN08945	0.9993956482133852
RCN08946	0.6593301795659301
RCN08947	0.9950428347779836
RCN08949	0.9965974087733548
RCN08950	0.99588384305963
RCN08951	0.9975721165041967
RCN08952	0.9963633929004562
RCN08953	0.9970994367253988
RCN08954	0.9941496413372388
RCN08955	0.9994425370468456
RCN08957	0.9983368218580916
RCN08958	0.992510850802798
RCN08959	0.9962834326130444
RCN08960	0.9953267276551356
RCN08961	0.9983338221732664
RCN08962	0.99516733672375
RCN08963	0.7671500302538979
RCN08966	0.9977144270941672
RCN08971	0.9985215634221734
RCN08973	0.996331905036518
RCN08974	0.9934923258891132
RCN08975	0.9970825903612968
RCN08976	0.9976847374296628
RCN08977	0.9955487589541024
RCN08978	0.9972726797561604
RCN08979	0.9977105443498224
RCN08981	0.9988803957303716
RCN08982	0.9996136796733066
RCN08984	0.9976233219333897
RCN08985	0.9984061436277056
RCN08987	0.9949544508196682
RCN08989	0.9441911518650642
RCN08990	0.6756016567116143
RCN08991	0.9967529417396604
RCN08992	0.8522402253430277
RCN08993	0.9764968422663052
RCN08994	0.9974456281960776
RCN08995	0.9952677547018528
RCN08998	0.9962889239269832
RCN08999	0.7192448989475287
RCN09000	0.9954784344866138
RCN09001	0.8323378003656083
RCN09002	0.8869679946781379
RCN09003	0.9561909870505484
RCN09006	0.7419435888213006
RCN09007	0.7199371009893479
RCN09010	0.9442005129568418
RCN09012	0.8605220440607677
RCN09014	0.9961577015476644
RCN09016	0.9961364848677012
RCN09018	0.9987930886518536
RCN09019	0.994642966170974
RCN09020	0.9877544487828984
RCN09021	0.9858424609677756
RCN09022	0.7740215135242652
RCN09023	0.993296146122208
RCN09024	0.9992833163068824
RCN09025	0.994434381140361
RCN09027	0.9961673638716966
RCN09029	0.9902455614718372
RCN09031	0.996485115668868
RCN09032	0.99671646038745
RCN09033	0.8013417275776243
RCN09034	0.9831122275031686
RCN09035	0.9962613988183088
RCN09036	0.9959307641190236
RCN09037	0.9979856962063364
RCN09038	0.9964102898234588
RCN09039	0.9959183742382822
RCN09040	0.9997758223655614
RCN09041	0.9958932048012714
RCN09042	0.9989271969901676
RCN09043	0.995384659602336
RCN09044	0.9981949253191168
RCN09045	0.922311668075804
RCN09046	0.9990523498581751
RCN09047	0.9952229146302922
RCN09048	0.9976048789396584
RCN09049	0.9763818408665248
RCN09050	0.9764388175627228
RCN09052	0.9997341691739616
RCN09053	0.9956778095300816
RCN09054	0.9999108711476852
RCN09055	0.9989642005440078
RCN09056	0.9998731613276538
RCN09057	0.9989079754952224
RCN09058	0.9992872434305936
RCN09059	0.9987329753462671
RCN09060	0.9977849727585424
RCN09061	0.9998252617931248
RCN09062	0.9988644452302043
RCN09063	0.9988438568114936
RCN09064	0.995014468267758
RCN09065	0.996560081398947
RCN09066	0.9979001166411684
RCN09069	0.9999890202506202
RCN09070	0.9985089174238648
RCN09071	0.9992349822748052
RCN09072	0.9964633365438702
RCN09073	0.9995994530112412
RCN09074	0.9992709523796366
RCN09075	0.9985987055537346
RCN09076	0.9967498669459556
RCN09077	0.9951437510712272
RCN09079	0.9984997352746948
RCN09080	0.9974286231407248
RCN09081	0.9177131892664808
RCN09082	0.9967428769682236
RCN09083	0.9964996109917958
RCN09084	0.9973105338796556
RCN09088	0.9969100071444382
RCN09093	0.997834092256914
RCN09095	0.9984693045953522
RCN09096	0.9966914787066852
RCN09098	0.9995752616072348
RCN09105	0.9969711845992052
RCN09106	0.9981532574876132
RCN09110	0.996080553763937
RCN09111	0.9987322250337956
RCN09112	0.9956413005920948
RCN09113	0.996642718866002
RCN09114	0.9972548627598472
RCN09115	0.9988314303738614
RCN09116	0.9957320338509056
RCN09117	0.9218825632148084
RCN09118	0.9966347784158716
RCN09119	0.8280777320862733
RCN09120	0.8220333409283442
RCN09121	0.9956324832710516
RCN09122	0.9944055017820892
RCN09126	0.9967236915570185
RCN09127	0.999544365774969
RCN09128	0.9954431009710816
RCN09129	0.9984316365814282
RCN09130	0.8728042433420078
RCN09131	0.7819468881146161
RCN09132	0.995456987786274
RCN09133	0.9977852076633305
RCN09134	0.9962856172792314
RCN09135	0.99695866148656
RCN09136	0.9989518215751269
RCN09137	0.9975977121973728
RCN09138	0.7031765855342056
RCN09139	0.9948381506408566
RCN09140	0.9972400838112856
RCN09141	0.9130114118142244
RCN09143	0.9997884793910012
RCN09144	0.928283141009544
RCN09145	0.999855857936541
RCN09146	0.9976574231395108
RCN09147	0.7613694813669108
RCN09148	0.996546558557937
RCN09149	0.9968754339980102
RCN09150	0.998975132887836
RCN09151	0.9973012975834936
RCN09155	0.9052699827476408
RCN09156	0.9959761334219815
RCN09157	0.9982498773176772
RCN09158	0.9014720498474048
RCN09159	0.9958156784869582
RCN09160	0.9951825992420198
RCN09161	0.9974180174483328
RCN09162	0.996139514631337
RCN09163	0.9497171588352304
RCN09164	0.996109020280849
RCN09165	0.9783743172102513
RCN09166	0.9988801297049816
RCN09167	0.9986801056328052
RCN09168	0.9359272104159382
RCN09170	0.9968549204235098
RCN09220	0.999037197083798
RCN09225	0.9999999992472596
RCN09226	0.9995076322453088
RCN09229	0.9999999997232176
RCN09230	0.9998702338318703
RCN09234	0.9975031500317206
RCN09235	0.996721577831192
RCN09236	0.9845217490019385
RCN09238	0.9977694330287924
RCN09239	0.998403603006714
RCN09240	0.994420537881296
RCN09241	0.9998551771747364
RCN09245	0.9935603027395904
RCN09250	0.5942356545263912
RCN09251	0.9974363211708506
RCN09254	0.9938662833580494
RCN09258	0.9958467069942164
RCN09259	0.9939198073622928
RCN09260	0.9938304505273976
RCN09261	0.9974232813704368
RCN09262	0.99267139229718
RCN09264	0.9894254979675552
RCN09265	0.999420983171334
RCN09266	0.9689886272137392
RCN09268	0.9897635732262726
RCN09269	0.843988879453351
RCN09270	0.990255762487528
RCN09271	0.992299319024019
RCN09272	0.997521598895158
RCN09273	0.8980040951352705
RCN09274	0.9934449804106952
RCN09276	0.994865566472498
RCN09278	0.9940324345718512
RCN09282	0.9999999996093596
RCN09283	0.9971879511266184
RCN09284	0.9964339706114188
RCN09285	0.9990597985550382
RCN09286	0.662789204261829
RCN09292	0.9980566635770406
RCN09293	0.9964979726160036
RCN09295	0.998475393137972
RCN09296	0.9971670698142352
RCN09299	0.9971932749152762
RCN09301	0.9952713844954072
RCN09302	0.9982973981811664
RCN09303	0.9962735078658796
RCN09305	0.9995165038990882
RCN09306	0.9977104670622794
RCN09308	0.9994698566935948
RCN09309	0.9984560454308172
RCN09310	0.9984508936669386
RCN09312	0.99785072253888
RCN09313	0.9993206162098416
RCN09314	0.999021365950407
RCN09315	0.9985797849502644
RCN09316	0.9980898128527173
RCN09317	0.9984365625244012
RCN09318	0.999330337062384
RCN09319	0.9989476531719268
RCN09320	0.9989744440560978
RCN09322	0.996894639100913
RCN09324	0.9952650947429575
RCN09326	0.998701779418154
RCN09329	0.9998374267602906
RCN09330	0.9959487589446344
RCN09331	0.9973008882951312
RCN09332	0.9966799598835202
RCN09333	0.999038231969669
RCN09334	0.9958806719726936
RCN09337	0.998098655012352
RCN09338	0.9951250291376004
RCN09339	0.9836585472108832
RCN09340	0.9600317370350916
RCN09341	0.9732005719794298
RCN09342	0.9978857184518616
RCN09344	0.9963589226979626
RCN09346	0.8414870233814865
RCN09347	0.996781003621982
RCN09348	0.9991509066476512
RCN09350	0.9981549525057488
RCN09352	0.9989763629308436
RCN09354	0.9894137859380367
RCN09360	0.9988637004406749
RCN09362	0.9981375882466578
RCN09363	0.997763135409755
RCN09364	0.9986434395350936
RCN09365	0.9972125387264956
RCN09366	0.9988489439439124
RCN09367	0.7876814098925843
RCN09368	0.9956245457404002
RCN09369	0.9998504190518368
RCN09370	0.9978922677392292
RCN09373	0.9994013477689836
RCN09375	0.9982663015312588
RCN09378	0.99439860938865
RCN09379	0.9985794310833476
RCN09381	0.999478448083026
RCN09382	0.9989838313525934
RCN09385	0.9988481582578844
RCN09386	0.999963778413689
RCN09387	0.9996350674032536
RCN09388	0.997783040995992
RCN09389	0.9983108857438002
RCN09390	0.9994881240412244
RCN09391	0.9999358881200082
RCN09394	0.999601779629608
RCN09398	0.9999275963002816
RCN09399	0.9965482136097144
RCN09400	0.9988771802090962
RCN09401	0.9994238902200504
RCN09402	0.9997974351539796
RCN09403	0.999374104504658
RCN09405	0.9990988473282354
RCN09412	0.9988764963590576
RCN09413	0.9987705487109024
RCN09415	0.9984142878109274
RCN09416	0.9962845336591302
RCN09418	0.9994761614836808
RCN09419	0.998048064763902
RCN09420	0.9998246279715924
RCN09421	0.9999921614390008
RCN09423	0.9956434662592046
RCN09424	0.9999699749027564
RCN09425	0.9958345308939416
RCN09426	0.9987057105510492
RCN09427	0.993874511644494
RCN09428	0.998592008277998
RCN09433	0.9992547259580332
RCN09435	0.9965014660652604
RCN09436	0.9957140439514288
RCN09439	0.9990067474038302
RCN09440	0.9971961080200196
RCN09441	0.9862532450797448
RCN09443	0.9940944068444748
RCN09446	0.9971734385937768
RCN09451	0.9982773957995504
RCN09454	0.997916552162872
RCN09458	0.9979936023159968
RCN09460	0.9991579178485536
RCN09462	0.998581416049632
RCN09463	0.9967542592116888
RCN09464	0.998141362447422
RCN09466	0.9991734319133662
RCN09467	0.9974646508796776
RCN09472	0.9994027224155992
RCN09475	0.9981519760935564
RCN09477	0.9994369665935972
RCN09478	0.9988864901634832
RCN09481	0.9994648906434732
RCN09483	0.9964208607809164
RCN09485	0.9999604851715872
RCN09486	0.9995316639755676
RCN09487	0.9999924561314848
RCN09489	0.998861080055802
RCN09490	0.9970338386658834
RCN09491	0.9985102506090826
RCN09492	0.9967110761406092
RCN09493	0.9981072392563708
RCN09494	0.9990260789086168
RCN09495	0.999293170929999
RCN09501	0.997480077323618
RCN09503	0.9997411016076708
RCN09504	0.9964779367998968
RCN09505	0.9963012136212224
RCN09506	0.9973334695868514
RCN09507	0.9999267034631816
RCN09509	0.9988054054886452
RCN09512	0.9946415372493456
RCN09515	0.9971375592322814
RCN09518	0.8676228234971674
RCN09519	0.9988163998572251
RCN09520	0.9967805209227631
RCN09522	0.9929496661778462
RCN09524	0.9978930932823412
RCN09525	0.996489132549482
RCN09526	0.999341430659577
RCN09527	0.9960406697693484
RCN09532	0.9989079361421992
RCN09533	0.996735832433798
RCN09534	0.9982807492572308
RCN09535	0.999054016853265
RCN09536	0.9962708032523524
RCN09537	0.9964582327737272
RCN09539	0.99542395435622
RCN09540	0.9942549340886891
RCN09541	0.9988944416182224
RCN09542	0.9937573878304568
RCN09544	0.9967019589493158
RCN09547	0.9999355939483842
RCN09549	0.9982395567666472
RCN09550	0.9963922564048876
RCN09552	0.9975233068381714
RCN09554	0.9943203218902892
RCN09555	0.998398089178873
RCN09559	0.9979300130704152
RCN09560	0.997735296373928
RCN09561	0.999384217540424
RCN09562	0.9979152434940952
RCN09565	0.9978669952688556
RCN09566	0.9965374498550152
RCN09567	0.9959520097653486
RCN09568	0.9967964815158216
RCN09569	0.9969506866139984
RCN09570	0.9965419977843476
RCN09571	0.9988333405362496
RCN09572	0.9977574979544934
RCN09573	0.4552588795333164
RCN09574	0.995639018859126
RCN09575	0.9996706123785504
RCN09576	0.9980834535672636
RCN09577	0.997818413193142
RCN09578	0.9985533242985762
RCN09580	0.9996351151382628
RCN09581	0.9997423319495954
RCN09582	0.9960679262395185
RCN09584	0.9962092328924876
RCN09585	0.9989001819613066
RCN09586	0.9971848480588515
RCN09587	0.9961088407239036
RCN09588	0.999668811804016
RCN09589	0.9959816139389156
RCN09590	0.9967401437362956
RCN09592	0.9984667282702168
RCN09594	0.9976923751050124
RCN09596	0.9949745465049872
RCN09597	0.9948368024429944
RCN09599	0.9994733941923992
RCN09600	0.997118367376844
RCN09602	0.998167820836497
RCN09605	0.9972737802740252
RCN09607	0.9948185194659928
RCN09610	0.9958256571713268
RCN09611	0.995722845087604
RCN09612	0.9970478865692136
RCN09613	0.996353153546922
RCN09614	0.9961449487029114
RCN09615	0.9976403929920942
RCN09616	0.9968529514080804
RCN09617	0.99878537307883
RCN09619	0.9927387750173088
RCN09621	0.9972094527805044
RCN09622	0.9981508242902964
RCN09624	0.9994034536463337
RCN09625	0.9953337436398026
RCN09628	0.9967898077602402
RCN09630	0.9987593118603776
RCN09631	0.9985604890279391
RCN09632	0.9766755394166042
RCN09633	0.99863667957365
RCN09636	0.9969826464147622
RCN09637	0.987236555009962
RCN09638	0.9581765296535666
RCN09639	0.9986159872142968
RCN09640	0.9978366398904872
RCN09641	0.9964604390409922
RCN09642	0.9988183272603164
RCN09643	0.9769561970104648
RCN09644	0.9974061120924214
RCN09647	0.9961707801017384
RCN09648	0.9360311182242476
RCN09649	0.9996590753402534
RCN09650	0.4813584640829803
RCN09652	0.995031144165115
RCN09653	0.999533191751768
RCN09654	0.9974356738572528
RCN09655	0.994277473029985
RCN09656	0.9969739861825144
RCN09657	0.999234399578456
RCN09658	0.9991369571031804
RCN09662	0.9985666109015738
RCN09663	0.9989391527326924
RCN09664	0.9993120984683244
RCN09666	0.9987264891518788
RCN09667	0.9962853607693768
RCN09668	0.9963093861539868
RCN09669	0.9986257762175236
RCN09670	0.997306757401201
RCN09671	0.9960219352120868
RCN09673	0.9932346742842773
RCN09675	0.6424252963401466
RCN09677	0.999655256726208
RCN09678	0.9940920247929912
RCN09680	0.992276690064708
RCN09681	0.99736296191883
RCN09683	0.9971813524114124
RCN09684	0.997649368341718
RCN09685	0.9972359828766008
RCN09687	0.9970007715831112
RCN09688	0.9978703901179838
RCN09689	0.9956626546630843
RCN09690	0.9929226268662288
RCN09691	0.9951395980672392
RCN09694	0.9988065020622054
RCN09695	0.9995369798575392
RCN09696	0.9984920897309169
RCN09697	0.998789345693217
RCN09699	0.9989252574218588
RCN09700	0.9984092495277034
RCN09701	0.9984117909724892
RCN09702	0.9582781507683104
RCN09703	0.996953796426726
RCN09704	0.9987254294708812
RCN09705	0.9945129468583452
RCN09708	0.757693309997437
RCN09709	0.9949710928539331
RCN09710	0.9989955802897004
RCN09711	0.995063985578306
RCN09712	0.995940178885343
RCN09713	0.9985996749333322
RCN09714	0.9977772002686508
RCN09715	0.997513186356869
RCN09716	0.9974925023504486
RCN09717	0.9966328932310694
RCN09718	0.9971845530344056
RCN09719	0.9961755873418034
RCN09720	0.9953775278357002
RCN09721	0.9993684055031328
RCN09722	0.9980925802560944
RCN09723	0.9961669169580666
RCN09725	0.9959805274427872
RCN09726	0.9973472044842584
RCN09728	0.9984190464806232
RCN09729	0.9974874412421728
RCN09734	0.9991612679641064
RCN09735	0.996109242173586
RCN09736	0.9955769137415283
RCN09737	0.997554868119536
RCN09738	0.9975346901657168
RCN09740	0.9886444045287386
RCN09741	0.990086690053859
RCN09743	0.9966593120135584
RCN09744	0.9957568731236665
RCN09745	0.9984667041974562
RCN09746	0.9955843376617758
RCN09748	0.9969452703557916
RCN09749	0.9987348142046144
RCN09751	0.997095705023614
RCN09753	0.995247216349902
RCN09756	0.9953340397275824
RCN09757	0.9915440609404248
RCN09759	0.9822804523786692
RCN09760	0.9971637464603128
RCN09761	0.9988212648045268
RCN09762	0.6486822324889824
RCN09763	0.9986177133015836
RCN09764	0.9988773849526936
RCN09765	0.9911380182895976
RCN09767	0.9941402378119176
RCN09768	0.9701496024341628
RCN09771	0.9970346972980773
RCN09772	0.8627719191336168
RCN09773	0.995327928210974
RCN09774	0.9990126100989368
RCN09776	0.9954511760106072
RCN09777	0.9954819029536311
RCN09780	0.9946698055650413
RCN09782	0.9563144879659808
RCN09783	0.9944086304114164
RCN09784	0.9686664937170808
RCN09785	0.9928083777623726
RCN09786	0.9940548040775532
RCN09787	0.9972002002733936
RCN09788	0.9970184864920576
RCN09791	0.9964502520292676
RCN09792	0.9988070747885784
RCN09793	0.9995080612956516
RCN09794	0.998509127281232
RCN09796	0.999781686053062
RCN09798	0.9982794487025702
RCN09800	0.9995355709834154
RCN09805	0.8644830636320999
RCN09809	0.9952289169052136
RCN09811	0.9980190929125624
RCN09812	0.9980722007926384
RCN09813	0.9998184475157864
RCN09814	0.9994634371908702
RCN09815	0.998491119989207
RCN09816	0.9979921209068509
RCN09818	0.997255043814655
RCN09819	0.993409837643838
RCN09820	0.997613037513822
RCN09823	0.998379774413544
RCN09825	0.9978206755390088
RCN09826	0.996385373874613
RCN09827	0.9961960023540456
RCN09828	0.9993658454448926
RCN09829	0.9974447589947848
RCN09832	0.999797306069708
RCN09834	0.9927761220813222
RCN09835	0.9945702151834384
RCN09836	0.999638765629268
RCN09837	0.9990401393881776
RCN09839	0.9973027829994237
RCN09842	0.9965950687506148
RCN09843	0.9973446307825548
RCN09845	0.9989758020388788
RCN09847	0.9989292581678246
RCN09850	0.9974725265184372
RCN09851	0.9999999996909168
RCN09852	0.9985524639736048
RCN09853	0.9958645482867128
RCN09854	0.9941179769555684
RCN09855	0.9952306254569876
RCN09856	0.9932760113817796
RCN09857	0.978024032979968
RCN09860	0.9972570725240608
RCN09863	0.9962482230988664
RCN09864	0.9901808376692536
RCN09865	0.998228413609798
RCN09868	0.9970849114842446
RCN09874	0.9998665467795688
RCN09878	0.9945922090582188
RCN09880	0.9999831993819964
RCN09881	0.9983773848826988
RCN09884	0.998708329353196
RCN09888	0.9960657232837088
RCN09889	0.9970637741681696
RCN09890	0.9957258491705252
RCN09892	0.9987115538389107
RCN09893	0.9960454906303604
RCN09894	0.9983742972787908
RCN09895	0.7243457223098068
RCN09898	0.9967009644848552
RCN09899	0.9975465403806684
RCN09900	0.9974520962034308
RCN09901	0.997786175459229
RCN09902	0.9971380506427928
RCN09904	0.999993332954067
RCN09905	0.9959490407292948
RCN09906	0.9962899242770086
RCN09907	0.9926954771742768
RCN09908	0.99822106247342
RCN09910	0.9944999395421088
RCN09911	0.9992177901044508
RCN09912	0.9935723304851604
RCN09913	0.9957238037119556
RCN09914	0.9940069979728146
RCN09915	0.9987879194133046
RCN09916	0.9985641536369912
RCN09919	0.9995912258669398
RCN09920	0.9966862831950272
RCN09921	0.9986382245486066
RCN09922	0.9974499210521048
RCN09923	0.9497362138603264
RCN09924	0.9985913462343544
RCN09925	0.9976475831779368
RCN09926	0.998618190485491
RCN09927	0.9982774603781236
RCN09928	0.9974091064476288
RCN09929	0.9975479930069142
RCN09930	0.999087811043962
RCN09931	0.9956426568809568
RCN09932	0.999700377496134
RCN09933	0.992827111789253
RCN09934	0.9964909163890416
RCN09935	0.997355288572654
RCN09936	0.9983844112981292
RCN09939	0.994594715829098
RCN09940	0.9974495765696664
RCN09941	0.9990601038216906
RCN09942	0.9948137449052504
RCN09943	0.9986161423385188
RCN09944	0.9960282091202568
RCN09945	0.9990431035561028
RCN09946	0.9999892998387108
RCN09948	0.994721639832
RCN09950	0.9997411891332963
RCN09951	0.9986612928059516
RCN09952	0.9991018035066336
RCN09953	0.9980494295888328
RCN09954	0.9971041718139936
RCN09955	0.9968104056922368
RCN09956	0.9981898438597734
RCN09958	0.9986391570159628
RCN09959	0.9958226463748774
RCN09960	0.99840260165224
RCN09961	0.9984823196652998
RCN09962	0.9985528936439808
RCN09963	0.9951112575989912
RCN09964	0.9980777763339268
RCN09965	0.9986506910428544
RCN09967	0.9977632095375728
RCN09969	0.9983880472908307
RCN09970	0.9989223201910656
RCN09973	0.997067263126544
RCN09974	0.9989714585784462
RCN09978	0.9983852665788566
RCN09979	0.9979801801207526
RCN09986	0.9969045058204448
RCN09987	0.9978272358426128
RCN09988	0.9975605092790332
RCN09989	0.823830416159167
RCN09990	0.9513963062129644
RCN09992	0.9973124682846618
RCN09994	0.998044799405712
RCN10000	0.997964311186625
RCN10002	0.9995894112250234
RCN10003	0.999488578237928
RCN10004	0.9973050226118562
RCN10006	0.9976827858114856
RCN10007	0.9999915048901056
RCN10008	0.9984025096548192
RCN10009	0.998004675182093
RCN10010	0.9953872648422892
RCN10011	0.9971857047519656
RCN10012	0.9967452299696268
RCN10014	0.9988448101367938
RCN10015	0.9976298835199088
RCN10016	0.9989684641950286
RCN10019	0.996755680289208
RCN10021	0.9972801537536766
RCN10143	0.8668522149516587
RCN10145	0.8311678593045836
RCN10151	0.9941714048128696
RCN10159	0.9956902001490616
RCN10162	0.8161044288152784
RCN10167	0.8635060430021293
RCN10168	0.6901088150494006
RCN10169	0.8572208139295412
RCN10170	0.9999999998315046
RCN10175	0.9927347694310265
RCN10176	0.5477334784319754
RCN10178	0.9983320754416106
RCN10179	0.998852460588876
RCN10181	0.7251970751411113
RCN10183	0.9200920954019258
RCN10185	0.9946885888368246
RCN10187	0.6790802261948576
RCN10188	0.9956542138674704
RCN10189	0.8413440656952151
RCN10190	0.787963318448806
RCN10192	0.9933606310687614
RCN10194	0.5198400036394253
RCN10195	0.8757387177848573
RCN10196	0.9902771740482238
RCN10199	0.995912909878802
RCN10200	0.9425962594536876
RCN10201	0.9961764020107778
RCN10202	0.9955745691603584
RCN10203	0.9965476624392524
RCN10204	0.9930602396735592
RCN10205	0.993536469717342
RCN10207	0.7034938733774314
RCN10208	0.9927887941350138
RCN10210	0.9955550656834478
RCN10213	0.5982316378167891
RCN10215	0.9969718054206652
RCN10217	0.9965844134584264
RCN10219	0.989625858354126
RCN10220	0.945899313010098
RCN10221	0.988824101808426
RCN10223	0.7544065649764738
RCN10224	0.9927434860634586
RCN10225	0.92014792710039
RCN10226	0.9951129738958208
RCN10227	0.9976574020351784
RCN10238	0.9979751777196346
RCN10244	0.9998407700061808
RCN10246	0.9974631740352978
RCN10247	0.9939497808013008
RCN10250	0.9992182356239536
RCN10252	0.9984106108936958
RCN10254	0.9977804142273944
RCN10256	0.9970096223470526
RCN10268	0.8292021749611838
RCN10279	0.4736379352194334
RCN10286	0.9985683205360372
RCN10290	0.995114351819124
RCN10291	0.9964945917418612
RCN10292	0.9935225005006644
RCN10293	0.9997301917763954
RCN10296	0.9980666702634856
RCN10297	0.9932573051837318
RCN10298	0.9932452816892164
RCN10299	0.9953127669885058
RCN10300	0.9994803688285984
RCN10305	0.999779736212864
RCN10306	0.9921630687693472
RCN10307	0.9999999989728028
RCN10308	0.9999999992624
RCN10309	0.9946944276140316
RCN10311	0.9988904820866986
RCN10312	0.9999999991591542
RCN10313	0.9963554073514604
RCN10314	0.9988847897816872
RCN10315	0.9946966243265448
RCN10316	0.9945411065260976
RCN10317	0.9964274404483808
RCN10318	0.9908606269698612
RCN10319	0.9965907027419336
RCN10320	0.993250170045585
RCN10321	0.9999999968264066
RCN10322	0.9974193467623396
RCN10323	0.9964079116629554
RCN10324	0.9959997177698572
RCN10325	0.9928819935691402
RCN10330	0.9973017345144188
RCN10332	0.9438898048675756
RCN10333	0.997680535950573
RCN10337	0.9950595590793204
RCN10338	0.9957004485362908
RCN10339	0.9978438015923226
RCN10340	0.998262598514883
RCN10341	0.9986366634342192
RCN10345	0.9959761586813618
RCN10346	0.997621340397956
RCN10347	0.999949220161468
RCN10348	0.9975183730310812
RCN10349	0.8415131679705873
RCN10350	0.9926862262986856
RCN10351	0.7698491494100426
RCN10352	0.9974987619546164
RCN10353	0.9938980492970332
RCN10354	0.9954714546798789
RCN10356	0.9997409905260172
RCN10357	0.9999999989708352
RCN10362	0.9999999998925936
RCN10363	0.9964499466098072
RCN10364	0.9959752868103984
RCN10365	0.9956394758175672
RCN10370	0.99282618135717
RCN10372	0.7799755011881027
RCN10373	0.9942442406153053
RCN10377	0.9914567160535876
RCN10379	0.992694382011738
RCN10380	0.998923718087008
RCN10381	0.9916708613255828
RCN10382	0.992446800068619
RCN10384	0.992766864895064
RCN10385	0.9994478943950088
RCN10386	0.995529420058158
RCN10387	0.998012975575698
RCN10388	0.951299394495017
RCN10390	0.9621174748474058
RCN10391	0.9977360777446372
RCN10392	0.9986923174260988
RCN10393	0.9980603000917492
RCN10396	0.9905000120746852
RCN10397	0.9962054834988968
RCN10398	0.9955928250003842
RCN10399	0.9973444923467242
RCN10400	0.9972391594663498
RCN10401	0.9975482470067892
RCN10402	0.9979160650168036
RCN10405	0.9950954805829182
RCN10406	0.99971625074161
RCN10689	0.9945228832301946
RCN10690	0.9971422241483168
RCN10691	0.7719376942749794
RCN10692	0.9927750802513856
RCN10693	0.9926268922253688
RCN10694	0.9926102418826004
RCN10695	0.8736010570341528
RCN10696	0.9997802797996662
RCN10697	0.9933854958106524
RCN10699	0.991174047746586
RCN10703	0.9949059062371032
RCN10704	0.5975381610171626
RCN10706	0.9928602050345134
RCN10707	0.5746044189625348
RCN10709	0.8697293104264884
RCN10710	0.7815366489050496
RCN10712	0.957091461101492
RCN10715	1.0
RCN10716	0.7733251009993354
RCN10717	0.9995715627415926
RCN10718	0.8006213920748714
RCN10719	0.8010686640183409
RCN10720	0.8023338639124526
RCN10721	0.8448189755412443
RCN10722	0.9945507783491148
RCN10723	0.9941742425288076
RCN10724	0.9265155380539049
RCN10725	0.99724075778208
RCN10726	0.9897213149090768
RCN10727	0.9973392170571858
RCN10728	0.9972312315087708
RCN10729	0.9564766411774172
RCN10730	0.9959950485808678
RCN10731	0.9998518656364256
RCN10732	0.9998474107401992
RCN10733	0.888235609634988
RCN10734	0.9951381619357064
RCN10735	0.9936870686354315
RCN10736	0.9934206306831296
RCN10737	0.99267156911804
RCN10738	0.8251722229684153
RCN10741	0.991893003999872
RCN10742	0.9940203541237638
RCN10743	0.7938281563689686
RCN10744	0.994531984639196
RCN10745	0.935268745376897
RCN10746	0.9776236253162688
RCN10752	0.9973402330097526
RCN10761	0.9968290008576556
RCN10762	0.9943252477642188
RCN10764	0.9984970000910262
RCN10766	0.9961374727757892
RCN10768	0.9987198400281008
RCN10769	0.9988614753634644
RCN10770	0.9994333154663312
RCN10772	0.998468876018734
RCN10773	0.9998327636575302
RCN10774	0.9796115447862964
RCN10776	0.9965634714089588
RCN10777	0.6901896020559504
RCN10778	0.6282232117822795
RCN10779	0.9999999997489716
RCN10780	0.9999999994222316
RCN10781	0.7996641649564994
RCN10782	0.997873896666391
RCN10783	0.8552265999889537
RCN10785	0.999999999981134
RCN10786	0.9997892126166984
RCN10788	0.9979901334166048
RCN10789	0.994877399715994
RCN10790	0.9992991944131554
RCN10792	0.9951722905509656
RCN10794	0.9997713122021056
RCN11011	0.9993113342766554
RCN11012	0.9971570115572383
RCN11013	0.9989609906703278
RCN11014	0.9941073310995596
RCN11015	0.9995854704305056
RCN11016	0.9941127577913248
RCN11017	0.867174484408424
RCN11018	0.994252190079614
RCN11019	0.947318887174488
RCN11020	0.9937468774533886
RCN11021	0.993882480843272
RCN11022	0.996885591752442
RCN11023	0.9963734904546526
RCN11024	0.9257250988621836
RCN11025	0.9993996129359488
RCN11026	0.9931068203659144
RCN11027	0.9954942483437142
RCN11029	0.8739883629222418
RCN11030	0.9909628722186592
RCN11032	0.9961426866812504
RCN11034	0.9964872958147324
RCN11036	0.9930052944150572
RCN11038	0.9998261918502528
RCN11040	0.9904980107902428
RCN11042	0.9909075293540354
RCN11043	0.99756614641527
RCN11045	0.996454916621325
RCN11048	0.9939131993041288
RCN11049	0.994211058424474
RCN11050	0.7748221074016063
RCN11054	0.997160981951652
RCN11056	0.9952939005249902
RCN11058	0.9915617327625345
RCN11062	0.8403975976870046
RCN11063	0.9921989036286804
RCN11067	0.9002847701146329
RCN11070	0.9172624091089658
RCN11071	0.8741381304291154
RCN11072	0.9973041463658826
RCN11075	0.9937524436883856
RCN11077	0.7516397309828083
RCN11080	0.991075156169064
RCN11081	0.9919907661865052
RCN11085	0.7441271138361447
RCN11086	0.9985605444407633
RCN11088	0.9997380811997484
RCN11089	0.9922606849525768
RCN11094	0.995245438355884
RCN11096	0.9934914971205462
RCN11104	0.9968633442981626
RCN11105	0.913520438040718
RCN11106	0.7686566798298883
RCN11107	0.9922019904189764
RCN11108	0.996309274768682
RCN11109	0.99691828912004
RCN11110	0.9922523531085168
RCN11111	0.9999999962922108
RCN11112	0.9915848864816906
RCN11113	0.5579801745370393
RCN11114	0.7218613198069537
RCN11115	0.7882982470907662
RCN11118	0.9989095996768526
RCN11119	0.8238065663516759
RCN11120	0.6458865759356133
RCN11121	0.9932461244707222
RCN11122	0.9980281933049376
RCN11123	0.6627004949288162
RCN11124	0.9930587038625514
RCN11125	0.9977956102743858
RCN11126	0.9998345710516252
RCN11127	0.993323248274714
RCN11128	0.9929916822861096
RCN11129	0.9981195408044676
RCN11131	0.995234190632702
RCN11133	0.9942729548935342
RCN11134	0.833168228433704
RCN11135	0.9934422117432636
RCN11136	0.9942090725085032
RCN11137	0.9924603932718288
RCN11138	0.872096388444587
RCN11139	0.993118724475458
RCN11141	0.8848746289636078
RCN11143	0.9083278712718263
RCN11144	0.9937981423023632
RCN11145	0.7150988681472368
RCN11146	0.9936409035878644
RCN11147	0.9964950985539586
RCN11150	0.9960077908501436
RCN11151	0.991670221660702
RCN11152	0.9923234440097556
RCN11153	0.9939990752515028
RCN11154	0.9892955028420348
RCN11155	0.9922486859043864
RCN11156	0.9937904792915864
RCN11158	0.9923268141962938
RCN11159	0.9197422868951504
RCN11160	0.9914580335886302
RCN11161	0.9930857189333124
RCN11162	0.995628350265103
RCN11163	0.9956767526819336
RCN11164	0.9918990933223288
RCN11165	0.9937431538958976
RCN11166	0.9936858885998276
RCN11167	0.992014373214618
RCN11168	0.9971715933222652
RCN11169	0.9904662213749684
RCN11170	0.9952612143192286
RCN11171	0.9986539204971704
RCN11172	0.9919942664938912
RCN11173	0.9932677895463978
RCN11175	0.9982077516570352
RCN11176	0.9982462872850482
RCN11177	0.5408070203375803
RCN11178	0.9980011436888444
RCN11179	0.7544792347786693
RCN11180	0.9650997111436682
RCN11181	0.9914190160281982
RCN11182	0.9898315943099604
RCN11183	0.9952053930441576
RCN11184	0.9939625649860258
RCN11185	0.9950110529560204
RCN11186	0.9953313760127946
RCN11187	0.9982857151776504
RCN11189	0.9992615598141594
RCN11190	0.9992905209014366
RCN11191	0.8287288332680283
RCN11192	0.996112260051507
RCN11193	0.9477535887543788
RCN11194	0.9998625745366542
RCN11195	0.9998130094992844
RCN11196	0.9997735111276748
RCN11197	0.9995662663979102
RCN11208	0.9998218705852062
RCN11215	0.9996582926078532
RCN11217	0.999725807458608
RCN11221	0.9993385251749776
RCN11222	0.997247450099124
RCN11223	0.9940243454081716
RCN11224	0.9926001672062672
RCN11225	0.9940202292959358
RCN11228	0.9960144911335868
RCN11229	0.9958151004148418
RCN11230	0.9128329249068462
RCN11231	0.9971118174640232
RCN11232	0.99906546597304
RCN11233	0.9911558528187088
RCN11234	0.9928105578009124
RCN11235	0.9500965245693282
RCN11236	0.9976197021923496
RCN11237	0.9976986172185076
RCN11238	0.9979651257238712
RCN11239	0.9976146986179684
RCN11240	0.943013443707139
RCN11241	0.9397757410920126
RCN11242	0.9766753885118636
RCN11243	0.9489227181193848
RCN11244	0.9609691220903614
RCN11245	0.9973768819033312
RCN11246	0.9965328488543644
RCN11247	0.9993819771162772
RCN11248	0.9113554211425224
RCN11249	0.9641046797139678
RCN11250	0.9951816601927193
RCN11251	0.9675995272098704
RCN11252	0.9968591017745444
RCN11253	0.9118031140243514
RCN11254	0.9984045005822416
RCN11255	0.9922645405373924
RCN11256	0.9923854596023424
RCN11257	0.772436926342508
RCN11258	0.9913334806688364
RCN11259	0.99598178179719
RCN11260	0.9976955743574176
RCN11261	0.9940872882831968
RCN11262	0.8807938569628224
RCN11265	0.9818322361508662
RCN11266	0.9956601861348804
RCN11267	0.9952289366674544
RCN11268	0.8970054170926943
RCN11269	0.992968498145818
RCN11270	0.8512731411791337
RCN11271	0.999999998647914
RCN11272	0.977629066368821
RCN11273	0.9990006831965684
RCN11274	0.9517264374757586
RCN11275	0.9946385212460916
RCN11276	0.6934182605060633
RCN11277	0.989553489354996
RCN11278	0.9948229227696556
RCN11282	0.8941857973114594
RCN11283	0.9991240663540052
RCN11284	0.50716629350182
RCN11285	0.9973601810131018
RCN11286	0.99548051717735
RCN11287	0.9984290973464384
RCN11288	0.767372214204872
RCN11289	0.9986650338806536
RCN11290	0.9936808299766534
RCN11292	0.997589933392626
RCN11293	0.9962286587749604
RCN11294	0.9895391465475885
RCN11295	0.9939240132386328
RCN11296	0.915120741562632
RCN11298	0.943538245698874
RCN11299	0.997334084362814
RCN11300	0.9931485735661856
RCN11301	0.9942837780543016
RCN11302	0.9954075686148924
RCN11303	0.8883046400973835
RCN11304	0.999724325252089
RCN11305	0.8816746848464128
RCN11306	0.9922456068828108
RCN11307	0.9956574176215028
RCN11308	0.9960411234216704
RCN11309	0.994187227189848
RCN11310	0.997021120740892
RCN11312	0.989849456786576
RCN11313	0.9932613133740132
RCN11314	0.9913900797500024
RCN11315	0.9999999955899724
RCN11316	0.9949156155736856
RCN11317	0.996972216887042
RCN11318	0.9905560913734012
RCN11319	0.6565077471119605
RCN11320	0.994698268213266
RCN11321	0.8120315292359845
RCN11322	0.9950717185876689
RCN11324	0.7152498378035815
RCN11325	0.9974398214760216
RCN11326	0.9939829681915824
RCN11327	0.9712413121923564
RCN11328	0.9929169493485656
RCN11331	0.9693859076101996
RCN11332	0.9933083405521954
RCN11333	0.8734195500265269
RCN11334	0.9969993864447964
RCN11335	0.9940807900732408
RCN11336	0.9961179591805072
RCN11337	0.995074672221716
RCN11339	0.9918920950247402
RCN11341	0.9950173150535916
RCN11358	0.9993657082810544
RCN11360	0.9966317921641376
RCN11361	0.9987306025169266
RCN11374	0.9940723035016422
RCN11375	0.9962427575067772
RCN11376	0.7633948735735502
RCN11378	0.9950439819237624
RCN11379	0.9890199146081682
RCN11380	0.9921701230979464
RCN11381	0.9826587191852209
RCN11382	0.99932502619371
RCN11383	0.9941145034710692
RCN11384	0.9951028474292845
RCN11385	0.9999875793396464
RCN11386	0.9977704074397408
RCN11387	0.9943906430838232
RCN11388	0.9925343948644192
RCN11389	0.9951485955529388
RCN11390	0.9964756150350632
RCN11391	0.9955569915972332
RCN11392	0.9958015224180378
RCN11393	0.9997885113958996
RCN11394	0.9946158036013576
RCN11397	0.9954642598642206
RCN11399	0.994839141216989
RCN11400	0.993791005363098
RCN11401	0.8001483044912475
RCN11402	0.9390643824501717
RCN11403	0.998355668211515
RCN11404	0.9970121761315044
RCN11405	0.9928277371311992
RCN11406	0.8353792969369711
RCN11407	0.9932037917848644
RCN11408	0.9970090994438332
RCN11409	0.9983917822622598
RCN11410	0.991712467098698
RCN11413	0.9991838944423288
RCN11414	0.9982652261537684
RCN11415	0.995501743397432
RCN11417	0.999765598984888
RCN11418	0.9915543819165956
RCN11419	0.9947001795922202
RCN11421	0.9977367168448892
RCN11424	0.9941735798807656
RCN11425	0.99502780280935
RCN11428	0.9920412386146346
RCN11429	0.9929076751006936
RCN11430	0.9961171653070005
RCN11431	0.9932148679089544
RCN11433	0.9987255407328572
RCN11434	0.9965159541929778
RCN11437	0.8501109431436144
RCN11438	0.9934172320106508
RCN11459	0.9983563826336012
RCN11460	0.942885826925336
RCN11461	0.9521101206277988
RCN11462	0.998799379562172
RCN11463	0.9945746312126094
RCN11464	0.9973908297126
RCN11465	0.9935776081954708
RCN11466	0.9911185879919976
RCN11467	0.9974649650684636
RCN11468	0.958328851413683
RCN11469	0.8300852512213506
RCN11470	0.9966490096229326
RCN11471	0.9900934079159348
RCN11472	0.995393281696654
RCN11473	0.8813255490242545
RCN11474	0.9772687864603392
RCN11475	0.9614121556260472
RCN11476	0.8391859057340602
RCN11477	0.9927491914126868
RCN11478	0.9951498873769572
RCN11479	0.9325788368611734
RCN11480	0.8630561265193144
RCN11481	0.7856352833798317
RCN11492	0.938933709429008
RCN11493	0.9972141619379116
RCN11494	0.999545935951604
RCN11495	0.7838190495537752
RCN11497	0.998972926324192
RCN11498	0.7937073309822904
RCN11499	0.9427624081258302
RCN11500	0.8837236256318989
RCN11501	0.9977028297153588
RCN11504	0.999434225451512
RCN11505	0.9956379575066492
RCN11506	0.9994408588573797
RCN11507	0.9996074973506706
RCN11508	0.9975796261219264
RCN11510	0.7086040857938052
RCN11511	0.9994636102478246
RCN11512	0.9994690993230396
RCN11513	0.9924389592529796
RCN11514	0.9966371437887812
RCN11515	0.9904825568213492
RCN11516	0.9998051541186282
RCN11517	0.9996102370193676
RCN11518	0.9982352030076904
RCN11519	0.9989805352262292
RCN11520	0.959698004942546
RCN11521	0.9975703356186822
RCN11522	0.9991970042589192
RCN11523	0.8864407745426854
RCN11524	0.9956528879168846
RCN11525	0.9971682637797132
RCN11526	0.9986868761520058
RCN11527	0.9966730589826676
RCN11528	0.9997910698981444
RCN11529	0.907206488989454
RCN11530	0.9999999997794388
RCN11531	0.998194737063206
RCN11532	0.8020932400151537
RCN11533	0.9966749408609208
RCN11534	0.9986334356587326
RCN11535	0.9999902151157212
RCN11537	0.9991387187365078
RCN11538	0.9995785734192384
RCN11539	0.9998905256249754
RCN11540	0.9989678762679548
RCN11541	0.9985158865781312
RCN11542	0.9983766039078804
RCN11543	0.9993716396465752
RCN11544	0.998606423973276
RCN11545	0.9998474107129268
RCN11546	0.999999999990549
RCN11547	0.9966513398081333
RCN11548	0.9986383225806936
RCN11550	0.9966482695035116
RCN11551	0.9999999999736486
RCN11552	0.902392912952168
RCN11553	0.9997009490355148
RCN11554	0.9941287081654387
RCN11555	0.997442405867324
RCN11556	0.993224751334716
RCN11557	0.9975255926604132
RCN11558	0.995926066606166
RCN11559	0.9996284250741126
RCN11560	0.9963679868116624
RCN11561	0.999999999906543
RCN11562	0.9999906897180224
RCN11564	0.9991496238753942
RCN11565	0.9985151288915944
RCN11566	0.9973549485597032
RCN11567	0.9981769340223566
RCN11568	0.7113848570158885
RCN11569	0.9986956132062118
RCN11570	0.9954622437683324
RCN11571	0.9950369862143194
RCN11572	0.9973237182549858
RCN11573	0.9989630804657822
RCN11574	0.9982647367614348
RCN11575	0.9993791147489434
RCN11576	0.8923869934278111
RCN11577	0.8909783101304978
RCN11578	0.8963792867529162
RCN11579	0.8971626784972931
RCN11580	0.8957964282206768
RCN11581	0.892528254740432
RCN11582	0.8944064576127746
RCN11593	0.9990810602074662
RCN11594	0.890187447402223
RCN11595	0.8961672367232841
RCN11596	0.8647384515173054
RCN11597	0.8920958508335105
RCN11598	0.894222762001844
RCN11599	0.9984085979340128
RCN11600	0.9975448042067362
RCN11601	0.9994075941085556
RCN11602	0.7199144040863732
RCN11603	0.996186761286164
RCN11604	0.9975319998100436
RCN11605	0.9999999997268288
RCN11606	0.9957884640095668
RCN11607	0.99672560046773
RCN11608	0.9809436164701985
RCN11610	0.7869086829415616
RCN11611	0.9996821738543056
RCN11612	0.6785807786306983
RCN11613	0.998126022492061
RCN11614	0.8372527683135402
RCN11615	0.9973689716862272
RCN11616	0.9996087105117138
RCN11617	0.9993000191287325
RCN11618	0.9993191305022282
RCN11619	0.999849677515332
RCN11620	0.9986110458512548
RCN11621	0.9985561480122048
RCN11622	0.9935228143148874
RCN11623	0.9952357241101024
RCN11624	0.998620851228645
RCN11625	0.8157877799193706
RCN11626	0.6335904996873349
RCN11627	0.9976354452151912
RCN11628	0.9964545921018212
RCN11629	0.9989403016683668
RCN11630	0.99811113834937
RCN11631	0.9976650432155966
RCN11632	0.9975750772335664
RCN11633	0.9999999999248392
RCN11634	0.99999999984308
RCN11635	0.9988638520132708
RCN11636	0.9178335770982544
RCN11637	0.9981120881223726
RCN11638	0.9984015680534528
RCN11639	0.9997661097244368
RCN11640	0.9998135369985716
RCN11641	0.9997853615190552
RCN11642	0.9992740321185892
RCN11643	0.9997310246640216
RCN11644	0.9984883342166728
RCN11645	0.9967786002319904
RCN11646	0.9997918165757882
RCN11647	0.9980734981254008
RCN11648	0.997323350050682
RCN11649	0.9973753538378116
RCN11650	0.9959048392349338
RCN11651	0.9977875202015988
RCN11652	0.9969244579887134
RCN11653	0.9919072317068676
RCN11654	0.9972626125027232
RCN11655	0.9976056725082344
RCN11658	0.8434343188811212
RCN11660	0.8431495212363211
RCN11661	0.9987512243176366
RCN11662	0.9868496664064856
RCN11663	0.9981647272967946
RCN11664	0.9984363136806202
RCN11665	0.9956860071892089
RCN11666	0.9966572926322972
RCN11667	0.6773914670265974
RCN11668	0.9965767471911968
RCN11669	0.9998625744311777
RCN11670	0.9975549676703196
RCN11671	0.9999074474974224
RCN11672	0.9972634407717966
RCN11673	0.7042983327055531
RCN11674	0.999999999876454
RCN11675	0.8978477365882608
RCN11676	0.9984561867241716
RCN11677	0.9984795454120102
RCN11678	0.999999999971242
RCN11679	0.9999999999369
RCN11680	0.9984120087113436
RCN11681	0.920788849446011
RCN11682	0.9986056687202388
RCN11684	0.999324300353378
RCN11685	0.9208822948144204
RCN11687	0.999731998288307
RCN11688	0.924325181130444
RCN11689	0.9289064913430156
RCN11691	0.9205617936828456
RCN11692	0.9955803627610396
RCN11693	0.9995417306925845
RCN11694	0.9996172023034032
RCN11695	0.9167086151937092
RCN11696	0.999693508513955
RCN11699	0.9974291446750564
RCN11700	0.7126724479152826
RCN11701	0.9970266209897338
RCN11702	0.9983976173077852
RCN11703	0.9978050292321408
RCN11704	0.997779075261086
RCN11706	0.9980207275209952
RCN11707	0.9999999998594348
RCN11708	0.9968318186422744
RCN11709	0.9093351633153264
RCN11710	0.9962596362105406
RCN11711	0.9995831817393952
RCN11712	0.9993466536462524
RCN11713	0.9174766704348132
RCN11714	0.998821923312345
RCN11715	0.9982083776924486
RCN11716	0.9994444469022564
RCN11722	0.8551332455486512
RCN11723	0.8575603424909868
RCN11725	0.9989811324863558
RCN11726	0.9991733660058504
RCN11727	0.9991091993898212
RCN11730	0.9963177012737946
RCN11731	0.9966673546268432
RCN11732	0.9977013904014116
RCN11740	0.9995204833546792
RCN11741	0.9988598735155022
RCN11742	0.9989295426286524
RCN11743	0.999370941758874
RCN11747	0.9998327637487088
RCN11748	0.99991725892027
RCN11749	0.9994573460076605
RCN11751	0.999319768461072
RCN11752	0.9998056939489888
RCN11753	0.9989840555501208
RCN11754	0.9968062606613888
RCN11755	0.9964542836203452
RCN11756	0.9968682187395635
RCN11758	0.998275824689357
RCN11759	0.9968966447077392
RCN11760	0.9998730838905232
RCN11761	0.9986762238262702
RCN11762	0.9978678358275188
RCN11764	0.9998474583530608
RCN11765	0.998624173194595
RCN11766	0.9979315257567204
RCN11767	0.9997377972822497
RCN11768	0.999691922273544
RCN11769	0.99814573842191
RCN11770	0.9996753661385366
RCN11771	0.9979354985738144
RCN11772	0.9999411401695896
RCN11773	0.9999999999697752
RCN11774	0.9997599217276724
RCN11775	0.9997224197386898
RCN11776	0.9998924554048668
RCN11777	0.996763241552687
RCN11778	0.9972746518848632
RCN11779	0.9987776143740056
RCN11780	0.9905076806101892
RCN11781	0.9985588607200376
RCN11782	0.999946599511202
RCN11783	0.9994096921777542
RCN11784	0.9994339952482566
RCN11786	0.9979303854273712
RCN11787	0.999379784400736
RCN11788	0.9998532921152772
RCN11789	0.9058663690540364
RCN11790	0.9983601701197384
RCN11791	0.9329123718867848
RCN11792	0.9838411321027812
RCN11793	0.9959070161288386
RCN11795	0.995755103668688
RCN11796	0.9962223253150848
RCN11797	0.9989236460074716
RCN11798	0.9956461803480172
RCN11799	0.9961780386429918
RCN11800	0.6557923414920308
RCN11801	0.9981715466667926
RCN11802	0.995229261982944
RCN11803	0.9965406080693294
RCN11804	0.9708921158194757
RCN11805	0.999999999472696
RCN11806	0.994677019668857
RCN11807	0.9970565574392246
RCN11808	0.9973310414620672
RCN11809	0.9989901283105898
RCN11810	0.9966608938076476
RCN11811	0.9986593718156476
RCN11812	0.9983558290810518
RCN11813	0.9976935837407614
RCN11816	0.9991664771650968
RCN11817	0.999095653074212
RCN11819	0.994908942896954
RCN11820	0.9968158331411068
RCN11822	0.9988632715505348
RCN11823	0.9986393365410056
RCN11824	0.999721158958497
RCN11825	0.9084138116295946
RCN11827	0.9993224160535228
RCN11828	0.9989886088064892
RCN11829	0.9544423476042944
RCN11830	0.992805788439152
RCN11831	0.9956132714239648
RCN11833	0.6807410753145081
RCN11834	0.9978373700840396
RCN11835	0.998682895951556
RCN11836	0.997819075222536
RCN11837	0.9970889011372686
RCN11838	0.4618924715728143
RCN11839	0.9962385827704794
RCN11840	0.889706581639931
RCN11841	0.9988826919472266
RCN11843	0.9998753293454292
RCN11844	0.9980989492205352
RCN11845	0.99892491027661
RCN11847	0.9839075708143548
RCN11848	0.9997351680270196
RCN11849	0.99592519998578
RCN11850	0.9969109661176728
RCN11852	0.9950332183746738
RCN11854	0.9944315199951762
RCN11855	0.9999999999524314
RCN11856	0.9646186415359664
RCN11858	0.9114989695847592
RCN11859	0.9964313248521794
RCN11862	0.9934215548120184
RCN11863	0.997959518642514
RCN11864	0.996776477960379
RCN11865	0.9985000678440584
RCN11866	0.9968927290450552
RCN11868	0.7388537746463859
RCN11869	0.9937307615433264
RCN11870	0.9931884490136672
RCN11871	0.9971333556737508
RCN11872	0.9970506889461755
RCN11873	0.997742354525189
RCN11874	0.7279577287172192
RCN11875	0.9974776658935072
RCN11876	0.994627224774994
RCN11877	0.7383716813841188
RCN11878	0.993106103420768
RCN11879	0.7413525826514711
RCN11880	0.992520688798714
RCN11881	0.9959000904361256
RCN11882	0.999333856373724
RCN11883	0.9959438049659154
RCN11884	0.999752643178564
RCN11885	0.8926085110842719
RCN11886	0.9987829486903044
RCN11887	0.9998433638985348
RCN11888	0.992459206268528
RCN11889	0.8518421040409581
RCN11890	0.9973124575637188
RCN11891	0.9995431457643398
RCN11892	0.9992373003454318
RCN11893	0.6554823823554551
RCN11895	0.9978338315959244
RCN11896	0.996772606894658
RCN11897	0.9987830783313536
RCN11898	0.9944606739687416
RCN11899	0.9993198285522542
RCN11900	0.9995899928064796
RCN11901	0.9984092463204748
RCN11903	0.9976926513681224
RCN11904	0.9973026424618718
RCN11905	0.997725928930948
RCN11906	0.9965328425906156
RCN11907	0.996176879395992
RCN11908	0.9959438995484718
RCN11909	0.996848110639476
RCN11910	0.9963537099490338
RCN11911	0.4076224331358061
RCN11912	0.7832672550206905
RCN11913	0.999056813142152
RCN11914	0.9521110173070612
RCN11915	0.9938646638451822
RCN11916	0.9908985299936256
RCN11917	0.9973446436816484
RCN11918	0.9973236929409992
RCN11919	0.8411739535434211
RCN11920	0.997682713361816
RCN11921	0.7697945838894924
RCN11922	0.8281525030015544
RCN11923	0.9032962438773184
RCN11924	0.995774909788906
RCN11925	0.9775616546881698
RCN11926	0.9963317167119946
RCN11927	0.7992191184488189
RCN11928	0.9965720919370404
RCN11929	0.9966764991796266
RCN11930	0.6635749013882625
RCN11931	0.6853861147549221
RCN11933	0.993980228904906
RCN11936	0.9986116369342686
RCN11937	0.9177580837700527
RCN11938	0.978121564084634
RCN11939	0.9970097966388344
RCN11940	0.992770814814078
RCN12025	0.9911399407759082
RCN12026	0.9955617606330472
RCN12027	0.995140440884128
RCN12028	0.9963126676508364
RCN12031	0.9953041996667704
RCN12032	0.9586806025810986
RCN12033	0.9905803494780882
RCN12034	0.993495431295196
RCN12035	0.9928941427623884
RCN12036	0.994452204207849
RCN12040	0.9939335434575908
RCN12041	0.99767598951053
RCN12042	0.9923382214419988
RCN12043	0.9963695199201048
RCN12044	0.9956647111139342
RCN12048	0.99952266202659
RCN12050	0.999118615162951
RCN12051	0.9989209433917734
RCN12052	0.9470750797049516
RCN12057	0.9961678591074108
RCN12058	0.9926061335494824
RCN12059	0.9927713909528448
RCN12060	0.9971856828938478
RCN12063	0.9995191273084636
RCN12064	0.9968540678881292
RCN12066	0.9984764120963008
RCN12068	0.9981428628193704
RCN12070	0.9995766459855632
RCN12071	0.9932532108357586
RCN12072	0.9968127156177888
RCN12074	0.7018620014177898
RCN12075	0.9984780902191972
RCN12076	0.9957504598225044
RCN12077	0.9807084907502076
RCN12079	0.9619080993665988
RCN12080	0.998906143750481
RCN12081	0.9972694883609792
RCN12082	0.9967982744252516
RCN12083	0.9988426848931908
RCN12084	0.9974219523866158
RCN12087	0.9798750665402975
RCN12088	0.9966002195994784
RCN12091	0.994161029358732
RCN12096	0.9953402994653836
RCN12100	0.993029479085798
RCN12103	0.994502222374758
RCN12106	0.993653142388362
RCN12107	0.9549699809985248
RCN12111	0.994010094675832
RCN12112	0.9944470436660908
RCN12113	0.8788475732084822
RCN12115	0.9989878830679408
RCN12116	0.9922650475823428
RCN12357	0.7672018816609907
RCN12358	0.9949503512301506
RCN12359	0.9971906078482604
RCN12361	0.9438471454851012
RCN12362	0.9958043389969274
RCN12363	0.748310062869078
RCN12364	0.786133704160271
RCN12365	0.9798257898602416
RCN12366	0.995148658690813
RCN12367	0.9906916862773408
RCN12369	0.8874419885982007
RCN12370	0.9951624555404724
RCN12371	0.9807661691258897
RCN12372	0.9949467854506752
RCN12373	0.9966775398563796
RCN12374	0.9960093126646032
RCN12375	0.9921184141147878
RCN12376	0.9907017921932124
RCN12378	0.9941374352606308
RCN12379	0.8528014074999064
RCN12380	0.9958806254368868
RCN12381	0.9939405411618258
RCN12382	0.9929424430410716
RCN12383	0.991490767100878
RCN12384	0.9930872026083704
RCN12385	0.9931584569616544
RCN12386	0.9567124599021716
RCN12387	0.9926190304296922
RCN12388	0.9971538679417904
RCN12389	0.9684000856914984
RCN12390	0.6289753930720837
RCN12391	0.9374491256292816
RCN12392	0.69010897958838
RCN12393	0.9827984741394818
RCN12394	0.9933527331479012
RCN12397	0.9962036692424008
RCN12398	0.9935947392968412
RCN12401	0.9957466290447488
RCN12402	0.9954611974880648
RCN12403	0.9945604655577088
RCN12404	0.992672270656108
RCN12405	0.99629880547665
RCN12406	0.9983896699378068
RCN12407	0.6573406258787794
RCN12408	0.999241337421612
RCN12409	0.942611564372946
RCN12410	0.9994875767015968
RCN12411	0.9951964643910636
RCN12412	0.998591351788648
RCN12415	0.6092218165820622
RCN12420	0.994438553287005
RCN12423	0.7631752034561878
RCN12435	0.9609532122749253
RCN12437	0.9529310306104066
RCN12438	0.9968671868748882
RCN12442	0.9989455751055916
RCN12453	0.9903679789593344
RCN12454	0.9916611186674597
RCN12456	0.9931856478724632
RCN12458	0.9987221967525076
RCN12459	0.8396835969859957
RCN12461	0.9972729852875568
RCN12462	0.9926478688775364
RCN12466	0.9974145599486663
RCN12468	0.9635717304031776
RCN12469	0.969155733914019
RCN12476	0.9962922055378874
RCN12478	0.9921068033844268
RCN12479	0.8939608753808738
RCN12480	0.850804914350172
RCN12481	0.96811218737054
RCN12482	0.9897695765418044
RCN12483	0.9198493025095882
RCN12484	0.9935183242175888
RCN12485	0.9927564294108104
RCN12486	0.99491079199703
RCN12489	0.9927230454255894
RCN12490	0.9979546068307792
RCN12493	0.917535626306131
RCN12494	0.932160116917404
RCN12495	0.993149493733974
RCN12496	0.8890532193925514
RCN12497	0.994892375480434
RCN12501	0.8856342903991451
RCN12504	0.996742728784908
RCN12505	0.9982495711171104
RCN12506	0.9950052647946476
RCN12510	0.7273357362599371
RCN12511	0.9910430728116226
RCN12512	0.9983111917679788
RCN12514	0.9953718639215888
RCN12520	0.9975080126998742
RCN12522	0.9848046656504182
RCN12524	0.7840045649775257
RCN12528	0.9971554064912748
RCN12547	0.9971329103071406
RCN12548	0.8057066510134758
RCN12550	0.9998154862585336
RCN12553	0.7829206415237355
RCN12558	0.9946404719190832
RCN12560	0.7212358424486403
RCN12562	0.9992841203516792
RCN12563	0.9966585184523652
RCN12566	0.9939651635024628
RCN12567	0.9995910928946486
RCN12569	0.9998948676537536
RCN12570	0.9960944493672792
RCN12571	0.9954095160294744
RCN12574	0.9951660711310812
RCN12575	0.8321892556583103
RCN12576	0.6795906717819526
RCN12577	0.9996569074714547
RCN12584	0.9979022920053384
RCN12586	0.994218776844726
RCN12587	0.8216824103063969
RCN12590	0.9992059499054438
RCN12591	0.8413535490291144
RCN12592	0.9964259031138164
RCN12593	0.9929160246595208
RCN12596	0.9939509982944612
RCN12597	0.6444576035000488
RCN12599	0.9970601377529544
RCN12600	0.9962270437131678
RCN12601	0.9840749014820954
RCN12602	0.992479986027508
RCN12603	0.9956930448533065
RCN12604	0.9939249556080546
RCN12606	0.9983983418670846
RCN12607	0.9921824170941488
RCN12608	0.9665331096340696
RCN12612	0.99385752180113
RCN12613	0.9933179464001514
RCN12614	0.9949216894085964
RCN12615	0.9932748422518132
RCN12616	0.9967075205532502
RCN12617	0.8087461057351456
RCN12618	0.9916955194300804
RCN12619	0.9982336666617188
RCN12620	0.9949071542996328
RCN12621	0.9934293183737714
RCN12622	0.9803306222506551
RCN12676	0.9935188727292364
RCN12680	0.9580707378896264
RCN12681	0.9998345722100902
RCN12685	0.9997459048173496
RCN12688	0.9955447281777084
RCN12689	0.996435360751982
RCN12693	0.9952967591722688
RCN12694	0.9966463452159712
RCN12696	0.9957929181751703
RCN12698	0.9964177681194714
RCN12700	0.997503169210798
RCN12704	0.9956377980536436
RCN12708	0.9962367626165004
RCN12710	0.9996190887089949
RCN12712	0.9978988503986364
RCN12713	0.9916454868156596
RCN12716	0.9989655915218402
RCN12720	0.9954390206860586
RCN12722	0.9904803432550008
RCN12724	0.992176226113622
RCN12725	0.9663915034411488
RCN12726	0.9923444930682196
RCN12729	0.9993385248398392
RCN12732	0.993649751524482
RCN12733	0.993771121567646
RCN12734	0.9927761774357888
RCN12736	0.993074566127127
RCN12737	0.99187890330315
RCN12738	0.9925739601138706
RCN12740	0.9913456133535776
RCN12741	0.992400219231122
RCN12742	0.9919415787805236
RCN12744	0.9925518271285354
RCN12745	0.9913427207470856
RCN12746	0.9905000787990051
RCN12749	0.9972742362523572
RCN12750	0.9956883868458024
RCN12751	0.9957152114031989
RCN12752	0.9963652086036524
RCN12770	0.9957216106852572
RCN12772	0.8139514771923265
RCN12773	0.8744607933479274
RCN12774	0.997812998164298
RCN12775	0.944585824377304
RCN12776	0.966040979499996
RCN12779	0.9120931913152128
RCN12780	0.9992559425113656
RCN12781	0.9932436216674336
RCN12784	0.9995590161881672
RCN12785	0.9780923861555162
RCN12786	0.9547830758911124
RCN12787	0.9962465031999664
RCN12788	0.95842943001347
RCN12789	0.9956219998072195
RCN12790	0.960146149492413
RCN12791	0.9978183568888987
RCN12792	0.9975105728298012
RCN12793	0.9971935669781606
RCN12794	0.9988022696204948
RCN12795	0.9951880732642744
RCN12796	0.9964002208817684
RCN12797	0.9960703576727062
RCN12798	0.9939861099401632
RCN12799	0.9938746802471758
RCN12800	0.998951017378406
RCN12801	0.996937876713128
RCN12802	0.997115931231253
RCN12803	0.9761902680671604
RCN12804	0.9977103894623024
RCN12806	0.942547962220986
RCN12807	0.9978126891766426
RCN12808	0.9969227596876364
RCN12809	0.9643076570646356
RCN12810	0.9940191358848128
RCN12811	0.9947186142012896
RCN12813	0.9939972268750806
RCN12815	0.9956342016079428
RCN12816	0.9944762948941734
RCN12817	0.9937581026242888
RCN12818	0.9978712780198709
RCN12819	0.905904382761878
RCN12820	0.970872321815058
RCN12821	0.6878523066985596
RCN12822	0.9935731556487152
RCN12823	0.995992503032092
RCN12824	0.8337226428816389
RCN12825	0.8669968386132406
RCN12826	0.7266260815108365
RCN12827	0.9979801972485852
RCN12828	0.9988862006460676
RCN12829	0.9994548879206284
RCN12830	0.9941307696161046
RCN12831	0.9766742697222875
RCN12832	0.9964909707545568
RCN12834	0.9984392329671496
RCN12835	0.7346054229212182
RCN12836	0.7877951367268015
RCN12837	0.9937826063928012
RCN12838	0.9943314233098132
RCN12839	0.9992456374012983
RCN12840	0.9694917031990528
RCN12841	0.7979242363071606
RCN12842	0.9976231870134497
RCN12843	0.992516198238902
RCN12844	0.9994561260083062
RCN12845	0.9991902336460587
RCN12846	0.9204219743087612
RCN12847	0.9958821396205284
RCN12848	0.9959927005255388
RCN12849	0.9971309267268178
RCN12850	0.9967242238479022
RCN12851	0.856213395360286
RCN12852	0.9995800097886332
RCN12853	0.9929647443789784
RCN12854	0.998974217772315
RCN12855	0.99563118713604
RCN12856	0.9933993673241664
RCN12857	0.672237328404005
RCN12858	0.9990560568576786
RCN12859	0.944793144335501
RCN12860	0.9439680366730122
RCN12862	0.976680301541946
RCN12865	0.9951521830424714
RCN12867	0.9992935051703868
RCN12868	0.9973741908976804
RCN12869	0.952717155815642
RCN12870	0.9947108025949344
RCN12871	0.9931120762723642
RCN12872	0.999397021378353
RCN12873	0.9986778216602984
RCN12877	0.9998457957593788
RCN12878	0.991230466331999
RCN12879	0.994348463344742
RCN12880	0.9970990492314432
RCN12881	0.997484013990003
RCN12883	0.9984705250093204
RCN12884	0.999866856020158
RCN12886	0.9988323012394208
RCN12888	0.9996278786749716
RCN12889	0.9993577008861528
RCN12890	0.9987505019706996
RCN12891	0.997014617332141
RCN12892	0.996619011319816
RCN12893	0.9950251434921058
RCN12894	0.9985685211806444
RCN12895	0.9956137797708788
RCN12897	0.9986820487747616
RCN12900	0.9967827723475374
RCN12901	0.822683290308659
RCN12976	0.6749736818607872
RCN12978	0.8693430941108211
RCN12980	0.9941339547786888
RCN12982	0.9917301500269512
RCN12984	0.99659657585117
RCN12985	0.6541477923556773
RCN12986	0.9949162131521414
RCN12987	0.96841334908688
RCN12988	0.6170528059075404
RCN12990	0.9954698512933842
RCN12992	0.995802326859287
RCN12993	0.4994435289694802
RCN12994	0.9991119202624568
RCN12995	0.9937714297352072
RCN12996	0.9931336603715918
RCN12997	0.994539484693258
RCN12999	0.9960498480057516
RCN13000	0.9968028541901264
RCN13003	0.8870056405151718
RCN13004	0.993872061816336
RCN13006	0.356448646694927
RCN13008	0.9968179462038008
RCN13009	0.990466963686248
RCN13010	0.9925736306921784
RCN13012	0.9514826665992302
RCN13013	0.996967737610848
RCN13014	0.9947393364019272
RCN13015	0.9948347081176628
RCN13016	0.9891213574686324
RCN13017	0.9955320359555976
RCN13018	0.9944185813625528
RCN13019	0.8505612922952307
RCN13020	0.9986489364477316
RCN13021	0.7945096492606322
RCN13023	0.9917429742271504
RCN13025	0.984596575077322
RCN13028	0.9967452500380825
RCN13029	0.9158904175014558
RCN13031	0.9529136554301972
RCN13032	0.9951015802206362
RCN13033	0.6822683903400937
RCN13034	0.9948482151915452
RCN13036	0.9976467520368656
RCN13037	0.9962391645954396
RCN13039	0.996558856995294
RCN13041	0.8443765353459247
RCN13044	0.9967841918856816
RCN13045	0.995669057492472
RCN13048	0.9940867316535796
RCN13049	0.994889114064874
RCN13050	0.997305316752824
RCN13051	0.992970876638876
RCN13052	0.992739586400668
RCN13053	0.995644147364286
RCN13054	0.9930651411014306
RCN13056	0.998013033948318
RCN13057	0.9979106780121544
RCN13058	0.9966095537062448
RCN13059	0.9923689108026782
RCN13060	0.8972053679510889
RCN13061	0.9964789689560988
RCN13062	0.9980762654700772
RCN13063	0.995937475690538
RCN13065	0.9928264828787212
RCN13066	0.9138397695329752
RCN13067	0.9990371698097622
RCN13068	0.9944111737035016
RCN13069	0.9934748646537696
RCN13070	0.9440703604527882
RCN13071	0.9920909699816176
RCN13072	0.996657133856098
RCN13073	0.7931511205869886
RCN13074	0.9790835472006032
RCN13075	0.9962944483629106
RCN13076	0.9981758241613756
RCN13077	0.8463269319453677
RCN13078	0.9977016766101338
RCN13079	0.990278669546312
RCN13080	0.9936804932918042
RCN13081	0.9899218850440804
RCN13082	0.6467834955450364
RCN13083	0.9931950159713894
RCN13084	0.9989749910535602
RCN13085	0.9905726739687644
RCN13086	0.999327272736828
RCN13087	0.99512219208607
RCN13088	0.9963935144073937
RCN13089	0.9958648611504698
RCN13090	0.992339057402372
RCN13093	0.9989698694705976
RCN13095	0.876874182421837
RCN13096	0.915130917204187
RCN13097	0.9990438231492124
RCN13098	0.9987986295156854
RCN13099	0.5811352714818894
RCN13100	0.9930272369936388
RCN13101	0.9985965070875548
RCN13103	0.999018958675052
RCN13104	0.8058422394824498
RCN13263	0.9377619113363684
RCN13264	0.9313691649888672
RCN13265	0.9371282868582612
RCN13266	0.999327482172944
RCN13267	0.9960317639046604
RCN13268	0.9457675869231148
RCN13269	0.9952894908293524
RCN13270	0.92879586458284
RCN13271	0.9988893183440484
RCN13272	0.9983755380868332
RCN13273	0.999118432056542
RCN13274	0.9966899673808882
RCN13275	0.9977872580735124
RCN13276	0.9966805345112454
RCN13277	0.998577365913274
RCN13278	0.998647424734805
RCN13279	0.995877650457546
RCN13280	0.9982611849863708
RCN13281	0.9986539074130136
RCN13282	0.9962446193438702
RCN13283	0.8144509646131015
RCN13284	0.9991214550570244
RCN13285	0.9958140436027524
RCN13286	0.9987497423768849
RCN13287	0.9983817257624396
RCN13288	0.9983011975147268
RCN13289	0.9981717954006496
RCN13290	0.997460196246441
RCN13291	0.9994484529288834
RCN13292	0.9979891139959663
RCN13293	0.9983425866604264
RCN13294	0.9976849983997956
RCN13295	0.9960177418870614
RCN13296	0.9959080779437496
RCN13297	0.996207868229404
RCN13298	0.9982275724240444
RCN13299	0.9972519811056632
RCN13300	0.997893356271882
RCN13301	0.9992886674336924
RCN13302	0.9967832500033574
RCN13303	0.9983674396864868
RCN13304	0.9961010848074388
RCN13305	0.996586314343072
RCN13306	0.9962861827254472
RCN13307	0.8838032708771209
RCN13308	0.996944083705627
RCN13309	0.9973573173264476
RCN13310	0.998412480646726
RCN13311	0.8160735991739076
RCN13312	0.999658276351755
RCN13313	0.9973125695650128
RCN13314	0.9520149347737384
RCN13316	0.9968598712381423
RCN13319	0.9973802128699454
RCN13320	0.9969204919548492
RCN13321	0.9975574517014196
RCN13322	0.9649781376510228
RCN13323	0.996803874178439
RCN13324	0.9996042789031292
RCN13329	0.9997703291615454
RCN13330	0.9538524071487212
RCN13331	0.9997315217534208
RCN13332	0.9997977219127347
RCN13333	0.9976786881867366
RCN13336	0.9953574139162856
RCN13337	0.998651669827024
RCN13338	0.9978071667623416
RCN13339	0.9974975915084504
RCN13340	0.9962695889777742
RCN13341	0.9994478211968336
RCN13342	0.9952911551688736
RCN13343	0.9977951320239936
RCN13344	0.997790017499704
RCN13345	0.998495510717131
RCN13346	0.9991765951942218
RCN13347	0.9967173891200868
RCN13348	0.9985576555951804
RCN13349	0.7264218729969877
RCN13350	0.998332465091118
RCN13351	0.9941915027210418
RCN13352	0.995893852366883
RCN13353	0.9959434743539228
RCN13354	0.994610375681032
RCN13355	0.9998625745682086
RCN13356	0.9960677095551372
RCN13357	0.9450577887865946
RCN13358	0.9993070827756644
RCN13359	0.8596619008233398
RCN13360	0.8611460178025095
RCN13361	0.999043724050516
RCN13362	0.9997074667101744
RCN13363	0.9990706572837276
RCN13364	0.9999999999482138
RCN13365	0.996862697495352
RCN13366	0.999058558900438
RCN13367	0.6515383004290944
RCN13368	0.999785544775862
RCN13369	0.9996325803549572
RCN13370	0.9974075953846028
RCN13371	0.9976264900735908
RCN13372	0.9978355570411308
RCN13373	0.9979730253817938
RCN13374	0.999945743827268
RCN13375	0.9725238330526572
RCN13376	0.9944145426568456
RCN13377	0.9962762752988792
RCN13378	0.9981118678855498
RCN13379	0.6883608855751961
RCN13380	0.999520842690998
RCN13381	0.998678961468672
RCN13382	0.9999999999689536
RCN13383	0.9963031780643818
RCN13384	0.9960467066716754
RCN13385	0.9929372113585512
RCN13386	0.9762500608829142
RCN13387	0.9774225618897834
RCN13388	0.9977448561681628
RCN13389	0.9994308296456604
RCN13390	0.9998792294295984
RCN13391	0.9979549293492416
RCN13392	0.997685607436592
RCN13394	0.9989845894675684
RCN13395	0.9989604152027348
RCN13396	0.9971824842373852
RCN13397	0.9982487185953774
RCN13398	0.9966553483118276
RCN13400	0.994559235209258
RCN13401	0.9969580264030036
RCN13402	0.9994723245699174
RCN13403	0.8842712197666787
RCN13404	0.8875480227341165
RCN13405	0.8369925506939837
RCN13406	0.9092969417231982
RCN13407	0.8980723172033112
RCN13408	0.9233333983259198
RCN13409	0.991443242162221
RCN13410	0.9946858866245072
RCN13411	0.8584077999492621
RCN13412	0.9994680128185216
RCN13413	0.9979565659513436
RCN13414	0.9958462587659136
RCN13415	0.9963131876940872
RCN13416	0.9964356123625412
RCN13417	0.980948847850407
RCN13418	0.9988606060446948
RCN13419	0.99692620882975
RCN13420	0.9975209514911386
RCN13421	0.9991314714337532
RCN13422	0.9993338110440708
RCN13424	0.99749701307674
RCN13427	0.998738013127898
RCN13428	0.9536406182636654
RCN13429	0.9987348498317254
RCN13430	0.9952960612358686
RCN13431	0.8585911936729302
RCN13432	0.9970186559442922
RCN13433	0.9979518438672258
RCN13434	0.9970664236342338
RCN13435	0.9962281091169664
RCN13436	0.997587911113742
RCN13437	0.9998514611241404
RCN13438	0.9940683516147228
RCN13439	0.9824240498594046
RCN13441	0.9998353051093752
RCN13442	0.999864400351158
RCN13443	0.9963728289094034
RCN13445	0.9980538429071848
RCN13446	0.997073784196808
RCN13447	0.998038050727542
RCN13448	0.9963486836532192
RCN13449	0.9951392678852736
RCN13450	0.8822688715612526
RCN13452	0.997265514433923
RCN13454	0.8745277024177824
RCN13455	0.9995076372735384
RCN13457	0.9225273344262266
RCN13458	0.999939430800796
RCN13459	0.6278945385323047
RCN13460	0.7612874816614464
RCN13461	0.849655753493226
RCN13462	0.9450300168646386
RCN13463	0.9628928761169708
RCN13464	0.9990968730725168
RCN13465	0.9951967845084484
RCN13466	0.9946358538842855
RCN13467	0.9998876465137232
RCN13468	0.9998409209885356
RCN13469	0.9995959376405484
RCN13470	0.836919307932288
RCN13471	0.7639539371720003
RCN13472	0.9970471342756816
RCN13473	0.9993950652764786
RCN13474	0.922239598838606
RCN13475	0.998491798348407
RCN13476	0.999999999976674
RCN13477	0.7208659663048145
RCN13478	0.9993841165673484
RCN13479	0.9976324190752957
RCN13480	0.9905640646077468
RCN13481	0.9988038224783252
RCN13482	0.9946788318643116
RCN13483	0.8272639034392967
RCN13484	0.9973103302782802
RCN13485	0.9996073394845884
RCN13486	0.9537376663252776
RCN13487	0.999701801684135
RCN13488	0.9948964567450328
RCN13489	0.9929808685164396
RCN13490	0.9974576966382512
RCN13491	0.9980805546422068
RCN13492	0.7904392908201474
RCN13493	0.9995241341054386
RCN13494	0.8861742492048759
RCN13495	0.9960368632380556
RCN13496	0.8243361337220843
RCN13497	0.9913685757695758
RCN13498	0.9898605750451416
RCN13499	0.9929836020336126
RCN13500	0.9982918276833308
RCN13501	0.9948226388970844
RCN13502	0.9964183893578472
RCN13503	0.9982979149047612
RCN13505	0.9968837923062956
RCN13506	0.9975703564297064
RCN13507	0.9966731082980792
RCN13508	0.9991566686566892
RCN13510	0.9987616777953716
RCN13511	0.8530510025766876
RCN13512	0.9860363800144728
RCN13513	0.9965879487400104
RCN13514	0.9991687042936902
RCN13515	0.9988615406025246
RCN13516	0.9952047292439268
RCN13517	0.9821183197631156
RCN13518	0.6392860027823053
RCN13520	0.990794215967688
RCN13521	0.8943760869871678
RCN13523	0.9982378719775248
RCN13524	0.9977540228612188
RCN13525	0.947387219342084
RCN13526	0.993679564317518
RCN13527	0.9958255218343068
RCN13528	0.9974697145575177
RCN13529	0.9894839737684906
RCN13530	0.9676808422712664
RCN13531	0.873967255878355
RCN13532	0.9992954889732892
RCN13533	0.9992659537454738
RCN13534	0.9973367704896204
RCN13536	0.9999888799753868
RCN13537	0.9998900845276516
RCN13538	0.999353260621755
RCN13539	0.9997491387801896
RCN13540	0.9974524432807452
RCN13541	0.997716951277838
RCN13542	0.9951119843295408
RCN13543	0.7835945222757894
RCN13544	0.9970919272921112
RCN13545	0.9947472169070708
RCN13546	0.9635280751402148
RCN13548	0.9683745991374496
RCN13549	0.9963403986153426
RCN13551	0.7618840196503769
RCN13552	0.985395036894206
RCN13553	0.859122473773484
RCN13554	0.9960257922867124
RCN13555	0.9995574250277568
RCN13556	0.995446708170194
RCN13557	0.9939628458350626
RCN13558	0.9949657197072096
RCN13559	0.9974900187238808
RCN13560	0.9949126071239452
RCN13561	0.9978728593792372
RCN13562	0.9952847211400164
RCN13563	0.9973349671309778
RCN13564	0.9991514294067084
RCN13565	0.9979183571888506
RCN13566	0.9945213198846732
RCN13567	0.9920807933574002
RCN13568	0.919768843567993
RCN13569	0.6645965794942358
RCN13570	0.9976117039991064
RCN13571	0.9967816521601516
RCN13574	0.6355130223942738
RCN13575	0.9972358281323224
RCN13576	0.9624710713979924
RCN13577	0.7371113346124415
RCN13578	0.7412842970229323
RCN13579	0.998053730629372
RCN13580	0.8788056876357199
RCN13581	0.9942188924555369
RCN13582	0.8366820102785024
RCN13583	0.995817335333789
RCN13584	0.9971672659268728
RCN13585	0.9986550614154164
RCN13907	0.9997074706724446
RCN13908	0.99998613218039
RCN13909	0.9993989960114436
RCN13910	0.9969376130297518
RCN13911	0.999368723745755
RCN13912	0.8246973903344972
RCN13914	0.8619492109327211
RCN13915	0.7473370660433387
RCN13916	0.5662401509550277
RCN13917	0.6701564954307304
RCN13918	0.9807564249215114
RCN13919	0.8604898557441241
RCN13920	0.8679963255126355
RCN13921	0.7440550671977428
RCN13922	0.767657052732859
RCN13924	0.7117010078583363
RCN13925	0.998594371317569
RCN13926	0.6223642872778878
RCN13927	0.911259382117499
RCN13928	0.8481956034655934
RCN13929	0.988429243403932
RCN13930	0.9999663312438684
RCN13931	0.7614950216490746
RCN13933	0.7689673813859843
RCN13935	0.6031547086018019
RCN13936	0.7659257696079609
RCN13937	0.7578473752509948
RCN13938	0.998912709754336
RCN13939	0.9995690430807508
RCN13940	0.9999999813842252
RCN13941	0.9755090407964058
RCN13942	0.9997795001084854
RCN13943	0.999999996124034
RCN13944	0.9791813279171182
RCN13945	0.8076212531431536
RCN13946	0.9995722928831404
RCN13948	0.913106029645467
RCN13950	0.9979178160868512
RCN13951	0.99843208250817
RCN13952	0.9993099179969064
RCN13955	0.9961036410005422
RCN13956	0.9998773274338532
RCN13957	0.9999999961178752
RCN13958	0.9985507634703444
RCN13959	0.9967720707074872
RCN13960	0.999153559681938
RCN13962	0.9995871934587384
RCN13963	0.9722193690188164
RCN13964	0.9495835335886716
RCN13967	0.55213633319826
RCN13968	0.9930262802969236
RCN13969	0.9984049874902622
RCN13972	0.9993536172260272
RCN13974	0.8753914244734472
RCN13975	0.9997853553287476
RCN13976	0.9968186234235936
RCN13977	0.6397413430166571
RCN13978	0.9999917798805316
RCN13979	0.8895009912029622
RCN13980	0.9992283623798138
RCN13981	0.999999997047898
RCN13982	0.9999999899787478
RCN13983	0.999822141056912
RCN13984	0.9993529694831176
RCN13985	0.999450742436102
RCN13986	0.8391225744719082
RCN13987	0.736423908060275
RCN13988	0.99974445529891
RCN13989	0.9538011148539388
RCN13990	0.9999060193963352
RCN13991	0.939096292097086
RCN13992	0.8020196148149621
RCN13993	0.9992065947410887
RCN13994	0.9999826881459752
RCN13996	0.8899418869690139
RCN13997	0.9998874751164016
RCN13998	0.9943287471147318
RCN13999	0.9341582083605308
RCN14000	0.9999088462937002
RCN14001	0.8367076257952988
RCN14002	0.99936378780805
RCN14003	0.9333510862060408
RCN14004	0.859970825386492
RCN14005	0.9990644229335528
RCN14006	0.9999739360928184
RCN14007	0.999696836440866
RCN14008	0.9222955144838312
RCN14009	0.8714455796772066
RCN14010	0.9998005408091456
RCN14011	0.7771218633394812
RCN14012	0.6897693559218745
RCN14013	0.8640449340647196
RCN14014	0.8725220185896504
RCN14015	0.6603961491987032
RCN14016	0.7045919448150275
RCN14017	0.9998119218710892
RCN14018	0.7502107632909608
RCN14019	0.9999701772842298
RCN14020	0.999677481953374
RCN14021	0.9999815406011754
RCN14022	0.999999998205897
RCN14023	0.999767185653742
RCN14024	0.7065716664841982
RCN14025	0.8027451787480984
RCN14026	0.9514813942111638
RCN14027	0.9999999986886176
RCN14028	0.8869964422746466
RCN14029	0.999421147214487
RCN14030	0.9999999913472654
RCN14031	0.7058815309584574
RCN14032	0.8057796369191386
RCN14033	0.9624662222758436
RCN14034	0.9998118792401968
RCN14035	0.9997738442987616
RCN14036	0.999631880659184
RCN14037	0.9999131991301132
RCN14038	0.9914649189102502
RCN14039	0.9970166222483324
RCN14040	0.9997603823404052
RCN14041	0.9973723135633028
RCN14042	0.7859076146628016
RCN14043	0.9985792196618568
RCN14044	0.9999999925715712
RCN14045	0.9999999822450228
RCN14046	0.9994008509099764
RCN14047	0.948033924677978
RCN14048	0.9988174038212496
RCN14049	0.9986533035113848
RCN14050	0.9999113138952516
RCN14051	0.8526670864279399
RCN14053	0.8259439756904208
RCN14054	0.9995971506309382
RCN14055	0.9950304211847754
RCN14056	0.9985428205812246
RCN14057	0.9796585760120168
RCN14058	0.6977780187791076
RCN14059	0.8131209270652531
RCN14061	0.8647489939878739
RCN14062	0.9476962833295062
RCN14063	0.9940365618689478
RCN14064	0.6425257915484659
RCN14065	0.726320780251887
RCN14066	0.9983891778687854
RCN14067	0.7870230515802576
RCN14068	0.5645457915099013
RCN14069	0.9993281789540536
RCN14072	0.9999999906778436
RCN14073	0.9999999926076192
RCN14076	0.9978182630418978
RCN14077	0.9932535280665604
RCN14078	0.995445720173126
RCN14079	0.998607142937433
RCN14080	0.7237271688220072
RCN14081	0.979770328185006
RCN14082	0.9073480631029436
RCN14083	0.9999226490663712
RCN14084	0.819311359190855
RCN14085	0.9994393543366284
RCN14086	0.9999999895777184
RCN14087	0.9993769359067292
RCN14088	0.9347837860557136
RCN14089	0.7070542145614864
RCN14090	0.9557939690287692
RCN14091	0.9994243817171388
RCN14092	0.99998738081589
RCN14093	0.9996319039500242
RCN14095	0.8612388786732794
RCN14096	0.9904548705348856
RCN14097	0.9991021856798266
RCN14099	0.8540660662966435
RCN14101	0.9890832179517136
RCN14102	0.9014952626170702
RCN14103	0.6469103028706662
RCN14104	0.6827514213850563
RCN14105	0.9997958037101726
RCN14106	0.7918670469104555
RCN14107	0.8129673401631947
RCN14108	0.7627556029113128
RCN14109	0.9940342486471624
RCN14110	0.997784060056128
RCN14111	0.8822363353522341
RCN14112	0.9980764714947848
RCN14113	0.6906716825876416
RCN14114	0.8248038178208998
RCN14115	0.9991847113265976
RCN14116	0.9998652818939204
RCN14117	0.8864156102070271
RCN14118	0.9052991605199237
RCN14119	0.9887830139384424
RCN14120	0.9366762396975798
RCN14121	0.999428280467704
RCN14122	0.9992031555578434
RCN14123	0.9998599346860704
RCN14124	0.9326690489295696
RCN14125	0.941353637822754
RCN14126	0.7622307726483151
RCN14127	0.9997775819360945
RCN14128	0.999733317484438
RCN14129	0.999454060622973
RCN14130	0.9993174472484052
RCN14132	0.8600757510483596
RCN14134	0.9843021513904976
RCN14135	0.9991008903686838
RCN14136	0.8974258011177613
RCN14137	0.9091746764387691
RCN14138	0.8880064985388665
RCN14139	0.999610470606063
RCN14140	0.9997296947193708
RCN14142	0.9386140839953502
RCN14143	0.9121178215476216
RCN14144	0.6693613737451939
RCN14145	0.9976796392602988
RCN14146	0.9959027419314528
RCN14147	0.9961783340443036
RCN14148	0.905026584349304
RCN14149	0.8245372340246838
RCN14150	0.9999999883699926
RCN14151	0.999973810669369
RCN14152	0.7832961994503636
RCN14153	0.7990163703348834
RCN14154	0.9997577474302868
RCN14155	0.9946993385966274
RCN14156	0.995230872460226
RCN14158	0.9957596397001526
RCN14159	0.6864620215341963
RCN14160	0.9994685336457498
RCN14161	0.86688661500431
RCN14162	0.970150409100558
RCN14163	0.9988590394048366
RCN14164	0.8136500784876792
RCN14165	0.9995681545334738
RCN14166	0.7559280623169266
RCN14167	0.7985747224720032
RCN14185	0.9928497094252452
RCN14197	0.9932089342957792
RCN14210	0.9979360755180372
RCN14217	0.9537775105453288
RCN14220	0.7901628921766024
RCN14222	0.9948273805416058
RCN14223	0.9940769154670688
RCN14225	0.9990162082660704
RCN14226	0.99635418898147
RCN14233	0.997475178285456
RCN14234	0.9966160883892928
RCN14238	0.9774664028319228
RCN14239	0.9968722175336648
RCN14241	0.9968347688073592
RCN14243	0.9966480352720308
RCN14251	0.9987642060416156
RCN14255	0.9967471493852198
RCN14262	0.9905597236837403
RCN14263	0.9927160568149364
RCN14264	0.9958534016120916
RCN14265	0.9949663569579652
RCN14268	0.9937177144143654
RCN14269	0.992371252784972
RCN14270	0.9948078225870004
RCN14271	0.9946083660244148
RCN14272	0.9917200044466312
RCN14273	0.992323179288945
RCN14276	0.9917158477497288
RCN14277	0.9909365470743712
RCN14278	0.9909699722561148
RCN14279	0.993260653433678
RCN14280	0.9926586669207706
RCN14281	0.9918494290840172
RCN14284	0.9923205636869088
RCN14285	0.9930135551668204
RCN14286	0.9929542298268248
RCN14287	0.9927107250835177
RCN14288	0.9969386718487108
RCN14289	0.9905002999639044
RCN14291	0.9943233285119844
RCN14292	0.9936321332255716
RCN14293	0.9961346105313104
RCN14294	0.991550838938964
RCN14295	0.9969231567352124
RCN14296	0.9920445594524704
RCN14297	0.992827296253814
RCN14300	0.9943025934127006
RCN14301	0.9958584450697984
RCN14302	0.995095729087516
RCN14303	0.9905067424349248
RCN14304	0.993736221435516
RCN14305	0.9930223843961224
RCN14309	0.9914590029928564
RCN14310	0.9908252694377372
RCN14311	0.997361739467894
RCN14312	0.9922699327748826
RCN14313	0.997840677697408
RCN14316	0.9992208407088584
RCN14317	0.9900041223598064
RCN14318	0.995825964531232
RCN14319	0.9925648725457552
RCN14320	0.9934014083436256
RCN14321	0.9948623225861272
RCN14324	0.991907740928216
RCN14325	0.9960102402152272
RCN14572	0.9943493958534698
RCN14573	0.9999999996412294
RCN14574	0.9999999986520274
RCN14575	0.998374221881676
RCN14576	0.9881113942781136
RCN14577	0.9950538616028544
RCN14578	0.9998918839522648
RCN14580	0.8274449015594398
RCN14581	0.9970859538616336
RCN14582	0.9927203687296704
RCN14584	0.9969654380285864
RCN14585	0.9964464562472256
RCN14586	0.9960765108918628
RCN14587	0.9965737314631794
RCN14588	0.9923349183407628
RCN14589	0.9920585166325068
RCN14590	0.991412053138078
RCN14591	0.9958588103266326
RCN14592	0.9923940529412344
RCN14593	0.9981379386458552
RCN14594	0.9956310706491448
RCN14595	0.9962587017395838
RCN14596	0.9969214399398826
RCN14597	0.993217773235489
RCN14598	0.9965109812984274
RCN14599	0.994886784967165
RCN14600	0.9918072023978785
RCN14601	0.992514519650639
RCN14602	0.9938524555376628
RCN14603	0.993339301667584
RCN14604	0.994743497248316
RCN14605	0.9986778690196578
RCN14606	0.9977885068315224
RCN14607	0.996051558869692
RCN14608	0.9973472220245356
RCN14609	0.9969129763360618
RCN14610	0.9932170752798004
RCN14611	0.995247902524394
RCN14612	0.9936501271569692
RCN14613	0.9941766743347836
RCN14614	0.9913823556115196
RCN14615	0.9925850938887208
RCN14616	0.9920883865182576
RCN14617	0.9969732924539144
RCN14618	0.9958081460714648
RCN14620	0.9970448547849208
RCN14621	0.9945613542222264
RCN14622	0.9923378079218956
RCN14623	0.9982694634103498
RCN14624	0.9956369899861746
RCN14625	0.9932857900823948
RCN14626	0.997586481861798
RCN14627	0.9945018036302152
RCN14628	0.9957804026698108
RCN14629	0.9974969439148864
RCN14630	0.9959849727068396
RCN14631	0.993869502356608
RCN14632	0.9995411392089444
RCN14633	0.9958166004534597
RCN14634	0.9995236290444496
RCN14635	0.992376145882032
RCN14636	0.995854670648725
RCN14638	0.999345441648854
RCN14639	0.9935149015355854
RCN14640	0.9949557529275052
RCN14641	0.9932527109257706
RCN14642	0.997462593164794
RCN14643	0.9954152172119218
RCN14644	0.9925153602704432
RCN14645	0.996386912387126
RCN14646	0.9923468658486037
RCN14647	0.999319335420332
RCN14648	0.99352375259498
RCN14649	0.9934764362833364
RCN14650	0.9955036253991898
RCN14651	0.9967892202591734
RCN14652	0.9928388591058556
RCN14653	0.9951677810033932
RCN14654	0.9937870455750534
RCN14655	0.9942346181850148
RCN14656	0.9930877094894232
RCN14657	0.991442362636522
RCN14658	0.9943022660749208
RCN14659	0.998723591095244
RCN14660	0.992708945168286
RCN14661	0.8041657374201673
RCN14662	0.9962888562950634
RCN14663	0.9946451199686652
RCN14664	0.9947410855195892
RCN14665	0.9929195063894796
RCN14666	0.999748114724807
RCN14667	0.9983475043695984
RCN14672	0.9291075960725584
RCN14673	0.999021234717188
RCN14674	0.9949255682525682
RCN14675	0.9987266653226952
RCN14676	0.993111561206745
RCN14677	0.9343870948614268
RCN14680	0.9970087572400278
RCN14681	0.9942463051887318
RCN14682	0.995790613053472
RCN14683	0.9923775970794798
RCN14684	0.9969444826915288
RCN14685	0.9979256223592664
RCN14688	0.99708041984758
RCN14689	0.9971554500230776
RCN14691	0.9994665510429914
RCN14692	0.9995946753642015
RCN14693	0.9974961046629456
RCN14696	0.993965049736889
RCN14697	0.9986338847195704
RCN14698	0.9972276247612416
RCN14699	0.9901773115066936
RCN14700	0.9965482391149972
RCN14701	0.9919125471276308
RCN14705	0.8199214701031035
RCN14706	0.9957426017646156
RCN14707	0.992636455693593
RCN14708	0.9911022779256756
RCN14709	0.9899981824998692
RCN14712	0.9970383201833112
RCN14713	0.9946123927870232
RCN14714	0.9942534449974316
RCN14715	0.9969999540365498
RCN14716	0.9978602770796994
RCN14717	0.9990010371450848
RCN14719	0.999999999037268
RCN14720	0.9983996818967544
RCN14721	0.9931651768709004
RCN14722	0.998948348647752
RCN14723	0.9936313666162696
RCN14724	0.9971963330738666
RCN14725	0.9959381424755184
RCN14727	0.9952009715538652
RCN14728	0.9975856749793736
RCN14729	0.9988537292671974
RCN14730	0.9976295077690088
RCN14731	0.9966049409811356
RCN14732	0.99759653483439
RCN14733	0.9958552682033666
RCN14738	0.9921411120804238
RCN14739	0.9939530464941412
RCN14740	0.9944109857794968
RCN14741	0.9504459566147112
RCN14744	0.9966487742359432
RCN14746	0.9948755351596028
RCN14748	0.993144658937534
RCN14752	0.9931080203147816
RCN14753	0.991141387458375
RCN14754	0.9949066953950736
RCN14755	0.9955122501346912
RCN14756	0.9927436395601306
RCN14757	0.9975618895701202
RCN14760	0.9909458674988852
RCN14762	0.9934872162464292
RCN14763	0.993629887268181
RCN14766	0.9930912647900134
RCN14770	0.9931496246162032
RCN14771	0.9930356991084328
RCN14776	0.9950114355381302
RCN14777	0.9930979567797704
RCN14787	0.9913281173901548
RCN14794	0.9900095137005884
RCN14795	0.9913645897232708
RCN14799	0.9912580859480348
RCN14800	0.9943258841584948
RCN14802	0.9945154116176308
RCN14803	0.9949682597360476
RCN14807	0.9931486232207448
RCN14809	0.9938692090048
RCN14810	0.9917974307151948
RCN14811	0.9920603113298068
RCN14814	0.9920025481486002
RCN14815	0.9968330136273278
RCN14816	0.993608547009732
RCN14818	0.9923025204357194
RCN14819	0.9934746788921628
RCN14827	0.991645601085464
RCN14834	0.9955717639506976
RCN14835	0.9920369447049584
RCN14839	0.9925657169314048
RCN14840	0.9923268276255016
RCN14841	0.870643639053554
RCN14843	0.9923895314242464
RCN14847	0.9937026157119146
RCN14848	0.9929532252414562
RCN14849	0.9935236612942004
RCN14850	0.9945319818831968
RCN14851	0.997948916853175
RCN14904	0.9991850815466922
RCN14906	0.9990283417932518
RCN14910	0.9994360580846569
RCN14912	0.999190955708677
RCN14913	0.9992510678944194
RCN14915	0.999302200291966
RCN14916	0.9982210381927872
RCN14917	0.798022488634006
RCN14918	0.9975485183738771
RCN14919	0.9981138004394208
RCN14920	0.9980636429017776
RCN14921	0.9943746853435258
RCN14923	0.9993875236156388
RCN14924	0.9991188015137118
RCN14925	0.9996198966559958
RCN14926	0.999318405092248
RCN14927	0.9997363382212991
RCN14928	0.9957515834405568
RCN14929	0.998116266285722
RCN14930	0.9988084706243002
RCN14932	0.997934610746213
RCN14933	0.9963760993317134
RCN14934	0.9975746481635884
RCN14935	0.9999070909562426
RCN14936	0.925710144235926
RCN14937	0.9534515568935304
RCN14938	0.9982534944434124
RCN14939	0.9586091961765308
RCN14940	0.8059459252764269
RCN14941	0.997108353840287
RCN14942	0.7911497893031229
RCN14943	0.9978891415569118
RCN14944	0.817020879797139
RCN14946	0.9319512617336558
RCN14948	0.999366924992976
RCN14949	0.9973308918223868
RCN14950	0.9976698324660652
RCN14951	0.99999999665742
RCN14952	0.9987597303631148
RCN14953	0.994827187679946
RCN14954	0.9985739926031416
RCN14955	0.999218195737868
RCN14957	0.9475075691098798
RCN14958	0.9477400486636168
RCN14959	0.932826870633227
RCN14965	0.994446424022368
RCN14966	0.9974195166438968
RCN14969	0.9997876819976436
RCN14970	0.9976046395348336
RCN14971	0.998073472347176
RCN14973	0.9990509355531684
RCN14974	0.998968907590314
RCN14975	0.999089709268208
RCN14976	0.998725516545384
RCN14978	0.9366987950843166
RCN14979	0.999681512284938
RCN14981	0.9994922372550636
RCN14982	0.9986059936167484
RCN14988	0.9999999998258484
RCN14989	0.9995864575687076
RCN14990	0.9976081110534074
RCN14991	0.997719060111687
RCN14992	0.9983128967787116
RCN14994	0.9975732387206994
RCN14996	0.9970928595426584
RCN14997	0.9977422321988344
RCN14998	0.9981621535137728
RCN14999	0.9980783287736952
RCN15000	0.9994133899625904
RCN15001	0.9964341227411332
RCN15002	0.9999702993678036
RCN15003	0.9979508777303806
RCN15004	0.999299626590224
RCN15005	0.9972050836019996
RCN15006	0.9836269360719188
RCN15007	0.9999530900569568
RCN15008	0.9994472044385232
RCN15009	0.999869083191791
RCN15010	0.9965480998182504
RCN15011	0.9976045343125688
RCN15012	0.998425137084158
RCN15013	0.9996615058014718
RCN15014	0.9982445847784116
RCN15015	0.9999999993076992
RCN15016	0.9956771887349556
RCN15017	0.9984865563409272
RCN15018	0.9964398889113762
RCN15019	0.99987440991363
RCN15020	0.9986519673381296
RCN15021	0.6821840359803377
RCN15022	0.9995018971884184
RCN15024	0.9992422070355452
RCN15025	0.9984159085380038
RCN15026	0.999141970853031
RCN15027	0.9987720836039768
RCN15028	0.9985289396588146
RCN15029	0.9980186769189934
RCN15030	0.650333299691503
RCN15031	0.9950867613873324
RCN15032	0.9966781510384944
RCN15033	0.9954038785628716
RCN15034	0.9982492298509644
RCN15035	0.9989712831750672
RCN15036	0.998227980463108
RCN15037	0.998880587783226
RCN15038	0.9993644808361084
RCN15039	0.9992211965575184
RCN15040	0.9941418698316778
RCN15041	0.99568906484328
RCN15042	0.9954296790109076
RCN15043	0.9999905917917724
RCN15044	0.9970685929966234
RCN15046	0.9997780244687902
RCN15047	0.9998059316624336
RCN15048	0.9998243318862547
RCN15049	0.9953433002667464
RCN15050	0.9998695970612784
RCN15053	0.9995500504336636
RCN15054	0.9998085280879776
RCN15055	0.6541298413152143
RCN15056	0.6523280208104769
RCN15057	0.6490250607914161
RCN15058	0.6541368187391161
RCN15059	0.9999999999654876
RCN15060	0.9994203776790834
RCN15062	0.9989046838298384
RCN15063	0.998648885408154
RCN15064	0.999397112525974
RCN15065	0.998613088501109
RCN15067	0.999681456004194
RCN15068	0.9972365904913656
RCN15070	0.998156254817024
RCN15071	0.9950891264023856
RCN15072	0.9986610593609542
RCN15073	0.998343076963394
RCN15074	0.9982742960084438
RCN15075	0.9977591196651252
RCN15076	0.9991225599785788
RCN15077	0.9983590491122964
RCN15078	0.9984087210808692
RCN15079	0.9973870731041972
RCN15080	0.8874907309609484
RCN15081	0.8285662855696758
RCN15082	0.8151326804537851
RCN15083	0.9967092094235548
RCN15084	0.8179426619621945
RCN15085	0.8335489929532354
RCN15086	0.9959323221466638
RCN15087	0.997930098971303
RCN15088	0.8151500522928998
RCN15089	0.9972463807800298
RCN15090	0.998280224736934
RCN15091	0.8307967643327869
RCN15092	0.8227143388185301
RCN15093	0.9975031205456154
RCN15094	0.8278458088556873
RCN15095	0.9981372328192502
RCN15096	0.9961370945750748
RCN15097	0.8324807888249899
RCN15098	0.9958449267549462
RCN15099	0.9988111502264866
RCN15100	0.9997436348627072
RCN15102	0.9983853193579024
RCN15104	0.9959630564407012
RCN15107	0.9978418586970872
RCN15108	0.9766981751642114
RCN15109	0.9987323779719506
RCN15110	0.9969094074533484
RCN15111	0.9981070084029954
RCN15112	0.9896407247670312
RCN15113	0.9973790697919088
RCN15115	0.9929937087033944
RCN15116	0.9908835037411864
RCN15117	0.9845191679313432
RCN15118	0.997951958307068
RCN15120	0.9982731977743844
RCN15121	0.9960450057508864
RCN15122	0.99523651614689
RCN15123	0.99423406096434
RCN15126	0.99708732350152
RCN15128	0.9979369748994948
RCN15129	0.9920891996904694
RCN15133	0.998019447695295
RCN15135	0.9710111000347572
RCN15138	0.9983145723232832
RCN15139	0.9973464829346792
RCN15140	0.9999999997308078
RCN15141	0.9943268024171634
RCN15142	0.9877007940179772
RCN15143	0.999436436727272
RCN15146	0.9954224997791048
RCN15147	0.98833392297264
RCN15149	0.9564937734725648
RCN15152	0.996009029556308
RCN15153	0.94831146194187
RCN15154	0.9951660931540808
RCN15155	0.9641159872226304
RCN15157	0.9997065519911988
RCN15160	0.99690388107752
RCN15161	0.995567647575394
RCN15162	0.9905809365470312
RCN15163	0.9943322807986388
RCN15164	0.99937339804724
RCN15165	0.9632916890117336
RCN15167	0.9954067587955407
RCN15168	0.997948322808058
RCN15169	0.9936727859257444
RCN15170	0.9964052553680416
RCN15171	0.9965391130962228
RCN15172	0.9984873127273308
RCN15173	0.9955342509360812
RCN15174	0.9953420700982014
RCN15175	0.9941686427501
RCN15176	0.9993301037443192
RCN15178	0.9991755947794908
RCN15179	0.9968243310753622
RCN15180	0.998582759413886
RCN15182	0.8900097523009001
RCN15183	0.9979760310850196
RCN15184	0.9974042124194846
RCN15185	0.9932977315407449
RCN15186	0.9428761239716398
RCN15187	0.9948499868255122
RCN15189	0.7496947248897219
RCN15190	0.9933448229203078
RCN15191	0.9982721875081604
RCN15192	0.9963554323132784
RCN15193	0.9974117458469705
RCN15194	0.9960298765941203
RCN15195	0.997669843048075
RCN15196	0.9984364881125064
RCN15197	0.9929681033028545
RCN15198	0.7338190817457454
RCN15199	0.9997834128314568
RCN15200	0.99963987177008
RCN15201	0.9977369966518326
RCN15202	0.995891129438766
RCN15204	0.9006608402349636
RCN15205	0.700041368152769
RCN15206	0.6601817423280741
RCN15207	0.998701529871838
RCN15208	0.9983706138458468
RCN15209	0.9988065034097936
RCN15210	0.9986572622197416
RCN15211	0.999806260268308
RCN15212	0.9980220816597992
RCN15213	0.9692767926814118
RCN15214	0.5653768375938057
RCN15215	0.9966544352924012
RCN15216	0.6067188381712796
RCN15217	0.996093651409824
RCN15218	0.9964742805136756
RCN15219	0.9977059735987152
RCN15220	0.9979569096770888
RCN15221	0.9783009353830684
RCN15222	0.8873355106764427
RCN15223	0.9397559911048932
RCN15224	0.9949412182322712
RCN15225	0.9968093894014064
RCN15226	0.9959772449215132
RCN15227	0.9967273113460502
RCN15228	0.9985718616641132
RCN15229	0.7941835095334946
RCN15230	0.989438200647138
RCN15231	0.995465290424133
RCN15233	0.9963814593535092
RCN15234	0.9493164199552164
RCN15235	0.9971799051634112
RCN15236	0.99254049795047
RCN15237	0.8886732696204777
RCN15238	0.9373747999343056
RCN15239	0.9980726053383224
RCN15240	0.998168125987304
RCN15241	0.9974153843959284
RCN15242	0.9978462684373104
RCN15243	0.6294008392563273
RCN15244	0.588772056584706
RCN15245	0.997430942625975
RCN15246	0.9990179373587528
RCN15247	0.8370763195516224
RCN15248	0.9971995876093936
RCN15249	0.7141825472890712
RCN15250	0.9987463377966512
RCN15251	0.9741905973608436
RCN15252	0.995793315132151
RCN15253	0.9999999999066244
RCN15255	0.918965761644044
RCN15256	0.9966303006703152
RCN15258	0.9800014737095598
RCN15259	0.9972598279671908
RCN15260	0.9974141944803304
RCN15261	0.9965896638114428
RCN15262	0.9821761168407136
RCN15263	0.9964022412627744
RCN15264	0.9991477610792332
RCN15265	0.9986514227547236
RCN15267	0.9885884907049278
RCN15268	0.9815145702619666
RCN15269	0.995287565536174
RCN15270	0.992418940790723
RCN15271	0.9991241515623528
RCN15272	0.9914056033467322
RCN15273	0.9959066188021228
RCN15274	0.995797030049091
RCN15275	0.9796940012488452
RCN15276	0.991602417997692
RCN15277	0.7987854022371497
RCN15278	0.9578233356575532
RCN15279	0.9929867998873964
RCN15280	0.9669733871122292
RCN15281	0.9899850389739778
RCN15282	0.998112396584355
RCN15283	0.9622444871625202
RCN15284	0.8838731136569744
RCN15285	0.6308475376535232
RCN15287	0.9985751680489582
RCN15288	0.9958977117591366
RCN15289	0.7585420046092849
RCN15290	0.7532978475202108
RCN15291	0.9177703614397366
RCN15292	0.9957700684526674
RCN15293	0.9955406367691556
RCN15294	0.9987845966895572
RCN15295	0.9979017133557024
RCN15296	0.9966343772990812
RCN15297	0.9993490283241244
RCN15298	0.9989201392543646
RCN15299	0.9990212044923836
RCN15300	0.9983205985585488
RCN15301	0.998515844708131
RCN15302	0.9847330118850444
RCN15303	0.9984604029207126
RCN15304	0.997880428447952
RCN15305	0.8722578222575503
RCN15306	0.9991131944987802
RCN15307	0.997788991471634
RCN15308	0.9954509510449896
RCN15309	0.9954443136045098
RCN15310	0.9990858376375698
RCN15311	0.9965075721250988
RCN15312	0.9959200994586358
RCN15313	0.9956963596002154
RCN15315	0.9672616669045636
RCN15316	0.9272465715497942
RCN15317	0.9989319489529532
RCN15318	0.9981298339533082
RCN15319	0.9972652065416344
RCN15320	0.999001097913399
RCN15321	0.9990738625827422
RCN15322	0.9973186790006242
RCN15323	0.989028347728615
RCN15324	0.7947314376176593
RCN15325	0.9887784408547284
RCN15326	0.8120595375868184
RCN15327	0.9803812364236668
RCN15328	0.9811709476552802
RCN15329	0.9842595184659028
RCN15330	0.9968846786280422
RCN15331	0.9987687819159948
RCN15332	0.9989018174731796
RCN15333	0.9946352517356648
RCN15334	0.9955617041120098
RCN15335	0.9937692505558628
RCN15337	0.822956768949213
RCN15338	0.821449949348291
RCN15340	0.9037882619217444
RCN15341	0.9976346389352828
RCN15342	0.9903426626932904
RCN15343	0.9972599396680868
RCN15345	0.9979471996992858
RCN15346	0.9982843187923832
RCN15347	0.998269858448997
RCN15348	0.9982004116447174
RCN15349	0.9967672836586376
RCN15350	0.9970277588807832
RCN15351	0.9980870623057612
RCN15352	0.9990610898066536
RCN15353	0.9979209418960464
RCN15354	0.9966693328734008
RCN15355	0.9980836217402684
RCN15356	0.9992481153843872
RCN15357	0.9978877669970724
RCN15358	0.9581522338126596
RCN15359	0.9951329084916825
RCN15360	0.9976266429192128
RCN15362	0.999230857989906
RCN15363	0.9984607926560288
RCN15364	0.9986918234936136
RCN15365	0.9984936455387454
RCN15366	0.998873054089162
RCN15368	0.9993837754694996
RCN15369	0.997721684299705
RCN15370	0.9988320522589476
RCN15371	0.9924905680159788
RCN15372	0.9982902704153448
RCN15373	0.9988888900447126
RCN15374	0.9986709073421844
RCN15376	0.996256297445922
RCN15377	0.996853552893228
RCN15378	0.8074596813180621
RCN15379	0.9992308466872976
RCN15380	0.9983865172474756
RCN15381	0.9982061751652866
RCN15382	0.997767080779356
RCN15386	0.9987996153094912
RCN15387	0.998536747383514
RCN15730	0.6833573917661132
RCN15746	0.4410802870869057
RCN15829	0.8579057163946403
RCN15834	0.9981682373823004
RCN15837	0.9924663591682228
RCN15845	0.9949487016162316
RCN15851	0.9991561877767334
RCN15853	0.9989969293873862
RCN15861	0.8672231082270495
RCN15869	0.9967448358412908
RCN15872	0.99862556797452
RCN15876	0.9980111761293028
RCN15877	0.9980049423502608
RCN15878	0.9295802077358246
RCN15879	0.9533295938183276
RCN15885	0.906013249973797
RCN15887	0.99585164876792
RCN15888	0.9932083040736704
RCN15889	0.9074389129829538
RCN15893	0.99508197638627
RCN15894	0.997080308614421
RCN15895	0.9945458914443612
RCN15896	0.9978808799609497
RCN15897	0.8375141904808924
RCN15899	0.992700119004805
RCN15903	0.9947925941431192
RCN15904	0.9984184472292698
RCN15905	0.9939997088655514
RCN15908	0.992749541724858
RCN15911	0.9953597085001508
RCN15912	0.9941716452806948
RCN15913	0.9960133577001242
RCN15917	0.9753091864827376
RCN15920	0.9960618414062936
RCN15921	0.9944562362161696
RCN15926	0.995805711236259
RCN15927	0.9924222841242584
RCN15928	0.991873877124398
RCN15930	0.9926179425965056
RCN15932	0.9962253982402522
RCN15934	0.9969292020762256
RCN15936	0.9947036981996732
RCN15937	0.9933858499965842
RCN15942	0.9932720135704096
RCN15943	0.9993328285530674
RCN15944	0.9946048567438248
RCN15946	0.9937857680091104
RCN15948	0.9941843921297684
RCN15949	0.9932986354320504
RCN15950	0.9947932564536572
RCN15958	0.9982383487757608
RCN15959	0.9965348841612728
RCN15960	0.9973439558368616
RCN15961	0.8809468308387962
RCN15966	0.993333706286579
RCN15967	0.9939076819366726
RCN15968	0.9936586935841876
RCN15969	0.9978208389172244
RCN15972	0.994377060797619
RCN15973	0.9997301898299656
RCN15974	0.9958982274361368
RCN15975	0.9914261616658384
RCN15978	0.9927139860709414
RCN15979	0.9926301337052864
RCN15980	0.9940078717091936
RCN15982	0.9977654528955044
RCN15983	0.992069022646288
RCN15986	0.9935585370438748
RCN15987	0.9959253692788448
RCN15988	0.994146163080726
RCN15989	0.993348720949635
RCN15990	0.8138401103487827
RCN15991	0.993468843651736
RCN15994	0.9962294795460248
RCN15995	0.9948775346899784
RCN15996	0.9959163360063684
RCN15997	0.993511042606813
RCN15998	0.996171910783398
RCN15999	0.9914443483441358
RCN16002	0.8661211445616468
RCN16003	0.9955197513766172
RCN16004	0.9912308129147396
RCN16005	0.994781750606936
RCN16006	0.9924357506274876
RCN16007	0.998283578134265
RCN16010	0.9189400272675068
RCN16011	0.9942272027232713
RCN16012	0.6500767360460966
RCN16014	0.9989411245256516
RCN16015	0.9979988884264848
RCN16019	0.9983234493084852
RCN16020	0.9510293742529892
RCN16021	0.7384443191659051
RCN16022	0.9928096204079232
RCN16023	0.9999002994202212
RCN16026	0.9948052969166408
RCN16027	0.9927827802839464
RCN16029	0.9934624201183578
RCN16031	0.9920614674243896
RCN16036	0.892681116061119
RCN16037	0.9754249728329846
RCN16038	0.9998501634577096
RCN16039	0.9660457833406324
RCN16042	0.9741719188869932
RCN16043	0.970720684925711
RCN16045	0.9911156050867932
RCN16046	0.992905234932924
RCN16047	0.9952089556006756
RCN16048	0.9920150590920496
RCN16049	0.9919141408642947
RCN16050	0.9911568415383586
RCN16513	0.9989843478198446
RCN16514	0.9994975532759875
RCN16515	0.9996656852865446
RCN16516	0.9994707850956728
RCN16517	0.9999999997789886
RCN16518	0.999573868800442
RCN16519	0.999322415813524
RCN16520	0.9977992681130862
RCN16521	0.9987990563850374
RCN16522	0.9997639166374882
RCN16524	0.9997019382397836
RCN16528	0.9961629160850102
RCN16529	0.997061769126215
RCN16530	0.9999999978180072
RCN16531	0.9995607746874622
RCN16532	0.9995109714420868
RCN16534	0.9008015214012308
RCN16536	0.9995825027000466
RCN16537	0.9995186463540436
RCN16538	0.8964074269228526
RCN16539	0.9999999997252534
RCN16540	0.9994449409401452
RCN16541	0.9993347547262276
RCN16542	0.998093928281898
RCN16544	0.9975214916957752
RCN16545	0.9997494824558724
RCN16546	0.9990671498378738
RCN16547	0.9999999932403628
RCN16548	0.9998536525993544
RCN16549	0.999452511565082
RCN16550	0.9983800916220158
RCN16551	0.9994848845457132
RCN16552	0.9982081094012007
RCN16553	0.9968225266595953
RCN16554	0.9970248390545664
RCN16555	0.9997195534213914
RCN16557	0.9986514839880613
RCN16558	0.9992288471358596
RCN16559	0.9970368792016758
RCN16560	0.9990567927400924
RCN16561	0.996703497920399
RCN16562	0.9987125462261524
RCN16563	0.9987420939397732
RCN16564	0.9646957265726808
RCN16565	0.9976473888550748
RCN16575	0.9709014100163416
RCN16576	0.9979930344346716
RCN16578	0.999903298240812
RCN16587	0.999042192892694
RCN18470	0.991882359275922
RCN18472	0.9952714642558278
RCN18475	0.9962317711236924
RCN18477	0.9940312899861118
RCN18478	0.994896916249776
RCN18481	0.9957644969449178
RCN18485	0.9939910612085066
RCN18488	0.9942231910646284
RCN18489	0.9925388998783824
RCN18492	0.9983367245001316
RCN18493	0.9919491166805796
RCN18494	0.9918921643462602
RCN18495	0.9978685272712952
RCN18496	0.9972288969837828
RCN18497	0.9987750472053948
RCN18500	0.9951647995562446
RCN18502	0.9999877124476814
RCN18503	0.9961392762466528
RCN18504	0.9932001006997814
RCN18505	0.9964734288707312
RCN18508	0.9954794185794148
RCN18509	0.9949130035236288
RCN18510	0.9931237525853728
RCN18511	0.9926727316837078
RCN18512	0.995142735332076
RCN18513	0.9954477970116504
RCN18518	0.994782922507518
RCN18519	0.9970685871428616
RCN18520	0.9987608498831464
RCN18521	0.9998063545424924
RCN18524	0.9963144884249728
RCN18525	0.9981829652230508
RCN18527	0.998262606023671
RCN18528	0.9951188648274496
RCN18529	0.9929398289160796
RCN18534	0.9996392483600396
RCN18536	0.9939486644160024
RCN18540	0.992650193529834
RCN18542	0.993850132815306
RCN18543	0.997444691028032
RCN18544	0.994982017474953
RCN18545	0.9988468361047648
RCN18549	0.99345842112792
RCN18550	0.9934797220516728
RCN18551	0.9919367619264062
RCN18552	0.9969389122159452
RCN18553	0.9947710249012478
RCN18560	0.997527391123155
RCN18564	0.8783148534313419
RCN18565	0.9959480604732688
RCN18566	0.995582507648974
RCN18567	0.9989876914780802
RCN18572	0.9965624334554936
RCN18573	0.9929377011428951
RCN18574	0.99589396747126
RCN18575	0.9936556845416948
RCN18578	0.9997922056199188
RCN18581	0.99709844889662
RCN18582	0.9987891778434648
RCN18583	0.999750174572812
RCN18586	0.9914428806746756
RCN18587	0.9955150418190364
RCN18588	0.99178058095991
RCN18589	0.992442095225926
RCN18590	0.9960958608328644
RCN18591	0.9945748188358878
RCN18593	0.6712730808432046
RCN18594	0.6384639949720975
RCN18603	0.9998075726189908
RCN18605	0.9995880634014972
RCN18607	0.9938455837276972
RCN18609	0.9899605988441984
RCN18611	0.992385777907168
RCN18612	0.9988274068541344
RCN18613	0.9978442528201223
RCN18614	0.9952208054148468
RCN18615	0.9967277546880472
RCN18618	0.9996206988953662
RCN18619	0.998406462580966
RCN18620	0.9922173550367576
RCN18621	0.9900001419529698
RCN18622	0.992572613316079
RCN18623	0.9976901010287412
RCN18627	0.9986098482603604
RCN18628	0.997185189984604
RCN18630	0.9954394138982356
RCN18631	0.9919769842350196
RCN18633	0.9929654673322088
RCN18634	0.994612588312238
RCN18635	0.9928029947164234
RCN18636	0.992811769986599
RCN18637	0.9937535864184044
RCN18638	0.995104043053914
RCN18639	0.9933518798958694
RCN18641	0.9943348030432716
RCN18644	0.9966250921586196
RCN18646	0.993537561611098
RCN18647	0.99304959749034
RCN18649	0.9998585523638268
RCN18651	0.9945316291919858
RCN18654	0.992643697682536
RCN18655	0.9969433374792428
RCN18658	0.9977798634795636
RCN18659	0.9976724580502706
RCN18660	0.997362506798748
RCN18662	0.9944775521140496
RCN18664	0.998640597409218
RCN18665	0.9918489298566212
RCN18666	0.9920463455256954
RCN18667	0.9951691549992976
RCN18668	0.9996379560032466
RCN18669	0.9914421521322444
RCN18671	0.9912666823721844
RCN18672	0.9918267527967992
RCN18673	0.9932088853193406
RCN18675	0.907055055818754
RCN18676	0.9919467382096846
RCN18677	0.9913302883216686
RCN18680	0.9961510741379226
RCN18681	0.9250444658465976
RCN18682	0.9965795813123874
RCN18683	0.9945145374356954
RCN18684	0.9929684114733234
RCN18685	0.9949554330613544
RCN18687	0.9998876434407908
RCN18688	0.9945154985485626
RCN18689	0.9966238474543492
RCN18690	0.9988109330977292
RCN18691	0.9932097862592906
RCN18692	0.9949381210784346
RCN18693	0.8741704230996015
RCN18695	0.9984880002033736
RCN18696	0.9925363303611164
RCN18697	0.996011494840464
RCN18698	0.9940358912270952
RCN18699	0.9927294617367164
RCN18700	0.9992251417290818
RCN18701	0.9973863823414624
RCN18704	0.9896394453615954
RCN18705	0.9963238709399912
RCN18706	0.9927053950753032
RCN18707	0.9970183553714532
RCN18708	0.9948835222732422
RCN18709	0.9989030648999744
RCN18712	0.998796745219624
RCN18713	0.99984158589075
RCN18714	0.999354650254534
RCN18715	0.9999999969389692
RCN18716	0.9979127491389618
RCN18717	0.9960571320901672
RCN18718	0.9736026524253356
RCN18719	0.9994375197854966
RCN18720	0.9992973198627771
RCN18722	0.998860966520505
RCN18723	0.9996625130507188
RCN18724	0.9994344703741536
RCN18725	0.99690749641163
RCN18728	0.9980549607448012
RCN18729	0.9921475418360858
RCN18730	0.9915333708355052
RCN18731	0.9910346846914664
RCN18732	0.9933975084500716
RCN18733	0.999088700740418
RCN18734	0.9920731023889694
RCN18735	0.991894382470741
RCN18736	0.9921055987848292
RCN18737	0.9906253570887208
RCN18738	0.9906897092786426
RCN18739	0.905346411810102
RCN18740	0.999420079239513
RCN18741	0.9973671994727096
RCN18743	0.9992665271501692
RCN18744	0.9969120789504092
RCN18745	0.996546584750036
RCN18747	0.9997705682294988
RCN18748	0.9987040685475398
RCN18749	0.995004869116956
RCN22378	0.9996420325566004
RCN22379	0.9999999962248656
RCN22386	0.998468298328678
RCN22393	0.9999483694728336
RCN22439	0.9219636239503844
RCN22448	0.9990851429972206
RCN22465	0.9281452046556136
RCN22466	0.9998515034689544
RCN22480	0.9992515972625292
RCN22483	0.9997994087310906
RCN22484	0.9994389107585964
RCN22489	0.9824411027326254
RCN22490	0.9924863515635716
RCN22500	0.9991355694200944
RCN22503	0.9993983656776776
RCN22504	0.9998477305989588
RCN22505	0.9976415823325894
RCN22509	0.9956217976201004
RCN22510	0.9989813378839436
RCN22513	0.9996902545327704
RCN22514	0.999553560623053
RCN22520	0.9994200915579792
RCN22521	0.9979282969283664
RCN22522	0.9987000806434578
RCN22523	0.9986339987078156
RCN22525	0.998430236306764
RCN22526	0.9982712209957442
RCN22527	0.9888670393264504
RCN22529	0.9988620300942508
RCN22532	0.9993247182289694
RCN22533	0.9993109618247656
RCN22535	0.9717589200938777
RCN22536	0.960175033066834
RCN22542	0.967069416288348
RCN22545	0.9995236292346554
RCN22549	0.9997193973440768
RCN22550	0.9991251095859428
RCN22552	0.9997575560940428
RCN22554	0.9998574021657768
RCN22555	0.9994087950282452
RCN22556	0.9990381822120163
RCN22558	0.9962331175189006
RCN22559	0.9989913222162508
RCN22560	0.9997224776432554
RCN22561	0.9461290608102418
RCN22562	0.9999999986293656
RCN22564	0.9972049644846884
RCN22565	0.8492032168201591
RCN22567	0.9995380560008484
RCN22569	0.999999998720995
RCN22571	0.9998227611748496
RCN22572	0.9994004053817492
RCN22575	0.9997121213600388
RCN22576	0.999407112840188
RCN22577	0.941874684451178
RCN22578	0.9998361154710804
RCN22579	0.9998000845322544
RCN22580	0.9934924846775712
RCN22581	0.999737206890306
RCN22582	0.9972397002691474
RCN22583	0.990181227284673
RCN22584	0.9987350269313988
RCN22585	0.999322644794292
RCN22587	0.984300137458056
RCN22588	0.9999999979847743
RCN22589	0.9917917503902391
RCN22590	0.9971358653951466
RCN22595	0.952366365856666
RCN22597	0.9816587718102022
RCN22598	0.9995120790693844
RCN22601	0.9763820272067554
RCN22602	0.8979577129033643
RCN22604	0.9964687376603152
RCN22606	0.914830884731106
RCN22609	0.9999999980439084
RCN22612	0.999964118149958
RCN22613	0.999418002453568
RCN22614	0.9326499060438508
RCN22615	0.999719143000149
RCN22616	0.9994578674403948
RCN22620	0.9692563085255276
RCN22626	0.9997225772488628
RCN22629	0.9998014092364128
RCN22636	0.9995420283157608
RCN22637	0.9992251997794808
RCN22639	0.9997874441151984
RCN22640	0.9997920083417524
RCN22641	0.8910841561259385
RCN22643	0.99999999747508
RCN22644	0.9999999979016566
RCN22645	0.9997045113476348
RCN22647	0.9983627307957734
RCN22650	0.9920351911587386
RCN22651	0.9972061612659914
RCN22653	0.8436508108057792
RCN22654	0.9983676348395438
RCN22655	0.9972129673421606
RCN22657	0.9425660777768632
RCN22659	0.8182651278778694
RCN22660	0.999417434239262
RCN22661	0.9907572213475369
RCN22663	0.9999999981986434
RCN22664	0.9161360110871885
RCN22666	0.9996310714265384
RCN22667	0.9995747242487276
RCN22668	0.9995033413103924
RCN22669	0.9994863880130668
RCN22671	0.9977388474277772
RCN22672	0.9402371155787986
RCN22674	0.9784069050408004
RCN22675	0.7840107529349822
RCN22677	0.999613436682978
RCN22678	0.999556295013436
RCN22679	0.9994892815784
RCN22680	0.8181887419174143
RCN22681	0.8812391915376689
RCN22683	0.8897499175187614
RCN22684	0.9995495983399318
RCN22685	0.99932850305742
RCN22686	0.8494095457267493
RCN22687	0.997413117256372
RCN22688	0.9997852533091588
RCN22689	0.9995660420202752
RCN22690	0.9965855250499636
RCN22691	0.9991385691769108
RCN22693	0.999611261071292
RCN22694	0.9987301020023392
RCN22695	0.9976582706541438
RCN22696	0.8717384962462762
RCN22697	0.9995504389480088
RCN22698	0.7905404759515877
RCN22699	0.9950767535942386
RCN22704	0.9993571094933388
RCN22705	0.9996172007226658
RCN22707	0.999282156152588
RCN22708	0.9754368586260193
RCN22709	0.999644007476126
RCN22711	0.9995191257812835
RCN22715	0.999302245482492
RCN22716	0.9999999985221156
RCN22718	0.9999999977526258
RCN22720	0.9985682262502332
RCN22721	0.9998022910831148
RCN22722	0.906495735901106
RCN22725	0.8457149682903217
RCN22726	0.9998239084775916
RCN22727	0.9992952823854042
RCN22729	0.98502318797402
RCN22733	0.9999999988051914
RCN22735	0.9997421561466436
RCN22736	0.96289905916717
RCN22737	0.9997223910237224
RCN22738	0.9991994272294004
RCN22739	0.9994938616974464
RCN22740	0.9960499872118798
RCN22741	0.9445418891872934
RCN22742	0.9996128097729774
RCN22746	0.7845556689844557
RCN22748	0.9987099188577544
RCN22749	0.9984863767226791
RCN22750	0.9084798669625852
RCN22752	0.9998359292782448
RCN22753	0.9977514327850352
RCN22755	0.999093023624464
RCN22757	0.9445078632464348
RCN22759	0.978564391696266
RCN22760	0.9997612049800092
RCN22761	0.9994773168253616
RCN22764	0.90817145319573
RCN22767	0.9999999983797064
RCN22768	0.999606796981654
RCN22769	0.9995050697484774
RCN22770	0.9888385167349636
RCN22772	0.9996160795816348
RCN22776	0.9988830962320572
RCN22780	0.997902576944691
RCN22781	0.9996938464717624
RCN22782	0.999748952694268
RCN22783	0.9997259418939612
RCN22784	0.9994379956414297
RCN22786	0.999338521254396
RCN22787	0.9991466572181178
RCN22788	0.9993011691202685
RCN22789	0.999811317340098
RCN22790	0.9997614497493847
RCN22791	0.928356793573027
RCN22792	0.9988224978350556
RCN22794	0.9023351552479468
RCN22795	0.999930762652339
RCN22796	0.998971409209274
RCN22798	0.8922746570583282
RCN22799	0.997059024019014
RCN22800	0.8953329340948483
RCN22801	0.9545868445295762
RCN22802	0.9973354886334824
RCN22803	0.9996466290521424
RCN22804	0.9995003581918191
RCN22805	0.9999999956609136
RCN22806	0.9962968471830244
RCN22807	0.9992348469375671
RCN22808	0.999111910227354
RCN22809	0.9985910565891502
RCN22810	0.9994319456226906
RCN22811	0.9987526146140208
RCN22812	0.9994039091850552
RCN22813	0.9918097784144564
RCN22814	0.9065534484432608
RCN22815	0.999501524926334
RCN22817	0.8656864987735251
RCN22818	0.9966305205546272
RCN22819	0.9998846293969867
RCN22820	0.999843857080292
RCN22821	0.9995731856293316
RCN22822	0.9984735664961404
RCN22823	0.700003111115925
RCN22824	0.9997709696863464
RCN22825	0.9425167275822356
RCN22826	0.8053323464829256
RCN22827	0.9998469427161376
RCN22828	0.9994340691625831
RCN22829	0.999284619526498
RCN22831	0.9999167816067646
RCN22832	0.996622254745044
RCN22833	0.997416979038497
RCN22834	0.9997722192578226
RCN22835	0.9319400558179428
RCN22836	0.9971468811556996
RCN22837	0.973487915566242
RCN22838	0.9550621636273058
RCN22839	0.6748369539064342
RCN22840	0.999695880800344
RCN22842	0.999625687750642
RCN22843	0.9999999955558138
RCN22844	0.9987119376359576
RCN22845	0.9970326986497494
RCN22846	0.9339429589079876
RCN22847	0.9401098969578592
RCN22848	0.9994740580183918
RCN22850	0.9996736811745084
RCN22851	0.999674268351232
RCN22852	0.877453836254946
RCN22853	0.994326033100497
RCN22854	0.998261529343606
RCN22855	0.998883105195409
RCN22857	0.9998668553763828
RCN22858	0.9969185893457544
RCN22859	0.9967228113720824
RCN22860	0.9968896409881872
RCN22861	0.998445131791817
RCN22862	0.9977431371108793
RCN22863	0.9993099812485572
RCN22864	0.9691623352438946
RCN22865	0.99959750002219
RCN22866	0.9998196725629908
RCN22867	0.999999999233431
RCN22868	0.9994674058359836
RCN22869	0.9997662514630492
RCN22870	0.999404779974045
RCN22871	0.9994847410799113
RCN22872	0.998630726257859
RCN22873	0.9995680722592516
RCN22874	0.9994579140504822
RCN22875	0.9990472238878956
RCN22876	0.9860816855525688
RCN22877	0.9997735712444432
RCN22878	0.9995168712665068
RCN22879	0.9993721030502588
RCN22880	0.99916700442868
RCN22881	0.999817484047594
RCN22882	0.9991261652474546
RCN22884	0.999491439349891
RCN22886	0.9317083553784784
RCN22887	0.9989806114411792
RCN22888	0.9643922579378488
RCN22889	0.9996277020936608
RCN22890	0.9990219390542244
RCN22891	0.9996594344767912
RCN22892	0.9992691274411372
RCN22894	0.9969632976523504
RCN22895	0.9969286569446444
RCN22896	0.9993529255086508
RCN22897	0.9994210732871616
RCN22898	0.9999999997343884
RCN22899	0.9999453050282467
RCN22900	0.9992441460592258
RCN22901	0.9992694603590176
RCN22902	0.999100476812662
RCN22903	0.9997393200155764
RCN22904	0.9998081021163444
RCN22905	0.9999648918182796
RCN22906	0.9994362634724592
RCN22908	0.9997194787520892
RCN22909	0.998379826415494
RCN22910	0.9990445722739698
RCN22911	0.9954489385682608
RCN22931	0.995592596866901
RCN22934	0.9994669166354786
RCN22935	0.9785551751007928
RCN22937	0.9999999979662576
RCN22938	0.9998625721294048
RCN22939	0.999753956040973
RCN22940	0.9991151408782686
RCN22941	0.9997913871938726
RCN22942	0.9999394268953158
RCN22945	0.9991688580359392
RCN22946	0.9999999958005494
RCN22947	0.9992895048406036
RCN22948	0.9995712470003438
RCN22949	0.9995494049704396
RCN22950	0.9992148679257604
RCN22951	0.9994957036190422
RCN22952	0.9331517030758656
RCN22954	0.9952491810839288
RCN22955	0.999872486841721
RCN22956	0.999889067919961
RCN22957	0.9983186565555812
RCN22959	0.996364655293364
RCN22961	0.9999999958927008
RCN22962	0.999326068638239
RCN22963	0.9992505502445664
RCN22964	0.9897661793334186
RCN22965	0.9996887998331448
RCN22966	0.994459845888408
RCN22967	0.9997398511860154
RCN22968	0.9999999974008864
RCN22970	0.9394389639236028
RCN22971	0.954859336941997
RCN22972	0.9960140239774808
RCN22973	0.9920155995223622
RCN22974	0.9985736861028188
RCN22975	0.9962748922536786
RCN22976	0.9995899919629015
RCN22977	0.9990038807388576
RCN22978	0.7489289795632956
RCN22979	0.9960297043548508
RCN22981	0.9992731833616064
RCN22982	0.9992637158840676
RCN22983	0.9999999944250272
RCN22984	0.999570722204349
RCN22985	0.9999999958606092
RCN22987	0.9999999957110044
RCN22988	0.9963699578439132
RCN22989	0.9994227672046336
RCN22990	0.9901020186483735
RCN22995	0.9286085967863226
RCN22998	0.9825905112009616
RCN22999	0.9978892445804096
RCN23000	0.9999999961117108
RCN23001	0.9990782539179208
RCN23002	0.99153128684936
RCN23003	0.9996661731849908
RCN23004	0.9905100502951104
RCN23005	0.998182080120054
RCN23006	0.9996153036650076
RCN23008	0.9999999956001532
RCN23010	0.9992472909310212
RCN23011	0.9997538483177588
RCN23012	0.9999999962159986
RCN23018	0.9999388411356286
RCN23019	0.9999999958172135
RCN23020	0.999505647848339
RCN23022	0.9996593333608256
RCN23024	0.9987662424150804
RCN23025	0.999728738841346
RCN23026	0.9995363453027454
RCN23027	0.999999996252706
RCN23028	0.9971490230457184
RCN23029	0.9992383151722836
RCN23030	0.9975130971907264
RCN23031	0.9454842981273456
RCN23032	0.9998277283094684
RCN23035	0.9995863343852446
RCN23036	0.9977019728819884
RCN23038	0.9990296255065668
RCN23039	0.9998032925676178
RCN23040	0.9996025812635622
RCN23041	0.999135801040251
RCN23042	0.9996712706890908
RCN23044	0.9997473344810516
RCN23045	0.9998658997677232
RCN23046	0.999802108838469
RCN23047	0.9995191252105146
RCN23048	0.9996769305666702
RCN23049	0.9994765202260324
RCN23051	0.9995560022816488
RCN23058	0.9687652984662568
RCN23059	0.9990929023046028
RCN23060	0.9990110920726104
RCN23062	0.9825456269313042
RCN23065	0.9991317253750116
RCN23071	0.9996353911712722
RCN23072	0.9999071678323542
RCN23075	0.9994080802459056
RCN23076	0.9990755454227036
RCN23078	0.9997860234857242
RCN23079	0.996376262305326
RCN23080	0.9987607333465828
RCN23081	0.9036405758328876
RCN23082	0.9997720769187411
RCN23083	0.9600320917031382
RCN23084	0.9999999954452128
RCN23085	0.9992652094522584
RCN23086	0.9997459024880366
RCN23087	0.9997731727825556
RCN23088	0.9997448869331026
RCN23092	0.9995244490918684
RCN23093	0.9999999965506712
RCN23095	0.9997894583836472
RCN23096	0.9998474554920258
RCN23098	0.9342290490241554
RCN23099	0.996602354808518
RCN23100	0.9992154115633696
RCN23101	0.9805639541009398
RCN23102	0.9994005093094044
RCN23103	0.9507474061639763
RCN23104	0.9872301331034268
RCN23105	0.999999995585613
RCN23106	0.9999999979095224
RCN23109	0.999999996054337
RCN23112	0.9997843382771996
RCN23113	0.9999999979596468
RCN23114	0.919149770330618
RCN23115	0.9989212634468366
RCN23116	0.9439653340303128
RCN23118	0.9997217155647647
RCN23119	0.9260095041473704
RCN23120	0.9942143614551032
RCN23121	0.9997011666992764
RCN23122	0.999575491609041
RCN23124	0.9985492177460564
RCN23128	0.9995227795960098
RCN23132	0.9894634059716224
RCN23133	0.8072730088045509
RCN23134	0.9862245527023072
RCN23135	0.9996968868130744
RCN23137	0.998926352136283
RCN23138	0.9998245341403488
RCN23139	0.8986713126934049
RCN23140	0.9783181359815702
RCN23145	0.9997022543777432
RCN23146	0.9999254331977202
RCN23147	0.9987693924477132
RCN23150	0.9021097906993956
RCN23151	0.9984527666929122
RCN23153	0.9237817411240424
RCN23154	0.9692035880279948
RCN23158	0.9991430988772528
RCN23159	0.9960868952941414
RCN23160	0.9629921140856792
RCN23161	0.9999885610032936
RCN23162	0.7199176132537264
RCN23163	0.9997033248549588
RCN23164	0.99822381841133
RCN23166	0.997539249574174
RCN23167	0.8113601895613777
RCN23168	0.9996682681133904
RCN23174	0.9974328199402152
RCN23175	0.99958906575775
RCN23178	0.9996487959379046
RCN23179	0.9280617363405518
RCN23180	0.8735270541703403
RCN23191	0.9996158613622576
RCN23192	0.9990830591100248
RCN23197	0.974636124334285
RCN23198	0.9997813107743302
RCN23199	0.9439160568506376
RCN23202	0.9997092387254084
RCN23203	0.9704686706591732
RCN23207	0.9995227472141608
RCN23208	0.9666002056635662
RCN23209	0.9963227474637188
RCN23212	0.9999999978336168
RCN23214	0.9827365771785236
RCN23216	0.9999100362951796
RCN23217	0.9997365136180384
RCN23220	0.9997537937204708
RCN23221	0.9999999971650488
RCN23222	0.9990930010933168
RCN23223	0.9991902884046858
RCN23227	0.9990719796403256
RCN23230	0.999185791678776
RCN23232	0.9997885290021924
RCN23233	0.9994121402990218
RCN23234	0.9992494454390144
RCN24787	0.9932490814814124
RCN24788	0.9919102481792188
RCN24789	0.998807429143828
RCN24790	0.993620389222276
RCN24791	0.999089241503748
RCN24792	0.9930274259195262
RCN24793	0.9956396001593528
RCN24794	0.9939550276974416
RCN24795	0.9934745300496092
RCN24796	0.9942787405713648
RCN24797	0.9947145046268058
RCN24798	0.9945340283687568
RCN24799	0.992411779342703
RCN24800	0.9948996016248258
RCN24801	0.9937627277366058
RCN24802	0.996757669192875
RCN24803	0.9934055343324236
RCN24804	0.9940244309709082
RCN24805	0.9970719632577668
RCN24806	0.9917586730869584
RCN24807	0.9942578713237272
RCN24808	0.995076094384464
RCN24809	0.9923892000094978
RCN24810	0.995844658227702
RCN24811	0.9919264036571152
RCN24812	0.9932917230045638
RCN24813	0.99297971228714
RCN24814	0.9948861681711604
RCN24815	0.9999627175205544
RCN24816	0.998462750078832
RCN24817	0.99647971439614
RCN24818	0.994755915454912
RCN24819	0.9948279171793358
RCN24820	0.9989777226850196
RCN24821	0.9933224922682432
RCN24822	0.9913366911772143
RCN24823	0.9968492371088344
RCN24824	0.9967647655078252
RCN24825	0.9968230936493652
RCN24826	0.9956797906033196
RCN24827	0.9935488118910965
RCN24828	0.995123155183605
RCN24829	0.993504288665163
RCN24830	0.9997121299149982
RCN24831	0.9940638275996876
RCN24832	0.9952123390735044
RCN24833	0.9984931607040036
RCN24834	0.8467814411803456
RCN24835	0.9916119937855956
RCN24836	0.9917169890747228
RCN24837	0.9991268813051696
RCN24838	0.9929136767617004
RCN24839	0.9934710135703856
RCN24840	0.9939772482389722
RCN24841	0.9976802634818248
RCN24842	0.9938951795986546
RCN24844	0.999017343492662
RCN24845	0.9945057264076372
RCN24848	0.9960551225905412
RCN24849	0.9986212590039252
RCN24850	0.9997121385746536
RCN24851	0.9936555314719376
RCN24853	0.9919831863365016
RCN24854	0.9993726026939564
RCN24855	0.9999999963754282
RCN24856	0.9934107063513672
RCN24857	0.9972806926942016
RCN24859	0.9952471406794184
RCN24860	0.9939033211809132
RCN24861	0.9972018632712978
RCN24862	0.9957892403967946
RCN24863	0.9982766591933384
RCN24864	0.9954694711870168
RCN24865	0.9938532524753864
RCN24866	0.9999410112913704
RCN24867	0.993366776807279
RCN24868	0.9978683003648304
RCN24869	0.9945769964156348
RCN24870	0.9970131321243608
RCN24871	0.9884387789611636
RCN24872	0.9989941292269252
RCN24873	0.9951135884891316
RCN24874	0.9949988451716256
RCN24875	0.6946291166845027
RCN24876	0.9950785362171732
RCN24877	0.9941955272685262
RCN24878	0.9916429206692224
RCN24879	0.9924395736642168
RCN24880	0.9946193841735638
RCN24883	0.991333276867779
RCN24884	0.9927478863011452
RCN24885	0.994915367256312
RCN24886	0.9967554389055504
RCN24887	0.9963473496231467
RCN24888	0.983696268511598
RCN24889	0.9937684931014832
RCN24890	0.9460313012966662
RCN24891	0.7843431963353107
RCN24892	0.9931594888484928
RCN24893	0.9965667590318682
RCN24894	0.993729209479254
RCN24895	0.9926597104200662
RCN24896	0.9927553728443776
RCN24897	0.9925546643288832
RCN24898	0.9927869645708208
RCN24900	0.997074097197534
RCN24903	0.9999999971557338
RCN24904	0.9927088173781372
RCN24905	0.9991709431702278
RCN24906	0.9988947232777072
RCN24907	0.9982377502392432
RCN24909	0.9999999999584188
RCN24910	0.9773676570478518
RCN24911	1.0
RCN24912	0.9898878088062536
RCN24913	0.9999999998437082
RCN24914	0.9394115661455475
RCN24915	0.9910821069100106
RCN24916	0.991679920511453
RCN24917	0.991974042617798
RCN24918	0.996385664907144
RCN24919	0.9990254714091836
RCN24921	0.993405539146516
RCN24922	0.9934564711149548
RCN24923	0.9923252729786716
RCN24925	0.992958960588921
RCN24926	0.992713748035592
RCN24927	0.994245866013697
RCN24928	0.9918284013971552
RCN24929	0.997996689450462
RCN24930	0.9923647329829088
RCN24931	0.9922838069338172
RCN24932	0.9936413063858792
RCN24933	0.993768746274438
RCN24934	0.9956729642355834
RCN24935	0.9923007721621409
RCN24936	0.9932535729335642
RCN24937	0.9928428442603008
RCN24938	0.99140354853486
RCN24939	0.9909224969160536
RCN24940	0.9924178503270348
RCN24941	0.9954664203947916
RCN24942	0.9983470945190194
RCN24943	0.9916282349425316
RCN24944	0.991015942814531
RCN24945	0.9942328123294468
RCN24946	0.9924806331895956
RCN24947	0.9919561110395708
RCN24948	0.9992723039082824
RCN24949	0.9970914523646736
RCN24950	0.9977361570745492
RCN24951	0.9946580065913
RCN24953	0.9932870179170414
RCN24954	0.9954414563115194
RCN24955	0.9961885400611176
RCN24956	0.998245797291729
RCN24957	0.9930870971979948
RCN24958	0.9983197532847906
RCN24959	0.9910599438093578
RCN24960	0.9923139901317912
RCN24961	0.9920696457104464
RCN24963	0.994767108487821
RCN24964	0.9926224265981513
RCN24965	0.9918394441560624
RCN24966	0.9918435479295926
RCN24967	0.9936940535171828
RCN24968	0.9909114143387908
RCN24969	0.9988994794708496
RCN24970	0.99407390117811
RCN24971	0.9918146002622612
RCN24972	0.9922177252739052
RCN24973	0.7184331145274023
RCN24974	0.995171288272364
RCN24975	0.9972592292619838
RCN24978	0.9954956895761928
RCN24979	0.9953117683675492
RCN24980	0.9975892619311638
RCN24981	0.9963816564966328
RCN24982	0.9959020851607344
RCN24983	0.9955631728980964
RCN24985	0.9961945403038198
RCN24986	0.99935898713174
RCN24987	0.9968407970468982
RCN24988	0.9954314633929244
RCN24989	0.9968715658804462
RCN24991	0.9963476721404912
RCN24992	0.9957659181243292
RCN24994	0.9980131131555288
RCN24995	0.997869967789776
RCN24996	0.9957441910616656
RCN24997	0.9949063962192496
RCN24998	0.9961711254432823
RCN25000	0.9927733732847884
RCN25003	0.9957022512044978
RCN25004	0.9999999983919676
RCN25005	0.99295067546537
RCN25006	0.9962957559251874
RCN25007	0.9917872445695458
RCN25008	0.993143488020693
RCN25009	0.996141562100994
RCN25010	0.9914550886205732
RCN25011	0.9912663990124896
RCN25012	0.99433628943094
RCN25013	0.991463782993564
RCN25014	0.992709162297603
RCN25015	0.9932621342389196
RCN25016	0.991241666073582
RCN25017	0.9947292383115982
RCN25018	0.9926381677765136
RCN25019	0.9919395057372916
RCN25020	0.9926039393862448
RCN25021	0.9909973893225632
RCN25022	0.994904033312794
RCN25023	0.990826641413718
RCN25024	0.9920986572796916
RCN25025	0.9908378518739344
RCN25026	0.9908585611799856
RCN25027	0.995462918564254
RCN25028	0.9929695357344888
RCN25029	0.9915009254891446
RCN25030	0.9916997495230584
RCN25036	0.9999999965691592
RCN25047	0.8820287226005197
RCN25053	0.9984139345774714
RCN25059	0.9972253411560424
RCN25061	0.6837147390150261
RCN25063	0.9992731845914864
RCN25064	0.997468988532694
RCN25065	0.9953232264694294
RCN25067	0.9955889500244388
RCN25068	0.9932084525959024
RCN25076	0.7813543446093347
RCN25079	0.9999117839263352
RCN25080	0.9912602290492244
RCN25081	0.9920671734742296
RCN25083	0.9907868401874782
RCN25084	0.9905652201467392
RCN25085	0.9915007173678466
RCN25088	0.9956455258865716
RCN25089	0.9938614433101836
RCN25090	0.990396790811931
RCN25091	0.8006540006037848
RCN25093	0.9917726305457748
RCN25095	0.9917061035814386
RCN25097	0.9933147959414902
RCN25099	0.9940245122296816
RCN25102	0.9205549886126236
RCN25103	0.9323457661817126
RCN25104	0.9931174077733308
RCN25105	0.9949485314330564
RCN25107	0.9917746975066936
RCN25108	0.9914299816564648
RCN25112	0.998967273437422
RCN25116	0.966068987349479
RCN25118	0.99307210882832
RCN25119	0.9935508353251128
RCN25120	0.9915223126784596
RCN25124	0.9915876808384904
RCN25125	0.9950343480303174
RCN25129	0.9991537546460582
RCN25130	0.9917114414257366
RCN25134	0.99546330792268
RCN25137	0.9924057698186142
RCN25142	0.9930927011390344
RCN25143	0.7486962524555002
RCN25145	0.9930243670539772
RCN25150	0.9993797021459708
RCN25151	0.997901163477934
RCN25153	0.9938762091835582
RCN25154	0.9920753845813294
RCN25158	0.9919076613867932
RCN25162	0.9940258096239784
RCN25166	0.9958072450913198
RCN25170	0.9922598250785852
RCN25177	0.9977021351739566
RCN25178	0.9939596372233336
RCN25179	0.8011993392595019
RCN25181	0.9983749846159188
RCN25182	0.9745571845696036
RCN25183	0.9998876443897232
RCN25184	0.9945286293804252
RCN25187	0.9951346021221869
RCN25188	0.9993366844396342
RCN25190	0.9962723403306708
RCN25192	0.999624316249419
RCN25197	0.999316748723044
RCN25203	0.9999999968822216
RCN25204	0.999948592976068
RCN25205	0.9999159590004614
RCN25206	0.9998390072027858
RCN25207	0.9998404675137936
RCN25208	0.9994556327189748
RCN25209	0.999831116544342
RCN25211	0.9999999970664624
RCN25213	0.9997082746167648
RCN25214	0.999832760532069
RCN25215	0.9996671699494218
RCN25221	0.9998366184351728
RCN25223	0.9965472724125788
RCN25228	0.9867263032016034
RCN25229	0.9988246837367828
RCN25232	0.9998138526512416
RCN25234	0.9863468847620406
RCN25238	0.9674110256789078
RCN25239	0.999150770998686
RCN25240	0.9995759230185212
RCN25244	0.9983323963467824
RCN25246	0.9986937454211966
RCN25249	0.9988887105216676
RCN25251	0.9998131512931696
RCN25252	0.9989246573420004
RCN25253	0.9995925321327224
RCN25257	0.9994897884081267
RCN25259	0.9997240558320676
RCN25260	0.9993615512696872
RCN25263	0.9990901835285884
RCN25264	0.999165028042087
RCN25265	0.9998577290406772
RCN25267	0.999449533350662
RCN25271	0.9999071670137344
RCN25272	0.9999999976759828
RCN25273	0.9999999975213532
RCN25275	0.9991143609540932
RCN25276	0.9999543890850756
RCN25279	0.9990382705909736
RCN25280	0.9999999958085216
RCN25284	0.9991070447909688
RCN25285	0.9997421853180848
RCN25288	0.6868476766753211
RCN25290	0.9999999961184224
RCN25292	0.9999999994772546
RCN25293	0.7040595315655956
RCN25301	0.9998344787441262
RCN25302	0.9999286066194064
RCN25303	0.99991109090311
RCN25304	0.999230555492306
RCN25305	0.998997946349074
RCN25306	0.9996794158060176
RCN25308	0.9995590154868778
RCN25309	0.9990358779290948
RCN25312	0.9999999969913816
RCN25313	0.9999999971515608
RCN25314	0.9992866789053636
RCN25316	0.9999999973209625
RCN25317	0.9991280737816898
RCN25318	0.9991864333525504
RCN25319	0.9990784103813573
RCN25320	0.9997239459318848
RCN25325	0.9989147201700403
RCN25327	0.9997221745623224
RCN25332	0.9966740065986222
RCN25337	0.9995093103243482
RCN25338	0.9993510050406732
RCN25343	0.9995503318086644
RCN25345	0.9979987027717278
RCN25346	0.9962826543801868
RCN25349	0.99933412257111
RCN25350	0.9985593866399556
RCN25351	0.9989818080225952
RCN25358	0.9995653433821036
RCN25359	0.9995093122656262
RCN25360	0.999462394403942
RCN25814	0.998816075363228
RCN25821	0.8567659102110854
RCN25824	0.9965316579626932
RCN25825	0.9996832209751582
RCN25829	0.8679046036585985
RCN25830	0.999660523823423
RCN25831	0.8834267094106117
RCN25833	0.9991137405706958
RCN25836	0.902412054057994
RCN25845	0.9970204705893594
RCN25846	0.999855886366366
RCN25847	0.999854489099098
RCN25848	0.9998648501606224
RCN25849	0.9998155755172632
RCN25850	0.9999999987140796
RCN25851	0.9999000946186613
RCN25852	0.9998021072210144
RCN25853	0.9997301916420548
RCN25856	0.998122736721356
RCN25859	0.99948597322891
RCN25863	0.999999997382664
RCN25864	0.9997144887697826
RCN25865	0.9990490263951516
RCN25866	0.9996950858084752
RCN25871	0.999419487179713
RCN25875	0.9999801335293552
RCN25877	0.9997173079726004
RCN25880	0.9991841068536184
RCN25882	0.9995040817592264
RCN25884	0.999820599194936
RCN25885	0.9988954675317578
RCN25886	0.999974553208043
RCN25887	0.999396738930012
RCN25888	0.9999684367839096
RCN25889	0.9984354048039702
RCN25890	0.9997617546088824
RCN25891	0.9993918961050384
RCN25892	0.9995688081829536
RCN25893	0.9996086911707452
RCN25894	0.9999999975402932
RCN25895	0.9993389656627788
RCN25896	0.9991718070641282
RCN25897	0.998993381120296
RCN25898	0.9264696972460394
RCN25899	0.9619160931904804
RCN25902	0.9991751582352086
RCN25906	0.9957944892462928
RCN25907	0.9996751607025136
RCN25908	0.9297942084856043
RCN25910	0.9975452474076264
RCN25912	0.7480676760931104
RCN25913	0.9991331062546986
RCN25915	0.9078436452477038
RCN25920	0.9758569557086256
RCN25921	0.9994730224090808
RCN25922	0.809669472945304
RCN25923	0.9998753311702984
RCN25924	0.9999999976107914
RCN25926	0.9998130864811364
RCN25927	0.9999999992311036
RCN25928	0.9989407800221322
RCN25930	0.9993726061882712
RCN25931	0.9991815757735262
RCN25932	0.9976615494904356
RCN25933	0.9980037848704671
RCN25934	0.9996734949668512
RCN25935	0.9964914506332084
RCN25936	0.99972163516014
RCN25937	0.9985808547922196
RCN25938	0.9989125004799996
RCN25939	0.9997111673034916
RCN25941	0.9991537463330344
RCN25942	0.9985719306783836
RCN25943	0.9987821226854297
RCN25944	0.999880859784477
RCN25945	0.9692609209494336
RCN25946	0.9962731948876004
RCN25947	0.9993965574975346
RCN25948	0.9994243830191212
RCN25951	0.9994828191248788
RCN25952	0.999516321630521
RCN25953	0.9988876223921314
RCN25954	0.9990199442609744
RCN25955	0.998596897825268
RCN25956	0.9997661692676968
RCN25957	0.9989798627483032
RCN25958	0.9987379837166618
RCN25960	0.9995421981681468
RCN25961	0.9996198639066368
RCN25962	0.9993276540429152
RCN25963	0.9989959875453996
RCN25964	0.9993412443156872
RCN25965	0.9995056001867532
RCN25966	0.9996486802826672
RCN25967	0.9994626310826592
RCN25968	0.9597838293556876
RCN25969	0.999381100657049
RCN25971	0.9563566917545928
RCN25972	0.9997217166070338
RCN25973	0.999073154472674
RCN25974	0.9998288715164364
RCN25975	0.9604504951901374
RCN25976	0.9995864937427412
RCN25979	0.9187834127320242
RCN25982	0.9562959875363368
RCN25983	0.9993915943914335
RCN25987	0.9891930941868744
RCN25989	0.9997908967263952
RCN25990	0.9620442267577856
RCN25992	0.9540163212576964
RCN25994	0.9997938984222174
RCN25995	0.9591815399197584
RCN25996	0.9998395173677848
RCN25997	0.9157728322299776
RCN25998	0.9125977167167384
RCN26001	0.9999547048384504
RCN26002	0.9995026949270897
RCN26003	0.9998013479905388
RCN26004	0.9999999998898332
RCN26005	0.9994216311522514
RCN26009	0.9663272808778232
RCN26011	0.9991897013866023
RCN26018	0.9676553002351824
RCN26022	0.9988777327457156
RCN26023	0.965094161973138
RCN26024	0.999893004177672
RCN26027	0.9405465485785756
RCN26028	0.9933302836698475
RCN26029	0.9956818208500487
RCN26030	0.935000295923274
RCN26031	0.997317662471257
RCN26036	0.9823267603984368
RCN26037	0.9999827748315592
RCN26042	0.946203198566332
RCN26048	0.9999524274102262
RCN26058	0.998966905774887
RCN26059	0.9995303953001708
RCN26060	0.992182003513734
RCN26061	0.9984883716369096
RCN26062	0.999999997652636
RCN26063	0.999736473578178
RCN26064	0.9994878608709676
RCN26068	0.9994816223604972
RCN26071	0.9992688885180824
RCN26072	0.9997754217089394
RCN26073	0.9997975938918028
RCN26075	0.9995093113276008
RCN26076	0.9948818511107343
RCN26078	0.999999996454824
RCN26511	0.9999853803240074
RCN26526	0.999999998539822
RCN26535	0.9999873039206004
RCN26541	0.9999999993369324
RCN26556	0.9958892739654802
RCN26566	0.997617363258244
RCN26574	0.9994697460387558
RCN26582	0.999136069120596
RCN26586	0.9994990903667392
RCN26592	0.9998404601487784
RCN26594	0.999883298900657
RCN26595	0.9996701966962804
RCN26596	0.9992741421539896
RCN26599	0.9968038227104504
RCN26612	0.9993385218794496
RCN26613	0.999427789086437
RCN26617	0.9984082934728382
RCN26620	0.9997939628836988
RCN26622	0.9988973890800712
RCN26624	0.9986239805425844
RCN26631	0.9999841828587231
RCN26637	0.9998415552221864
RCN26638	0.9993018736712196
RCN26646	0.9984362851312958
RCN26647	0.9997236440903416
RCN26648	0.999935992973672
RCN26649	0.9991079506781338
RCN26655	0.9995289727100104
RCN26656	0.9991175530524156
RCN26657	0.9995567546024724
RCN26662	0.9998095222342636
RCN26663	0.9974889803236856
RCN26664	0.9999999982938812
RCN26665	0.9999999984261344
RCN26666	0.99927854892836
RCN26670	0.9954176226429136
RCN26672	0.9997402388238128
RCN26673	0.9989381780485548
RCN26675	0.9994641261506056
RCN26677	0.9996681158992676
RCN26678	0.9994066800635666
RCN26679	0.9999772434134752
RCN26680	0.9998162023311294
RCN26681	0.9989401342839884
RCN26683	0.999797825449577
RCN26687	0.9999999986330124
RCN26688	0.9999669248866558
RCN26690	0.9993294053369668
RCN26703	0.999999999660628
RCN26709	0.998660520133912
RCN26728	0.9996153278062252
RCN26734	0.999795552803278
RCN26735	0.9998451823534568
RCN26736	0.9996838653837948
RCN26737	0.9982204454480486
RCN26748	0.9942883276300154
RCN26764	0.9989955321805488
RCN26765	0.9997922061119217
RCN26766	0.9999999960035127
RCN26767	0.9997678700770496
RCN26775	0.9994303847463646
RCN26778	0.999779556279239
RCN26781	0.9995730162437793
RCN26782	0.999737812041772
RCN26791	0.9991094941924618
RCN26804	0.999373336141245
RCN26820	0.9996804210904016
RCN26837	0.9992731856863694
RCN26845	0.9989376422711528
RCN26846	0.836819273655528
RCN26852	0.9996525975456222
RCN26853	0.9987384082393136
RCN26861	0.9994521467355124
RCN26871	0.999694206708808
RCN26876	0.9996888627672922
RCN26886	0.9994568007823024
RCN26900	0.9995366866778717
RCN26904	0.99999999840733
RCN26930	0.9999999998338052
RCN26932	0.9744433561739652
RCN26937	0.9999266342786276
RCN26938	0.9998383203833062
RCN26939	0.999999998951662
RCN26945	0.9996212597380096
RCN26946	0.9989752004809817
RCN26950	0.9994199278949304
RCN26952	0.9994054683187026
RCN26953	0.9993825949889024
RCN26958	0.9993601562001254
RCN26960	0.9982324044955988
SPT00018	0.9999999925791122
SPT00020	0.8822561648733287
SPT00022	0.9994421508886688
SPT00023	0.9999738270223384
SPT00025	0.770442796015387
SPT00028	0.7510265064939794
SPT00029	0.9956804125998856
SPT00032	0.9966699773004244
SPT00035	0.9997133184738792
SPT00037	0.8093818400403965
SPT00039	0.9990785873378982
SPT00041	0.8296416945440899
SPT00044	0.9943463418668992
SPT00046	0.4939481401091169
SPT00050	0.6786998606519689
SPT00052	0.6488718681602175
SPT00053	0.582231714643057
SPT00055	0.6988458068048626
SPT00057	0.9952735298692348
SPT00059	0.8837454345808289
SPT00063	0.9907892891458192
SPT00065	0.7582380057371261
SPT00066	0.9959219057545682
SPT00068	0.9971820954364764
SPT00072	0.9983313626290368
SPT00073	0.9995673711262228
SPT00077	0.9954351068914886
SPT00079	0.997770597036962
SPT00082	0.8052329189301768
SPT00085	0.7710374733400358
SPT00087	0.9984394200037084
SPT00089	0.9681830159116356
SPT00093	0.9311757391992964
SPT00095	0.951515210214014
SPT00192	0.8967915781170233
SPT00195	0.9961844445001108
SPT00198	0.95268609226473
SPT00200	0.7791855836916484
SPT00202	0.9352254038227626
SPT00203	0.845305868078432
SPT00204	0.9067069250772326
SPT00205	0.99966030219942
SPT00207	0.9187860294553548
SPT00208	0.9997589401763244
SPT00209	0.7926825306206365
SPT00211	0.9952674064983532
SPT00212	0.999200670817041
SPT00214	0.7980094593565689
SPT00216	0.5238945784421809
SPT00219	0.9853008140374944
SPT00222	0.9747710735762808
SPT00752	0.9912152290546332
SPT00761	0.8216840601888861
SPT00763	0.9967287236419564
SPT00764	0.9977027300336652
SPT00768	0.4031209360219677
SPT00769	0.5199005539781139
SPT00770	0.2861869535748095
SPT00772	0.9923283033173872
SPT00773	0.9983161046826048
SPT00775	0.9978045070517744
SPT00779	0.9937441341607312
SPT00782	0.632127196956325
SPT00784	0.9946342232653148
SPT00788	0.9922784703630372
SPT00789	0.9942779787220508
SPT00790	0.7804787227361765
SPT00791	0.7820700217305978
SPT00792	0.9985262495858146
SPT00794	0.9980357950739336
SPT00795	0.62458107164868
SPT00796	0.4109304871478544
SPT00797	0.979873784326956
SPT00798	0.5676654000094405
SPT00800	0.9970188418037088
SPT00801	0.6658193503217777
SPT00802	0.9952587778702896
SPT00803	0.9985441437499466
SPT00807	0.9964900403825866
SPT00808	0.5407759505989753
SPT00809	0.9115812925540556
SPT00810	0.4784830422326122
SPT00811	0.9911746985907464
SPT00813	0.9893134101216092
SPT00815	0.9998618381853512
SPT00817	0.9969525378439772
SPT00818	0.995291793771756
SPT00819	0.786736952335776
SPT00820	0.615883074851064
SPT00821	0.2753756789852686
SPT00822	0.9944082726626648
SPT00824	0.994006120859952
SPT00825	0.9910996820080302
SPT00826	0.9987448580908804
SPT00827	0.9907447533400964
SPT00828	0.589377621963402
SPT00829	0.9910170988810212
SPT00830	0.9926429983973012
SPT00831	0.9996929370419748
SPT00832	0.6901473245222254
SPT00833	0.9986094109602388
SPT00834	0.9953824453881316
SPT00835	0.9045987542402908
SPT00837	0.4829906891609414
SPT00839	0.9955864499821296
SPT00841	0.994192149271704
SPT00843	0.3330178697082786
SPT00844	0.4524571855740509
SPT00845	0.7943748810126872
SPT00846	0.7760350311423138
SPT00847	0.7303279116989603
SPT00848	0.995200795874569
SPT00849	0.9875562706270232
SPT00850	0.6788778654509675
SPT00851	0.997334347464622
SPT00859	0.963394157291352
SPT00861	0.4676146113704594
SPT00862	0.8080663555641987
SPT00864	0.8019476663902582
SPT00868	0.7396433050708089
SPT00869	0.9454934536018106
SPT00871	0.9923357168560836
SPT00876	0.998079971460361
SPT00883	0.6669748215727891
SPT00889	0.9972237369563192
SPT00890	0.9980383572377844
SPT00892	0.994776797756057
SPT00898	0.9995649715465464
SPT00899	0.9930256258072814
SPT00901	0.9998364550352128
SPT00902	0.9968722493279452
SPT00903	0.9937629525945928
SPT12071	0.9662120967516536
SPT12073	0.7904015294503755
SPT12074	0.9987338466321084
SPT12075	0.6579794624039889
SPT12076	0.7012560270794164
SPT12077	0.7363140679695093
SPT12078	0.9999923912868652
SPT12080	0.9852242621289417
SPT12082	0.9122411773493188
SPT12084	0.7177949013366856
SPT12085	0.998591147336405
SPT12086	0.8679233080457156
SPT12087	0.9695441679631136
SPT12088	0.8195877207072232
SPT12089	0.8354817160585445
SPT12090	0.3199622215719488
SPT12091	0.8443325142200566
SPT12092	0.6846132652558431
SPT12093	0.9263327307854724
SPT12095	0.8814056026327004
SPT12096	0.6188098679273669
SPT12097	0.9269174508336252
SPT12098	0.8612609316260491
SPT12100	0.8608324321018526
SPT12102	0.7122270584438253
SPT12103	0.8633888995029586
SPT12104	0.7911415245369114
SPT12105	0.6401569483837231
SPT12109	0.6416617486397374
SPT12110	0.5060523391895788
SPT12111	0.9934008037638564
SPT12112	0.9955784033852968
SPT12114	0.931720730860824
SPT12115	0.9926565902735996
SPT12116	0.4424685067496119
SPT12117	0.967942733919814
SPT12118	0.9575945181478364
SPT12119	0.6149042504963785
SPT12120	0.9961836186702568
SPT12121	0.7467880676418479
SPT12122	0.9941374385781184
SPT12124	0.6632143310474736
SPT12126	0.9976126267037708
SPT12128	0.9701811038395238
SPT12129	0.9997275945923596
SPT12131	0.9965301856221336
SPT12132	0.7550361083333623
SPT12133	0.9891499884225716
SPT12134	0.9987435711240706
SPT12135	0.7038648600057451
SPT12136	0.976337989090054
SPT12138	0.3413796918183626
SPT12139	0.9785938687619818
SPT12226	0.8523982359782014
SPT12230	0.4564381107932714
SPT12263	0.550129826752588
SPT12264	0.9886981048960916
SPT12265	0.960876895990352
SPT12266	0.60054527078176
SPT12269	0.4240252867893733
SPT12271	0.9964646414016964
SPT12272	0.5224758142270881
SPT12273	0.8517042678666856
SPT12274	0.9975417771948516
SPT12275	0.9985520035584122
SPT12277	0.9525213502379556
SPT12278	0.997468383162328
SPT12279	0.8814043272793168
SPT12281	0.8860140065841434
SPT12283	0.9959062257312
SPT12292	0.986720927861948
SPT12293	0.8155917435159146
SPT12297	0.9036196374634182
SPT12299	0.8159165729548492
SPT12302	0.8091210096491612
SPT12304	0.7065514621064806
SPT12307	0.7125638245224007
SPT12309	0.859111074595031
SPT12317	0.997506324689848
SPT12319	0.8979984962683325
SPT12321	0.9991051534835472
SPT12323	0.962276076754236
SPT12327	0.8710394015743904
SPT12329	0.6303097978391663
SPT12330	0.818006361367347
SPT12332	0.5244720581930435
SPT12335	0.929550567775774
SPT12336	0.9530120707745978
SPT12337	0.7376357366692903
SPT12338	0.8941269801150202
SPT12339	0.7710314301393018
SPT12340	0.9270891314445394
SPT12342	0.9451279837025728
SPT12343	0.7041320614858216
SPT12344	0.4999686478576635
SPT12345	0.998705403944674
SPT12346	0.9977344267047604
SPT12347	0.9456683296873046
SPT12348	0.7980152873508057
SPT12349	0.998125778936278
SPT12350	0.8170641735556557
SPT12351	0.98312221384497
SPT12353	0.999952815058272
SPT12354	0.9896561359654348
SPT12355	0.5505944247629924
SPT12356	0.6343261636567489
SPT12357	0.933336329473046
SPT12358	0.9925387713465316
SPT12360	0.9187827601017108
SPT12367	0.9992942091429156
SPT12368	0.9950044229917504
SPT12370	0.8358748555872705
SPT12372	0.6750189886024902
SPT12450	0.8911010179552842
SPT12454	0.5633756278859245
SPT12455	0.9512194857480792
SPT12458	0.7868193946559696
SPT12459	0.9280678365580888
SPT12460	0.6657076328357949
SPT12461	0.6816240541796583
SPT12463	0.7146491404695458
SPT12467	0.6669941030836206
SPT12470	0.5113443240186916
SPT12471	0.9965379350546244
SPT12472	0.9969018102655086
SPT12477	0.9982265794731714
SPT12478	0.8838674758554746
SPT12479	0.979420705721726
SPT12480	0.6773923224340836
SPT12482	0.9999919758591608
SPT12485	0.5502960586158061
SPT12486	0.8169055337625764
SPT12488	0.4182339583025916
SPT12490	0.9956773566970188
SPT12492	0.9784590295533938
SPT12493	0.6380602433501625
SPT12494	0.9991202983723876
SPT12495	0.6951193596435565
SPT12497	0.6691397204035807
SPT12498	0.8700670965355097
SPT12499	0.4804805328655835
SPT12500	0.8810108123835508
SPT12502	0.399461476756464
SPT12505	0.9987722850761342
SPT12506	0.9923930705123576
SPT12507	0.9968687982946516
SPT12508	0.5943194455569347
SPT12510	0.9996557096566818
SPT12513	0.8716157855318746
SPT12514	0.9995321384877218
SPT12515	0.6315582555180129
SPT12516	0.492633174052061
SPT12517	0.7855831329296517
SPT12518	0.9183133445518444
SPT12519	0.9967325759227972
SPT12520	0.992293629204317
SPT12521	0.849104497724866
SPT12522	0.9992989697402478
SPT12523	0.9599545564876982
SPT12524	0.6929886553372876
SPT12525	0.9042369227110294
SPT12526	0.758985163660317
SPT12527	0.7546387978975249
SPT12528	0.998364576101343
SPT12529	0.7085331936358363
SPT12535	0.9488199619136948
SPT12536	0.9948361735129444
SPT12537	0.9807497630904548
SPT12540	0.7952556915032789
SPT12543	0.986992248541642
SPT12544	0.862379016234236
SPT12552	0.8891426843957396
SPT12554	0.9122409061134804
SPT12555	0.9386512870572749
SPT12556	0.8586354852815641
SPT12557	0.9578558900444748
SPT12558	0.7158791668448664
SPT12559	0.952803401771888
SPT12560	0.7621105953213226
SPT12562	0.9175481827940868
SPT12563	0.7481574538665866
SPT12564	0.8682182534927099
SPT12566	0.4464939814059179
SPT12568	0.8608263651600105
SPT12569	0.9685757190153954
SPT12572	0.5912108786596533
SPT12573	0.6907132252838037
SPT12576	0.9986350835372412
SPT12578	0.9844059443548494
SPT12579	0.4290692016578059
SPT12580	0.9362100613068044
SPT12581	0.653332246577293
SPT12583	0.7092765199802602
SPT12584	0.5522090572650724
SPT12622	0.900037587506316
SPT12652	0.8954568515935079
SPT12665	0.8581886447020353
SPT12705	0.9402055445841532
SPT12727	0.7827458543361838
SPT12741	0.6530846495800526
SPT12796	0.9943148878897458
SPT12807	0.5521983963998067
SPT12863	0.9952288620533308
SPT12905	0.8952059562951947
SPT12916	0.7500861575040604
SPT12920	0.7987360447377042
SPT12964	0.6917014966681062
SPT12969	0.7492680967045935
SPT12972	0.9772750670020952
SPT12980	0.6012860108063562
SPT12982	0.967147284809424
SPT12985	0.9753206694128506
SPT12990	0.5185743196694486
SPT13003	0.7384788891992689
SPT13038	0.7016020266408486
SPT13073	0.8959222014554399
SPT14937	0.7938337023844969
SPT14938	0.9905819533008102
SPT14939	0.9828792849538196
SPT14940	0.9978307308452276
SPT14941	0.9949778041139858
SPT14942	0.9980362432248032
SPT14944	0.7148224034165753
SPT14945	0.4234003796435409
SPT14946	0.9903901591769008
SPT14947	0.3677953709320084
SPT14949	0.9993800249429022
SPT14951	0.5543768892448455
SPT14952	0.991731673879894
SPT14953	0.997355538381236
SPT14954	0.9982631318793744
SPT14955	0.383054630898617
SPT14956	0.8612021406565221
SPT14957	0.4810204667968031
SPT14958	0.6629148674488834
SPT14959	0.7073633189927206
SPT14960	0.7254436456078606
SPT14961	0.997321912162699
SPT14962	0.9038789233037744
SPT14963	0.9846514012449852
SPT14964	0.9960459539366052
SPT14965	0.9978167485565806
SPT14966	0.9894851670629934
SPT14967	0.2451091983207579
SPT14968	0.6238443412725188
SPT14969	0.9943299724480192
SPT14970	0.9948995331252296
SPT14971	0.7234181885400282
SPT14972	0.9946571438494703
SPT14973	0.9967180837734564
SPT14974	0.9947230470408464
SPT14975	0.6966104161424617
SPT14976	0.5902552564207599
SPT14977	0.7245566312880753
SPT14978	0.64454506845273
SPT14979	0.993253286182302
SPT14980	0.9952305678341942
SPT14981	0.5519140371198863
SPT14982	0.9969515490631824
SPT14983	0.7424317545227022
SPT14984	0.9892685809380805
SPT14985	0.9984371994875572
SPT14986	0.5825692587155835
SPT14987	0.3867299087184426
SPT14988	0.4998669874048583
SPT14989	0.5505050758700754
SPT14990	0.996529335863254
SPT14991	0.9913493401829891
SPT14992	0.5642186490079808
SPT14993	0.8962895817097639
SPT14994	0.9988480966920142
SPT14995	0.3955451489056758
SPT14996	0.4361073224692714
SPT14997	0.6530349012637449
SPT14998	0.9992536928551544
SPT15000	0.9933395217730236
SPT15001	0.9933939636893766
SPT15002	0.6459671083029602
SPT15003	0.994913107951027
SPT15004	0.9918504064515375
SPT15005	0.3815109902551079
SPT15006	0.949309241348871
SPT15007	0.995959822610013
SPT15008	0.9943422306840588
SPT15009	0.99650199438519
SPT15010	0.3712627974057887
SPT15011	0.6064419204215992
SPT15013	0.997327305420968
SPT15014	0.6111566548704055
SPT15015	0.5006192875348933
SPT15016	0.5827438957485219
SPT15017	0.529354680158157
SPT15018	0.4843894758858913
SPT15019	0.992022187225106
SPT15020	0.9986340756410887
SPT15021	0.9982312809022026
SPT15022	0.9960607342069548
SPT15023	0.9982959439708664
SPT15024	0.5218649516179624
SPT15025	0.9983766019711336
SPT15026	0.8760273515326508
SPT15027	0.6945771215107492
SPT15028	0.9960275767205158
SPT15029	0.6660041327922468
SPT15030	0.992409178062476
SPT15031	0.9904891450782808
SPT15032	0.57553185621698
SPT15033	0.5442275072615148
SPT15034	0.264932247518913
SPT15035	0.9928562214965416
SPT15036	0.4909019045424063
SPT15037	0.5439817929283376
SPT15038	0.252860943159257
SPT15039	0.9174562229092036
SPT15040	0.9969066653903044
SPT15041	0.996907343122732
SPT15042	0.7838348404255387
SPT15044	0.94596436232516
SPT15045	0.6664845433341857
SPT15046	0.9804238452812748
SPT15047	0.9151294062388596
SPT15048	0.5625360097314721
SPT15049	0.995750590285994
SPT15050	0.5691725782633439
SPT15051	0.9998312783929474
SPT15052	0.9960803226599948
SPT15053	0.9939088958559252
SPT15054	0.7182409999084827
SPT15055	0.4804902633975284
SPT15056	0.5660806245569778
SPT15057	0.9950297708967276
SPT15058	0.3224466248602797
SPT15059	0.2662125048325399
SPT15060	0.7064294856203841
SPT15061	0.7505313902816094
SPT15062	0.3527373083661077
SPT15063	0.9989822084520766
SPT15064	0.8998875997259657
SPT15065	0.992213710971979
SPT15066	0.9914228981938246
SPT15067	0.8079507396041914
SPT15068	0.4955777925720153
SPT15069	0.9975346352356492
SPT15070	0.9887415099179984
SPT15071	0.7424590388530526
SPT15073	0.991286711653112
SPT15074	0.9943316087937611
SPT15075	0.9937140338839544
SPT15076	0.9890034808816536
SPT15077	0.994425722356197
SPT15078	0.9893392894345918
SPT15079	0.9698823579816942
SPT15080	0.7892074313908604
SPT15081	0.998272786451742
SPT15082	0.992147792237386
SPT15083	0.6985619679090544
SPT15084	0.9924626593949962
SPT15085	0.7024550464117245
SPT15086	0.9981063703310974
SPT15087	0.3183082068774966
SPT15088	0.9975580248924528
SPT15089	0.9995215925154608
SPT15090	0.9975657707560516
SPT15091	0.2168559843027534
SPT15092	0.6698180070670625
SPT15093	0.9997339079477452
SPT15094	0.9933817761404832
SPT15095	0.9971493352335352
SPT15096	0.8376165231356092
SPT15097	0.9477043627722116
SPT15098	0.6438308370013854
SPT15099	0.8939581058962371
SPT15100	0.6489479490213752
SPT15101	0.600523676560221
SPT15102	0.7700931812124809
SPT15103	0.9966892262896664
SPT15104	0.7943051682342507
SPT15105	0.9942150499053402
SPT15106	0.9937402428927954
SPT15107	0.6020114459672581
SPT15108	0.9910744011812704
SPT15109	0.4284953798721009
SPT15110	0.9981519878125378
SPT15111	0.5673740507926632
SPT15112	0.9969740311518088
SPT15113	0.6400565606964632
SPT15114	0.4720029521928917
SPT15115	0.724487026752004
SPT15116	0.3922490091109684
SPT15117	0.4892479229002429
SPT15118	0.992656555068654
SPT15119	0.7283587844212083
SPT15120	0.7952446629752585
SPT15121	0.9914433304288532
SPT15122	0.8652520789132457
SPT15123	0.43152955185775
SPT15124	0.9948302783194968
SPT15125	0.6110679786250359
SPT15126	0.8159312973766067
SPT15127	0.5928946761510047
SPT15128	0.9968291516010616
SPT15129	0.7864215318825942
SPT15130	0.6948522570031018
SPT15131	0.9954914208111532
SPT15132	0.9951529794402272
SPT15133	0.9978055818070968
SPT15134	0.8407672218481257
SPT15135	0.7081930070931495
SPT15136	0.9660514919977956
SPT15137	0.5945228403117577
SPT15138	0.817389559205657
SPT15139	0.6117354828752795
SPT15140	0.8769249740867164
SPT15141	0.995627338589561
SPT15143	0.6410414726535689
SPT15144	0.9922671188525488
SPT15146	0.675707025879169
SPT15147	0.461038382633774
SPT15148	0.3436427893287925
SPT15149	0.2718314990142549
SPT15150	0.5883449121529462
SPT15151	0.9943827740183858
SPT15152	0.993094241662854
SPT15153	0.9945554383794928
SPT15154	0.6248768100054953
SPT15155	0.7634275329338777
SPT15156	0.72058746148394
SPT15157	0.9928912797095606
SPT15158	0.9987451535350932
SPT15159	0.9954554516620664
SPT15160	0.7682122196060533
SPT15173	0.8273232130085862
SPT15174	0.9993447338246996
SPT15175	0.9986655510840377
SPT15176	0.9983622090983856
SPT15177	0.6451253463723519
SPT15178	0.9984119212039496
SPT15180	0.6310343784060748
SPT15181	0.9980776725579464
SPT15182	0.9855750344243024
SPT15183	0.8977108916183129
SPT15184	0.9898915091331202
SPT15185	0.9987071921700243
SPT15186	0.803233732523439
SPT15187	0.7646331751004796
SPT15188	0.869150902867061
SPT15190	0.9966156340001724
SPT15191	0.7138188707977089
SPT15192	0.9944796839083552
SPT15193	0.9951807978948872
SPT15194	0.9942027541244354
SPT15195	0.4067835406962966
SPT15196	0.9585561988872204
SPT15197	0.9957011572260008
SPT15198	0.6335382080268561
SPT15199	0.5641546479433239
SPT15200	0.9968922396569077
SPT15201	0.5373220945152775
SPT15202	0.9644142738641704
SPT15203	0.964213637929751
SPT15204	0.6889898827479702
SPT15205	0.3614813402510787
SPT15206	0.9895442774022624
SPT15207	0.9998784278467996
SPT15208	0.3126940200611146
SPT15209	0.9748852094627092
SPT15210	0.9403125780549356
SPT15211	0.9957868955234898
SPT15212	0.4003106256681553
SPT15213	0.99731650289183
SPT15214	0.9959106993338002
SPT15215	0.9903758744120846
SPT15216	0.9990803974010288
SPT15217	0.7574103724026595
SPT15218	0.641170664826
SPT15219	0.998467043552694
SPT15220	0.995763314797892
SPT15221	0.6239245850064913
SPT15222	0.8001435808453747
SPT15223	0.4903343671963138
SPT15224	0.993065410733823
SPT15225	0.9982129778931114
SPT15226	0.9975948630438596
SPT15227	0.9972849704306624
SPT15228	0.894315365868843
SPT15229	0.8187978425302206
SPT15230	0.9940808019508804
SPT15231	0.9986586144069596
SPT15232	0.3963545610567234
SPT15233	0.9927733505136564
SPT15234	0.9953782993020188
SPT15235	0.996944255529544
SPT15236	0.99345201569829
SPT15237	0.8773306934917684
SPT15239	0.8458605637947885
SPT15240	0.9967871686121716
SPT15241	0.9962758038076024
SPT15242	0.995052606030026
SPT15243	0.9975689232393828
SPT15244	0.9915439123180156
SPT15245	0.9988338581657852
SPT15246	0.9961078827852105
SPT15247	0.759097267875832
SPT15248	0.9308293717302276
SPT15249	0.9987074931942908
SPT15250	0.8820553025957364
SPT15251	0.8872830999892677
SPT15252	0.8335867013068458
SPT15253	0.4276910310069993
SPT15254	0.7375232920676984
SPT15255	0.99108122370574
SPT15256	0.9990648473128688
SPT15257	0.8240841052751029
SPT15258	0.996536462851522
SPT15259	0.5838240809959776
SPT15260	0.8256249628350147
SPT15261	0.9987123271007964
SPT15262	0.9937015836237082
SPT15263	0.9969884421104708
SPT15264	0.9985025406018252
SPT15265	0.9953243164866756
SPT15294	0.9930142774782952
SPT15296	0.9952997856780432
SPT15297	0.9959229591933134
SPT15298	0.4821902021661451
SPT15304	0.8096269593367402
SPT15309	0.908895261592202
SPT15314	0.8777531205478988
SPT15325	0.5332846707547263
SPT15327	0.6244593618524388
SPT15330	0.5934785097217642
SPT15333	0.9885840219227624
SPT15335	0.9930786044381692
SPT15340	0.5627679207366978
SPT15342	0.5184197751514803
SPT15346	0.999874214125804
SPT15348	0.8092471074957681
SPT15349	0.7674373020595838
SPT15351	0.3789685627899887
SPT15356	0.966778196009119
SPT15372	0.5516247282877049
SPT15376	0.6861195675879689
SPT15381	0.5024247767671887
SPT15389	0.6956351166331257
SPT15407	0.9977052906310908
SPT15413	0.8952235122396872
SPT15414	0.9984019360148152
SPT15417	0.7058757568976148
SPT15420	0.924697332024979
SPT15443	0.6875500143542363
SPT15446	0.9536525071687764
SPT15448	0.3620399100740833
SPT15455	0.9239541333491944
SPT15456	0.9933628984385828
SPT15459	0.5988762287363032
SPT15471	0.9949746760902728
SPT15483	0.2348540309167247
SPT15486	0.9936227781074858
SPT15491	0.3570495545973972
SPT15504	0.9954564714621712
SPT15506	0.4322627440252207
SPT15511	0.9033033841252268
SPT15516	0.9709045043950282
SPT15519	0.8888692119325892
SPT15522	0.2665544615912447
SPT15528	0.5989958573809435
SPT15529	0.9484905204789746
SPT15531	0.9983918048383796
SPT15532	0.8817965863178725
SPT15535	0.9978104681848886
SPT15536	0.5834415353589956
SPT15537	0.9959955512263275
SPT15541	0.5677539347629471
SPT15542	0.9988483526280816
SPT15543	0.9809190453136932
SPT15545	0.807115685932863
SPT15547	0.9995596032233048
SPT15548	0.9985116551052008
SPT15549	0.7494121229668607
SPT15558	0.8402751754104383
SPT15562	0.9997291124223854
SPT15563	0.9369036685653208
SPT15564	0.9473285485833404
SPT15565	0.6546816918229041
SPT15566	0.9322249115656664
SPT15567	0.9969888122688876
SPT15571	0.9771554274319147
SPT15577	0.7794203119588341
SPT15579	0.9630243879142736
SPT15580	0.9949334588435428
SPT15581	0.952788727527707
SPT15586	0.8706705734000133
SPT15587	0.9906454814898294
SPT15588	0.9215342623672736
SPT15589	0.9978459638120408
SPT15590	0.8191528847997889
SPT15591	0.7175697449164808
SPT15593	0.9950242694080736
SPT15594	0.9994192900364784
SPT15595	0.9998980602187296
SPT15598	0.4211366424284527
SPT15599	0.9738571711424548
SPT15600	0.3892150805208497
SPT15602	0.5904142669285598
SPT15603	0.9085913966877314
SPT15604	0.9993709589186413
SPT15605	0.9550162167046572
SPT15606	0.9993408532757736
SPT15607	0.9997597139810774
SPT15608	0.8617492197681187
SPT15609	0.9998914368042426
SPT15611	0.5049859762412067
SPT15612	0.9005010365521274
SPT15614	0.8257178639176972
SPT15615	0.8733332959471958
SPT15616	0.447051143490234
SPT15617	0.9994960953394482
SPT15619	0.675385719535538
SPT15620	0.49858618844052
SPT15621	0.7984332185875723
SPT15622	0.9440468931375404
SPT15623	0.6353814005255459
SPT15625	0.9968595058845352
SPT15626	0.8867730045927356
SPT15627	0.7587771595380699
SPT15628	0.9498109612166588
SPT15630	0.7452082163033775
SPT15631	0.9999066828956054
SPT15632	0.5907573944636939
SPT15633	0.6480803333651695
SPT15634	0.807304484913661
SPT15635	0.8277078146759997
SPT15636	0.4157861885778642
SPT15637	0.8636640385292019
SPT15638	0.9995074825544696
SPT15639	0.7011880114458142
SPT15640	0.9975399547547475
SPT15641	0.5858156947889198
SPT15642	0.9821311256328812
SPT15643	0.9988771576043384
SPT15644	0.7127504762016355
SPT15645	0.4676853894378661
SPT15646	0.8793305941887791
SPT15647	0.9360717034462952
SPT15649	0.995854411662008
SPT15650	0.99950718719251
SPT15653	0.99374430683825
SPT15654	0.9980737441230668
SPT15655	0.8562064909433666
SPT15656	0.875620544648178
SPT15658	0.6726180636192923
SPT15659	0.9209536306769598
SPT15660	0.9950728559872244
SPT15665	0.999084494451152
SPT15666	0.9987287126770016
SPT15668	0.7350996216672
SPT15669	0.9998399342683026
SPT15670	0.6106497431288342
SPT15671	0.9973734044389396
SPT15672	0.9982357691227646
SPT15678	0.9971763254947708
SPT15679	0.9944437305732284
SPT15680	0.8872332910705457
SPT15681	0.9944192161449216
SPT15682	0.9739456957064304
SPT15683	0.510149226145736
SPT15684	0.9983328513027956
SPT15685	0.9968900229058042
SPT15686	0.6541493112485983
SPT15687	0.7972130449507359
SPT15688	0.900178233421848
SPT15689	0.9983585163240872
SPT15690	0.999485571902444
SPT15691	0.9693208670280512
SPT15692	0.9483558215087068
SPT15694	0.9502362988856942
SPT15695	0.8140274384758803
SPT15696	0.4922718150594442
SPT15697	0.9982037529771152
SPT15698	0.9759858926741124
SPT15699	0.7244684754293974
SPT15700	0.9939000658627072
SPT15701	0.5906517836052458
SPT15702	0.5640663680192276
SPT15703	0.7679869857808312
SPT15704	0.8947212549349685
SPT15705	0.9958693775990946
SPT15706	0.3690971178438882
SPT15707	0.9639530234625198
SPT15708	0.9937943023633392
SPT15709	0.9991988478633612
SPT15710	0.578594722929101
SPT15711	0.9933126573551389
SPT15712	0.9916181889941076
SPT15713	0.6543745043859601
SPT15714	0.9989415194014164
SPT15715	0.3645955521015015
SPT15716	0.996886779748874
SPT15717	0.9925027070160266
SPT15718	0.9992615607112366
SPT15719	0.9970556226245152
SPT15720	0.9929835936477436
SPT15721	0.4856729678397438
SPT15722	0.9394330629495526
SPT15723	0.9981702788935486
SPT15724	0.9870425154732906
SPT15725	0.9961612335312192
SPT15726	0.9963611073877728
SPT15727	0.9958574597924172
SPT15728	0.9923179705973644
SPT15729	0.5840762326154069
SPT15730	0.9933767917554586
SPT15731	0.999821733559564
SPT15732	0.9976678823960056
SPT15733	0.9982515280389452
SPT15734	0.4562446615848151
SPT15735	0.9998036881167256
SPT15736	0.7132244125479804
SPT15737	0.7655777285023246
SPT15738	0.9936869749692168
SPT15740	0.8330925799835989
SPT15742	0.4858494954924423
SPT15744	0.9945752006870444
SPT15745	0.996521068784127
SPT15747	0.9959386595537052
SPT15749	0.5835909142480401
SPT15752	0.9845474079315628
SPT15753	0.5637494784620916
SPT15756	0.5397214308211864
SPT15757	0.9994015390277352
SPT15758	0.99616725637201
SPT15761	0.9983263707820614
SPT15764	0.9959081382016204
SPT15766	0.5894116953665708
SPT15767	0.9976559054610156
SPT15768	0.5392031444874008
SPT15770	0.4996884557990533
SPT15772	0.997630346578978
SPT15773	0.8878446207193882
SPT15775	0.9934867346712252
SPT15777	0.737497908333954
SPT15779	0.9978473772178048
SPT15782	0.9954068534442692
SPT15785	0.6956059770953265
SPT15787	0.8810158184182767
SPT15789	0.6404948222525197
SPT15792	0.9982981182512728
SPT15794	0.5616721958658099
SPT15797	0.5373155671970555
SPT15799	0.9974687793536212
SPT15800	0.9939785266433002
SPT15804	0.6784060400868897
SPT15805	0.9997167857559168
SPT15807	0.71592754358701
SPT15808	0.9965290540809908
SPT15810	0.9996369655992876
SPT15814	0.3945075517174885
SPT15817	0.9417383170918668
SPT15818	0.5134338523529094
SPT15820	0.9961627041761658
SPT15823	0.9962330045758496
SPT15832	0.9953750513665376
SPT15834	0.996741241942452
SPT15838	0.999972104397972
SPT15846	0.5240090113764744
SPT15849	0.9647663910410454
SPT15850	0.536135836931089
SPT15851	0.9941915603008098
SPT15852	0.9947606646386196
SPT15853	0.9980206967237464
SPT15854	0.9971894929371716
SPT15855	0.8605812825490231
SPT15856	0.5474204473320312
SPT15857	0.7125431277916191
SPT15858	0.4115188895910008
SPT15859	0.9963788419823872
SPT15860	0.9895247954162052
SPT15861	0.5712785861369607
SPT15862	0.968299514926898
SPT15863	0.999278356325961
SPT15865	0.9993148873141804
SPT15866	0.9999999999372136
SPT15867	0.9994333653014408
SPT15869	0.7222573916701998
SPT15870	0.8693811336137729
SPT15871	0.6494609226198569
SPT15873	0.9568334318994935
SPT15874	0.9968180204117914
SPT15875	0.7235665258456894
SPT15876	0.9961132835145252
SPT15877	0.6436008042562348
SPT15879	0.4959089809665057
SPT15880	0.9953896395202964
SPT16597	0.9827858312970976
SPT16598	0.9641156416927252
SPT16601	0.3798344832330264
SPT16604	0.940742210816039
SPT16605	0.9424972866918168
SPT16609	0.9437892581838756
SPT16612	0.9917326780265328
SPT16614	0.9834049689879304
SPT16617	0.9366444442421262
SPT16618	0.989997925782998
SPT16622	0.9972859800261432
SPT16627	0.9979864068154634
SPT16630	0.9840301342723952
SPT16633	0.997949632069084
SPT16638	0.8459977674328801
SPT16642	0.6817474342850658
SPT16646	0.5851450713185706
SPT16647	0.9983475959202318
SPT16654	0.9976299891667691
SPT16658	0.9973169622965746
SPT16662	0.9959010882545226
SPT16666	0.99880004674932
SPT16669	0.9967412951994108
SPT16672	0.8775569154100038
SPT16676	0.9987174964024516
SPT16680	0.6942362384781638
SPT16684	0.796295753609608
SPT16685	0.9898738586905976
SPT16686	0.991272559577098
SPT16689	0.9965445445780122
SPT16691	0.7571283066769599
SPT16694	0.9960171750540198
SPT16696	0.99215728870243
SPT16699	0.9930968302161596
SPT16700	0.997724819154385
SPT16703	0.5598234578430461
SPT16706	0.9998715522796005
SPT16709	0.9925158179630764
SPT16710	0.9911576168287978
SPT16711	0.9933958139372562
SPT16715	0.993713686973565
SPT16716	0.9933665490470874
SPT16718	0.9995661264464796
SPT16720	0.99773146115562
SPT16723	0.994652162399199
SPT16726	0.9966303535474388
SPT16730	0.9927322171720386
SPT16734	0.9994616319132898
SPT16737	0.9960224566255872
SPT16738	0.9969342572760548
SPT16742	0.988649518702699
SPT16744	0.9934140819932304
SPT16747	0.9984745939272146
SPT16748	0.9781852778351036
SPT16753	0.9958449210985992
SPT16755	0.9717282146268184
SPT16759	0.9949547453703036
SPT16762	0.5944382071259237
SPT16766	0.9923174747975694
SPT16767	0.7113131078839657
SPT16770	0.9634523039593246
SPT16771	0.6764507843597075
SPT16778	0.9983681690373264
SPT16782	0.99464972313857
SPT16787	0.5860484586743254
SPT16788	0.9965914157522364
SPT16789	0.6850196902739061
SPT16790	0.6407212323961708
SPT16793	0.9983020346673012
SPT16795	0.5884233103005434
SPT16798	0.6608929625616815
SPT16799	0.6976124874697878
SPT16800	0.8600562515485344
SPT16803	0.9646680965479084
SPT16804	0.5791056737631637
SPT16805	0.9557366358233907
SPT16806	0.9976030737857452
SPT16807	0.998272986098134
SPT16811	0.760603603510194
SPT16812	0.8067280208195005
SPT16813	0.9511305106545738
SPT16816	0.9965304147145208
SPT16817	0.9930967661324078
SPT16818	0.8433064747332365
SPT16819	0.9959841306714216
SPT16821	0.7197401143107476
SPT16823	0.7411571597868862
SPT16824	0.8968484256962161
SPT16826	0.9987411152648537
SPT16827	0.6880268323877374
SPT16828	0.9977821810846482
SPT16829	0.9951462093284192
SPT16830	0.8758330790259549
SPT16831	0.8349241537802122
SPT16834	0.9906467821256024
SPT16835	0.436422124023472
SPT16836	0.983479497026668
SPT16837	0.7931841311360839
SPT16838	0.6628486273280274
SPT16839	0.7063952546947971
SPT16840	0.9539843179145736
SPT16843	0.7326506258588473
SPT16845	0.72721830162065
SPT16846	0.9925747622888924
SPT16847	0.8707717301242279
SPT16848	0.9958158277414082
SPT16849	0.9976563028034588
SPT16850	0.6002317151023284
SPT16851	0.9355064000323904
SPT16868	0.8281437206668674
SPT16869	0.9787966489191527
SPT16870	0.782059311219736
SPT16871	0.9729252237667524
SPT16872	0.3456612878598012
SPT16873	0.9975202114001964
SPT16874	0.5221369315144779
SPT16875	0.9994007503399276
SPT16876	0.519412868649297
SPT16877	0.999820572705375
SPT16878	0.9978869084755064
SPT16879	0.9995078768639304
SPT16880	0.6065397787285223
SPT16882	0.8540320808602857
SPT16883	0.9861902404206992
SPT16884	0.9993618547763105
SPT16885	0.7122969333745354
SPT16886	0.9821828939043136
SPT16887	0.996592823614656
SPT16888	0.6158842972615277
SPT16889	0.8750173827266035
SPT16890	0.6572970994015841
SPT16891	0.5744603467892415
SPT16893	0.995767812888776
SPT16894	0.9958561055573808
SPT16896	0.7856175063720685
SPT16897	0.9995391960415142
SPT16898	0.9101559651989216
SPT16899	0.9983845691266336
SPT16900	0.9929782566263712
SPT16901	0.9963037046775378
SPT16902	0.7270265286483661
SPT16903	0.9999999963682332
SPT16904	0.8827594477044882
SPT16905	0.9629704533662816
SPT16906	0.9998784980291932
SPT16907	0.62680871482641
SPT16908	0.6850585415506867
SPT16909	0.9993549240046156
SPT16910	0.9566726900059132
SPT16911	0.9316704578387563
SPT16912	0.9985986882263608
SPT16914	0.8606672339767882
SPT16915	0.8804962703920559
SPT16916	0.9999539311388962
SPT16917	0.7576617569116182
SPT16919	0.5822496726571498
SPT16920	0.8715159707497607
SPT16921	0.9963202508850344
SPT16922	0.7258602701488646
SPT16923	0.9993717339717288
SPT16924	0.8622952795969572
SPT16925	0.8787161000666268
SPT16926	0.9995599207519104
SPT16927	0.9969614063470554
SPT16928	0.998889334511094
SPT16929	0.9983246076593284
SPT16932	0.8114555371185116
SPT16934	0.7473144954100632
SPT16936	0.799703953846876
SPT16937	0.8542033475127155
SPT16938	0.9997766836620328
SPT16939	0.9870966124681224
SPT16940	0.770485596042836
SPT16941	0.6691191641733039
SPT16942	0.9991179667078922
SPT16943	0.8330482068142713
SPT16944	0.9987742554938088
SPT16946	0.998186983984112
SPT16947	0.9991832532503956
SPT16948	0.9988412610446676
SPT16949	0.5970523825732279
SPT16950	0.8785695276960771
SPT16951	0.8939176326416323
SPT16953	0.9999999929602914
SPT16954	0.7401086834115969
SPT16955	0.9258343059325398
SPT16957	0.8589960616401835
SPT16958	0.9971720974952176
SPT16959	0.8418100560144759
SPT16961	0.8995573119725747
SPT16962	0.7836953661035315
SPT16963	0.9992661383486584
SPT16964	0.9999999983188502
SPT16966	0.8488502818479156
SPT16967	0.9965236059500352
SPT16968	0.5374148489585542
SPT16969	0.6161440158561873
SPT16970	0.7924652331398667
SPT16971	0.7609537799371633
SPT16972	0.8602682009075153
SPT16973	0.9549298761578262
SPT16976	0.687664796544802
SPT16977	0.6620645371020202
SPT16978	0.930329287700836
SPT16982	0.8645026127730183
SPT16983	0.8771254045933355
SPT16985	0.5890584881950856
SPT16986	0.9999999983040948
SPT16987	0.9233688613607984
SPT16988	0.4412752565471365
SPT16989	0.838119864626188
SPT16994	0.9990619046460316
SPT16995	0.6873004839480715
SPT16996	0.917553135363234
SPT16997	0.9984738968280086
SPT16998	0.996863613836192
SPT16999	0.9955433706761104
SPT17000	0.7214354193159731
SPT17001	0.8936569589882736
SPT17002	0.9976705473263452
SPT17003	0.9950372414829116
SPT17004	0.8977753634292441
SPT17006	0.999581181015638
SPT17007	0.922080724112934
SPT17009	0.8984032644974014
SPT17010	0.9685110243221322
SPT17011	0.7500404360886348
SPT17012	0.9013890038177396
SPT17013	0.995652854243906
SPT17015	0.99999999924995
SPT17016	0.982576459943353
SPT17017	0.7891993917464041
SPT17018	0.8023886634789059
SPT17020	0.9968405373849184
SPT17021	0.9718112900320908
SPT17022	0.998579124754442
SPT17023	0.9606896007039804
SPT17025	0.997915552257206
SPT17027	0.9979496734803958
SPT17028	0.9990562268662764
SPT17029	0.9953669390854526
SPT17030	0.9381385642108068
SPT17031	0.5153975723970192
SPT17034	0.9966592316522708
SPT17035	0.999185325171649
SPT17036	0.9932191158733864
SPT17037	0.9921895314555412
SPT17039	0.9224218773650462
SPT17040	0.5842076492107913
SPT17042	0.8791337086385766
SPT17043	0.8871301590804024
SPT17044	0.5794250790882993
SPT17045	0.999038036399665
SPT17046	0.6312551239692092
SPT17047	0.9942673617601792
SPT17049	0.9930743815617388
SPT17050	0.8484269797218563
SPT17051	0.7258329489819927
SPT17052	0.7880407235241331
SPT17053	0.999079668677746
SPT17054	0.9968491382052328
SPT17055	0.9985970787434072
SPT17056	0.9999914688074492
SPT17057	0.6990015073265745
SPT17058	0.992572931094532
SPT17059	0.6639524798140146
SPT17060	0.8395697431139206
SPT17061	0.897729898788097
SPT17062	0.7427321013821357
SPT17063	0.5667626750837385
SPT17064	0.9710496777664712
SPT17065	0.6313834607117366
SPT17066	0.9993626472038818
SPT17067	0.8358259598148234
SPT17069	0.9140953269069816
SPT17070	0.7856526134528437
SPT17072	0.9979064099622356
SPT17073	0.9983940900809376
SPT17075	0.9927221586931396
SPT17076	0.5071296130434271
SPT17077	0.6830771715346784
SPT17078	0.9011540597907318
SPT17079	0.5388830814050627
SPT17793	0.841182217793774
SPT17794	0.8655803515328626
SPT17795	0.9618267844707378
SPT17800	0.9969076128795804
SPT17802	0.8562409800220252
SPT17803	0.9368229093387108
SPT17804	0.5674390806647776
SPT17805	0.8460463255940334
SPT17806	0.6083611061942165
SPT17807	0.9736055654075148
SPT17808	0.9528430731288988
SPT17810	0.9980612381174588
SPT17811	0.9995357406834932
SPT17812	0.9364329776062452
SPT17813	0.8073296993984963
SPT17816	0.8111254440787539
SPT17817	0.8191867521832288
SPT17818	0.6199171094539928
SPT17819	0.5740626200712153
SPT17821	0.7504330004445161
SPT17823	0.963300072443131
SPT17825	0.999287640982916
SPT17826	0.9998668524760174
SPT17828	0.9999508255112266
SPT17829	0.9392798560350832
SPT17830	0.8970104726922262
SPT17832	0.9216018343752188
SPT17833	0.9986382557841404
SPT17836	0.8327898797248036
SPT17837	0.9136205985536388
SPT17838	0.9978822435708596
SPT17841	0.9998754654601424
SPT17843	0.7898952300038552
SPT17844	0.8355516555131841
SPT17845	0.8053119293845569
SPT17852	0.9870273015178628
SPT17853	0.9998692121629956
SPT17855	0.9956677570774016
SPT17866	0.8258282990664139
SPT17867	0.9994355403373965
SPT17870	0.7934221907594484
SPT17871	0.6879700117888019
SPT17872	0.9495915155263916
SPT17873	0.643705827925428
SPT17876	0.8298509997029679
SPT17878	0.822824821508727
SPT17881	0.9971537568788166
SPT17894	0.9998708696847006
SPT17902	0.9998557236656322
SPT17916	0.8757522320577786
SPT17917	0.9995962651704122
SPT17918	0.9693505051332842
SPT17922	0.7887680789281112
SPT17924	0.8526758703171298
SPT17927	0.9086819497773396
SPT17929	0.9744964824023092
SPT17931	0.9404774636729846
SPT17932	0.937629193736407
SPT17933	0.9988315390385524
SPT17936	0.8702410941841323
SPT17937	0.726470574484121
SPT17938	0.9999711086403396
SPT17940	0.933855499596064
SPT17941	0.9998716299386926
SPT17942	0.9996475566841494
SPT17943	0.7933395812925459
SPT17944	0.8837961582480547
SPT17945	0.7069441424432437
SPT17947	0.999869026292991
SPT17949	0.9996254473547234
SPT17950	0.9943165349011858
SPT17951	0.9998221999353464
SPT17952	0.9225351004344025
SPT17954	0.8215796683653926
SPT17955	0.9996869876372256
SPT17956	0.9981072139567304
SPT17958	0.866017623348058
SPT17960	0.906102919019174
SPT17963	0.9929919714840294
SPT17965	0.9500426228124824
SPT17966	0.8569380841513592
SPT17969	0.999999997859661
SPT17970	0.9088622770752934
SPT17972	0.998977126281296
SPT17975	0.984686252102406
SPT17978	0.9994833379484196
SPT17981	0.905205703509142
SPT17987	0.9236028003992582
SPT17989	0.9817235437498176
SPT17990	0.9997559618030016
SPT17993	0.9419420189791944
SPT17995	0.9000593607077914
SPT18001	0.9921021336987782
SPT18002	0.9309491799471756
SPT18003	0.7270326938368409
SPT18017	0.9998695029637475
SPT18018	0.9482574532950432
SPT18026	0.983601528280806
SPT18037	0.9998685149942568
SPT18042	0.937187567272489
SPT18045	0.959794123360949
SPT18049	0.8831712496907594
SPT18050	0.9509886219648698
SPT18051	0.9999999957060276
SPT18052	0.8397100402572523
SPT18055	0.8817001235023668
SPT18056	0.9141876798070354
SPT18057	0.9536941305332176
SPT18058	0.9993528439700878
SPT18066	0.9996558680970734
SPT18101	0.9996798833382844
SPT18102	0.9132293035849628
SPT18108	0.9863749410420716
SPT18109	0.878174468867736
SPT18111	0.955286516890503
SPT18112	0.9999999985101352
SPT18115	0.9751395532933383
SPT18118	0.8995221054543271
SPT18119	0.8267846619626267
SPT18120	0.9769021467997312
SPT18122	0.9999999969134192
SPT18123	0.8496817133094785
SPT18129	0.9998696541960722
SPT18133	0.8624760675365808
SPT18138	0.9844550317714792
SPT18140	0.9983771698025669
SPT18145	0.9257609842985264
SPT18147	0.8230072691933459
SPT18148	0.89884015094168
SPT18152	0.956686668597278
SPT18156	0.9987345883041028
SPT18158	0.9997770294126856
SPT18159	0.9996448381018944
SPT18160	0.8445178264511382
SPT18162	0.612013563821137
SPT18163	0.9366034136731208
SPT18164	0.8495675257730034
SPT18166	0.7287406014212168
SPT18167	0.9995446283997684
SPT18171	0.9995002967829704
SPT18174	0.9461239047305972
SPT18175	0.9781061383984933
SPT18177	0.9998370207337683
SPT18178	0.9781636846169212
SPT18179	0.8257975747047082
SPT18181	0.9986341232927316
SPT18182	0.9989178549752792
SPT18183	0.997386894940378
SPT18184	0.8234661147621654
SPT18185	0.9996903373129749
SPT18186	0.9999999984622968
SPT18188	0.9999926790704208
SPT18189	0.999484658207464
SPT18194	0.9996654382202678
SPT18197	0.9754143911363774
SPT18198	0.9782651010334128
SPT18199	0.998429353589753
SPT18207	0.9897764814635722
SPT18208	0.9963587824954738
SPT18209	0.7605324837561828
SPT18212	0.9239859605145132
SPT18214	0.9121209425897758
SPT18215	0.9037600334244594
SPT18216	0.9981599658790584
SPT18218	0.8063775244468949
SPT18219	0.9717131971143008
SPT18221	0.8193586219288583
SPT18222	0.8667195200691054
SPT18223	0.9999999915631232
SPT18225	0.9436765799396464
SPT18226	0.7891455730700594
SPT18227	0.9995540166760448
SPT18229	0.9263943844009352
SPT18230	0.9005342085878607
SPT18234	0.9718604270592496
SPT18236	0.944921222745188
SPT18238	0.8376852439076045
SPT18240	0.8027302662430167
SPT18241	0.82201644770926
SPT18242	0.9630048502040084
SPT18244	0.9641391713381904
SPT18247	0.9998205737094334
SPT18249	0.8828427322388043
SPT18253	0.8614148372566558
SPT18255	0.984147522545392
SPT18256	0.9991244822093808
SPT18263	0.7759777790697662
SPT18264	0.9173263082383408
SPT18265	0.9998484554466626
SPT18271	0.6859150022018871
SPT18272	0.7929213739122797
SPT18273	0.7573834289709885
SPT18274	0.6650377134232761
SPT18275	0.9997362955832976
SPT18276	0.9841176433760548
SPT18278	0.8986136515694012
SPT18279	0.9979832257394956
SPT18280	0.999999998031742
SPT18281	0.997384517516732
SPT18282	0.7200273047193004
SPT18283	0.6538940035850416
SPT18284	0.8264408492817384
SPT18285	0.7510230916964459
SPT18286	0.9978894036337094
SPT18287	0.8175474508799724
SPT18288	0.8509293815591181
SPT18290	0.7759800385923497
SPT18293	0.9993205452740248
SPT18296	0.9997273310796831
SPT18297	0.9963889762815392
SPT18298	0.7833031613116256
SPT18299	0.7581809556803036
SPT18300	0.7385850779033336
SPT18301	0.9220864628042016
SPT18303	0.9993900520635726
SPT18304	0.999877138591958
SPT18305	0.8934326917460699
SPT18307	0.9999999974933748
SPT18308	0.9998227761019224
SPT18309	0.8515564499525292
SPT18310	0.7792488802399602
SPT18311	0.6601628873701464
SPT18312	0.8913443114413118
SPT18313	0.6613286868723314
SPT18314	0.9900982466897646
SPT18316	0.9077037026303484
SPT18317	0.9998511790600708
SPT18319	0.9992871334009265
SPT18320	0.9253012250891894
SPT18322	0.9435898993150318
SPT18323	0.9947555888100896
SPT18325	0.998010193397889
SPT18326	0.9290088960194008
SPT18328	0.9979253479277308
SPT18334	0.9863888900415442
SPT18335	0.999349988279079
SPT18336	0.8260482932297304
SPT18337	0.9999999970475024
SPT18339	0.9496016011308608
SPT18343	0.9998268737540932
SPT18344	0.9970701207058736
SPT18345	0.6873006159499673
SPT18421	0.999961368431758
SPT18423	0.9985907801759624
SPT18427	0.8914820202915914
SPT18428	0.9981280027919168
SPT18429	0.9117493431717348
SPT18431	0.9991624997210308
SPT18434	0.9357173974781146
SPT18435	0.9954180884033204
SPT18436	0.9995909186393908
SPT18440	0.999389509484823
SPT18445	0.999250897411623
SPT18448	0.9943891169777932
SPT18453	0.9130073608744672
SPT18457	0.6468697270295167
SPT18458	0.8377506272208174
SPT18459	0.9991378114685682
SPT18461	0.9990879925946504
SPT18462	0.9997542506197948
SPT18465	0.9992709862631336
SPT18466	0.6254089959617768
SPT18468	0.9859855352367324
SPT18470	0.9838507481095954
SPT18472	0.9976334196839144
SPT18473	0.9233490539042174
SPT18474	0.9963845298125504
SPT18475	0.9999865317605288
SPT18478	0.9081971375535344
SPT18479	0.8574644854259352
SPT18482	0.9987414037841172
SPT18490	0.9670488045506512
SPT18491	0.8861633154696738
SPT18492	0.993223524092826
SPT18493	0.9979093134549968
SPT18523	0.9992153919040748
SPT18525	0.9998561715505256
SPT18535	0.9692716165732164
SPT18537	0.942803403497988
SPT18545	0.5969840271855489
SPT18549	0.999868682205842
SPT18552	0.9999091780892287
SPT18553	0.7808457317057157
SPT18554	0.986919240008984
SPT18555	0.923894099803325
SPT18557	0.9679915440267682
SPT18558	0.8135615795490643
SPT18559	0.9682399237349996
SPT18561	0.9999999982699268
SPT18562	0.9999999929656612
SPT18566	0.9955822886779594
SPT18572	0.9780556454000044
SPT18575	0.7831120571116645
SPT18576	0.9923262879452638
SPT18578	0.9963873223720588
SPT18579	0.6128319081194493
SPT18580	0.7410547607872645
SPT18581	0.998330226488747
SPT18583	0.9991948566439804
SPT18584	0.5684447697055726
SPT18585	0.9931088869385732
SPT18586	0.9964753032278942
SPT18589	0.9983630166476544
SPT18591	0.9459506297915669
SPT18592	0.8566166495076982
SPT18595	0.6204813040625998
SPT18598	0.7747726288532373
SPT18603	0.9099452807669396
SPT18604	0.9907947299140308
SPT18607	0.9702078138215456
SPT18609	0.843631018106943
SPT18611	0.7700398949977458
SPT18612	0.7853515318092978
SPT18613	0.8181638533967778
SPT18614	0.8411831613840576
SPT18617	0.6548571503608596
SPT18618	0.9976018008415898
SPT18619	0.7574655812665901
SPT18620	0.4913602361872189
SPT18621	0.8674905996955726
SPT18622	0.8796017538088327
SPT18623	0.9619344419696686
SPT18624	0.9972790030061404
SPT18625	0.9979195459118716
SPT18626	0.6038987258609185
SPT18629	0.6732099903975974
SPT18631	0.9960271332478504
SPT18633	0.995921558905122
SPT18634	0.928911257898804
SPT18636	0.9719052366873724
SPT18637	0.7152467079252042
SPT18638	0.7622327676573555
SPT18639	0.7133643595287539
SPT18640	0.9790850491645748
SPT18641	0.9999633807837408
SPT18644	0.7034033861203461
SPT18646	0.9983741836058064
SPT18647	0.9999999961050278
SPT18649	0.9967283942671736
SPT18650	0.9459368759995642
SPT18652	0.9948025144502604
SPT18653	0.94531701846058
SPT18654	0.9996243451348592
SPT18655	0.994317679315577
SPT18657	0.7146945638103781
SPT18660	0.8957043963319864
SPT18661	0.9838770051394076
SPT18662	0.9135820649137064
SPT18663	0.9996537929293116
SPT18669	0.9942974360501924
SPT18670	0.8150413815387574
SPT18671	0.9996610861929858
SPT18673	0.8286336110181015
SPT18674	0.9969148017229278
SPT18678	0.5876222747265065
SPT18680	0.9971271332486186
SPT18681	0.9981516122311532
SPT18682	0.6492628314035711
SPT18683	0.9062942201217864
SPT18685	0.7468751216723375
SPT18687	0.8722213657762314
SPT18689	0.9996375336851088
SPT18929	0.8884143327452284
SPT18932	0.768788638876949
SPT18937	0.9989277940795168
SPT18940	0.9962347551200492
SPT18941	0.999999990636249
SPT18942	0.7591834174371532
SPT18943	0.9964188319707876
SPT18947	0.998239366011384
SPT18949	0.9989905078375853
SPT18952	0.9997456452935845
SPT18955	0.9027468765785878
SPT18956	0.9999999943988678
SPT18957	0.812997971654374
SPT18958	0.8212446467158643
SPT18959	0.9212018620106802
SPT18962	0.5654733815125288
SPT18967	0.9005158860196785
SPT18968	0.8657395924141563
SPT18969	0.9954554691065322
SPT18970	0.8969410379989573
SPT18971	0.9740493490230946
SPT18973	0.8941060506325131
SPT18975	0.9991225966525248
SPT18976	0.9990845036606516
SPT18978	0.5718796286299708
SPT18980	0.9962292358392656
SPT18981	0.999630896298394
SPT18983	0.9285698779550844
SPT18984	0.8749359135517188
SPT18985	0.9988358519560194
SPT18986	0.9527526393620576
SPT18987	0.989446484396556
SPT18988	0.9889433461403064
SPT18989	0.8672037587447898
SPT18991	0.9078616365878468
SPT18992	0.9617851152886772
SPT18993	0.7788116086964157
SPT18994	0.9999999936741432
SPT18995	0.8452642046942395
SPT19002	0.999999991395782
SPT19003	0.8234715989476222
SPT19005	0.7421295191534043
SPT19011	0.8920076662186758
SPT19012	0.9994207386963764
SPT19013	0.87884115862741
SPT19014	0.9998687820863802
SPT19017	0.9998143598966518
SPT19018	0.9982210255422628
SPT19019	0.999999994165273
SPT19021	0.9982451287481968
SPT19023	0.9016977479513568
SPT19024	0.8204665247794136
SPT19025	0.9992795437732483
SPT19026	0.9273454876149796
SPT19028	0.9164886520927892
SPT19029	0.99969441910103
SPT19030	0.9190205952140456
SPT19031	0.9993821838685064
SPT19032	0.9974548801280824
SPT19034	0.996363742605254
SPT19236	0.9968955880908412
SPT19238	0.9330393846743912
SPT19241	0.9914829412745844
SPT19242	0.938806392562596
SPT19243	0.9227919030628884
SPT19246	0.9967444869364877
SPT19248	0.9967740663284854
SPT19251	0.954092001497776
SPT19254	0.9209452961251932
SPT19256	0.8724461096473501
SPT19258	0.9956703971328752
SPT19262	0.9036994662081124
SPT19265	0.9948502552722058
SPT19268	0.8827102794354891
SPT19270	0.9210225555708798
SPT19273	0.5608059319529288
SPT19275	0.7198815310811727
SPT19279	0.9983671093641384
SPT19281	0.9527477659239648
SPT19285	0.9848911201562258
SPT19287	0.9990517924724736
SPT19289	0.999516758908823
SPT19291	0.9752856454852116
SPT19293	0.9968740877734148
SPT19294	0.9904870147252324
SPT19296	0.9989367224732406
SPT19297	0.6744044139037055
SPT19301	0.995905156081271
SPT19306	0.9628215926412148
SPT19308	0.954201537444656
SPT19309	0.9962164765599416
SPT19311	0.8981931848106488
SPT19315	0.999101913889878
SPT19316	0.6611053521933089
SPT19319	0.549166569908605
SPT19321	0.7567716332601775
SPT19324	0.8299594025434411
SPT19326	0.8200884956655943
SPT19328	0.9951873757567048
SPT19329	0.8255220453800567
SPT19332	0.6519003024218721
SPT19336	0.931457243883241
SPT19337	0.8333880528123221
SPT19338	0.926654819518178
SPT19340	0.903208247642428
SPT19341	0.99192169180737
SPT19346	0.9416227701260924
SPT19347	0.8142087810306335
SPT19350	0.9223748700408938
SPT19351	0.9843329628577636
SPT19353	0.5499017089029257
SPT19356	0.8430559748830057
SPT19359	0.9993487144397974
SPT19360	0.9995149557734976
SPT19361	0.999041951953036
SPT19363	0.904843638146089
SPT19364	0.9994013377082224
SPT19367	0.791859943500893
SPT19368	0.9984640610718128
SPT19371	0.9327560134244128
SPT19372	0.8426840772565366
SPT19374	0.9701515148200232
SPT19376	0.9950830770368236
SPT19377	0.9989596188408988
SPT19382	0.9281682376338132
SPT19383	0.997744379427516
SPT19385	0.9121659573107888
SPT19387	0.997623682703523
SPT19388	0.9893102490721014
SPT19390	0.9349014009706396
SPT19391	0.7321131223124073
SPT19394	0.9910845763634308
SPT19396	0.9969225091941224
SPT19397	0.9771965485399516
SPT19399	0.993574279238368
SPT19400	0.9927464236929204
SPT19404	0.9795645318797248
SPT19406	0.9981280724117376
SPT19407	0.9979117474332768
SPT19409	0.9993394132994174
SPT19411	0.9994332819089166
SPT19415	0.804903835734665
SPT19416	0.997416369658442
SPT19419	0.8843963878480245
SPT19421	0.9982437605198188
SPT19423	0.9994223598990248
SPT19429	0.9060152003726766
SPT19433	0.9854569498312497
SPT19436	0.9999999903358244
SPT19440	0.9991613381443196
SPT19443	0.9991212443833736
SPT19446	0.9798575266917922
SPT19448	0.6905068003764532
SPT19487	0.9887962770920644
SPT19489	0.876245273588586
SPT19492	0.8729749297823448
SPT19493	0.7885160499587998
SPT19494	0.9578006775730428
SPT19495	0.9999999978250724
SPT19496	0.999907609830134
SPT19498	0.9985507072885909
SPT19499	0.4997711583254905
SPT19500	0.7550344933639688
SPT19503	0.9861784995376136
SPT19505	0.9980104563169638
SPT19506	0.798306209143076
SPT19510	0.9982251967409465
SPT19512	0.9979952904798548
SPT19514	0.5903372660043553
SPT19517	0.5292711086174609
SPT19521	0.9389779029624448
SPT19524	0.791223389307054
SPT19525	0.9999370561564548
SPT19527	0.9339108108412744
SPT19529	0.7420072672147091
SPT19530	0.9728813806048248
SPT19532	0.9670463365146892
SPT19533	0.6506260541278596
SPT19536	0.9163134556682562
SPT19539	0.9972842532474392
SPT19540	0.9994623724502736
SPT19542	0.6263728845750476
SPT19545	0.9430975178419464
SPT19547	0.7538200426991233
SPT19548	0.8814157805191821
SPT19549	0.7000666835213898
SPT19550	0.5871491054828647
SPT19558	0.7282375112506806
SPT19559	0.6245531497596648
SPT19564	0.999650026553306
SPT19565	0.9995394843664156
SPT19567	0.7507132616586949
SPT19569	0.9953398821804296
SPT19573	0.9931129301607984
SPT19575	0.9987230595765304
SPT19581	0.8308399005269205
SPT19582	0.99760108214454
SPT19587	0.7416140862706833
SPT19588	0.9989087249965752
SPT19589	0.8818312725836125
SPT19593	0.99645257332
SPT19594	0.9996654357939508
SPT19595	0.880402686257225
SPT19597	0.6639321306716167
SPT19600	0.9959408537935012
SPT19601	0.3717810624477626
SPT19602	0.7957159437701314
SPT19603	0.9994110808946672
SPT19604	0.7364300203565692
SPT19606	0.6091234002756492
SPT19607	0.4881339662055156
SPT19610	0.6613108993983217
SPT19612	0.7273230680170351
SPT19613	0.8233600372864152
SPT19614	0.7635698720724298
SPT19616	0.6480710043894478
SPT19618	0.9980142063217532
SPT19621	0.9998748450181784
SPT19627	0.995407403165043
SPT19629	0.9494753031196734
SPT19631	0.7527033928075321
SPT19636	0.8442767893371783
SPT19637	0.701974902156941
SPT19641	0.6494151225849165
SPT19645	0.8455175050421936
SPT19646	0.9374519693529816
SPT19649	0.614628800580701
SPT19656	0.8111250754449191
SPT19657	0.551737119901524
SPT19658	0.9509389927359904
SPT19659	0.9992505367750564
SPT19660	0.9977993252790937
SPT19665	0.6357833415497075
SPT19668	0.994344274671635
SPT19673	0.5849492684699934
SPT19677	0.7724483246075985
SPT19678	0.5807291113424418
SPT19679	0.7963075429956339
SPT19680	0.851653994828055
SPT19681	0.8380264139869268
SPT19682	0.8200358643295216
SPT19685	0.989874599735854
SPT19689	0.9999999952866953
SPT19691	0.6392819072652266
SPT19692	0.9999999981438904
SPT19693	0.9976524549960962
SPT19694	0.9228105490751848
SPT19696	0.6669969126413305
SPT19699	0.8000447291257173
SPT19701	0.7539893832009898
SPT19704	0.9999999981519484
SPT19706	0.9995969518120684
SPT19708	0.8766381476068744
SPT19712	0.8968987660510971
SPT19715	0.9956004143838598
SPT19716	0.8626766324676756
SPT19718	0.917582278275072
SPT19720	0.6375536207365917
SPT19721	0.6046963869198615
SPT19728	0.999840160186766
SPT19729	0.9723066063884288
SPT19733	0.9088933128421468
SPT19742	0.999079317502576
SPT19743	0.640321257202211
SPT19746	0.8397055087122699
SPT19749	0.9470277932011144
SPT19753	0.9936989039699434
SPT19755	0.890220800793876
SPT19756	0.8610021981918669
SPT19757	0.9123817300772752
SPT19763	0.9896405812401654
SPT19764	0.7121413318098848
SPT19765	0.846830117939589
SPT19766	0.8812270713297987
SPT19767	0.8818274336687588
SPT19768	0.9971899956646856
SPT19772	0.7219977338046901
SPT19774	0.7854220350879807
SPT19782	0.9864600048304338
SPT19789	0.9955343561719684
SPT19790	0.9998391356143104
SPT19791	0.7307531963102591
SPT19792	0.9975477227975807
SPT19811	0.999051633173986
SPT19821	0.9992565786367262
SPT19824	0.8886706002867091
SPT19832	0.5045409991414083
SPT19835	0.6700262484912622
SPT19840	0.9993815187153754
SPT19841	0.9985027671327232
SPT19842	0.7702885688517126
SPT19843	0.9944934357202322
SPT19845	0.5462572322855246
SPT19846	0.6792486933868644
SPT19847	0.8924790000321876
SPT19850	0.9979555283730271
SPT19851	0.9895581592840688
SPT19854	0.5660171574697428
SPT19855	0.9994159508062412
SPT19856	0.997958565290222
SPT19857	0.8744869113928998
SPT19859	0.9965449700271556
SPT19860	0.926021060983929
SPT19863	0.7346659442739603
SPT19864	0.8914653400589234
SPT19865	0.2344031386600129
SPT19867	0.8738763814532864
SPT19868	0.6809609694981182
SPT19869	0.9960849448540896
SPT19870	0.9986502211630068
SPT19871	0.8643924205966651
SPT19872	0.978162279679485
SPT19874	0.9999999996633436
SPT19875	0.8511121214795792
SPT19876	0.998726994871232
SPT19880	0.9950998682240584
SPT19882	0.5077472295812202
SPT19883	0.9898725417493556
SPT19884	0.9902938026272192
SPT19886	0.6223483250934829
SPT19888	0.7114055867890068
SPT19889	0.3461601097032269
SPT19890	0.5797753596408104
SPT19891	0.517742247731728
SPT19892	0.6474925199159551
SPT19893	0.99999999948646
SPT19895	0.8946801831077911
SPT19896	0.4618209943132705
SPT19897	0.989421817167859
SPT19899	0.5913261688052596
SPT19902	0.8192369082028943
SPT19903	0.99786134172256
SPT19905	0.8987184765226223
SPT19906	0.9974188863176624
SPT19907	0.7402789123708392
SPT19908	0.9852083777687812
SPT19909	0.6936592836863908
SPT19910	0.9980399478850588
SPT19914	0.9982125048920684
SPT19919	0.6853922783098172
SPT19920	0.9931777954702986
SPT19921	0.9975127138741352
SPT19922	0.6909006696741972
SPT19924	0.6187104326947095
SPT19925	0.6080965675890233
SPT19927	0.9939187426696756
SPT19928	0.7759803996833905
SPT19929	0.9957783621224008
SPT19930	0.9999638763777816
SPT19931	0.9964558476996712
SPT19932	0.5417091773031703
SPT19935	0.8728144769850331
SPT19936	0.997807020978312
SPT19938	0.9923608771850282
SPT19939	0.9985541408010656
SPT19940	0.9981147346362348
SPT19941	0.6928659029727249
SPT19943	0.999881242846533
SPT19944	0.5845796345418484
SPT19945	0.9995010222610192
SPT19946	0.4097332317579706
SPT19947	0.875127320029945
SPT19949	0.9967674491660664
SPT19950	0.6608605316965699
SPT19951	0.8483779662243083
SPT19952	0.997931413161106
SPT19953	0.6749677360890933
SPT19954	0.4089686445015167
SPT19955	0.9942754665803788
SPT19956	0.974785064605988
SPT19957	0.8007355603865631
SPT19959	0.9996556265444088
SPT19960	0.998580369089282
SPT19961	0.9964140178497708
SPT19962	0.997585208861175
SPT19963	0.6124002271798141
SPT19964	0.9996253629733548
SPT19966	0.999502330047575
SPT19967	0.8934973106726847
SPT19968	0.8591369742202376
SPT19969	0.9999999988876404
SPT19970	0.999869529199285
SPT19971	0.7448388283479657
SPT19972	0.9961714362246188
SPT19973	0.6081934699115631
SPT19974	0.7516085955322058
SPT19976	0.999757626008242
SPT19977	0.99735274794413
SPT19979	0.6224094328442955
SPT19980	0.4117487638268866
SPT19981	0.999999999197142
SPT19983	0.6594085253982708
SPT19985	0.999307430955274
SPT19987	0.3305526627325565
SPT19988	0.6645481878041906
SPT19990	0.7708180076645432
SPT19991	0.4518036061180259
SPT19992	0.8633889299976378
SPT19995	0.939062371328752
SPT19996	0.9995313169597164
SPT19997	0.5938382313813475
SPT19998	0.8113926116062538
SPT19999	0.9990037927189545
SPT20000	0.9147365357929856
SPT20001	0.9971754557906995
SPT20002	0.6760089620193084
SPT20003	0.9300497518652682
SPT20005	0.9363513795667407
SPT20006	0.9857031990221892
SPT20007	0.999041463323303
SPT20008	0.6180063370202347
SPT20009	0.7694165714287018
SPT20011	0.998339579619943
SPT20012	0.9273331176986044
SPT20013	0.7818847404224941
SPT20014	0.998475165017302
SPT20015	0.7420058464401735
SPT20016	0.9989238323608876
SPT20017	0.9999999982899802
SPT20019	0.9967447911894868
SPT20020	0.999502330616884
SPT20025	0.9994014372327238
SPT20026	0.9311487579438424
SPT20028	0.7960703804026447
SPT20029	0.9997719564176076
SPT20030	0.999789105486064
SPT20031	0.5274682231130241
SPT20032	0.998867443066768
SPT20036	0.9980609119790058
SPT20037	0.8910682518339718
SPT20038	0.6403418058871074
SPT20040	0.9987170825346764
SPT20042	0.998787586562111
SPT20043	0.7959313075495991
SPT20044	0.7770880718941742
SPT20045	0.6782365748283622
SPT20489	0.99999999773742
SPT20490	0.5615190787489375
SPT20491	0.7120098758488083
SPT20492	0.9945147552770448
SPT20494	0.5546090655253706
SPT20495	0.5283667655810464
SPT20496	0.8466015144437817
SPT20497	0.6152599121845297
SPT20498	0.9999733635640594
SPT20499	0.9030590803125668
SPT20500	0.8951856229229236
SPT20501	0.8338638672813886
SPT20503	0.999246949676115
SPT20504	0.6663796646770734
SPT20505	0.9926372639717616
SPT20506	0.7673002187347508
SPT20507	0.5794358922317961
SPT20509	0.487511939375304
SPT20510	0.9958557267884902
SPT20511	0.6665616217992625
SPT20512	0.924758281649821
SPT20513	0.8684027064311618
SPT20517	0.7468156593026523
SPT20519	0.4223795284455627
SPT20520	0.6869018383522572
SPT20521	0.6375681574152239
SPT20523	0.9988045856477312
SPT20524	0.9366486994550298
SPT20526	0.9848504950149312
SPT20527	0.9983772073549524
SPT20529	0.9937707336952242
SPT20530	0.7082054402909956
SPT20531	0.9135560539197004
SPT20532	0.9984156432579222
SPT20533	0.8668370933614625
SPT20534	0.7180240084850394
SPT20536	0.9991903578660086
SPT20537	0.9519829746049822
SPT20538	0.8487963665439271
SPT20539	0.6960249056807475
SPT20540	0.5292584515993481
SPT20541	0.648713188298734
SPT20542	0.5834328665057437
SPT20543	0.9698157731661168
SPT20544	0.3569266810483411
SPT20545	0.9920176668076728
SPT20546	0.4706206247598619
SPT20547	0.8930890400293163
SPT20548	0.9111202725468882
SPT20549	0.9990511579824808
SPT20550	0.998364272696676
SPT20551	0.5106293151478055
SPT20552	0.7815149999613706
SPT20553	0.6861063041516611
SPT20554	0.973760301515271
SPT20555	0.997836659182136
SPT20556	0.62568023921253
SPT20557	0.6735717631468866
SPT20558	0.7682796448900057
SPT20559	0.9977663087880466
SPT20560	0.9962677841935584
SPT20561	0.9986493819658288
SPT20562	0.997490743051653
SPT20563	0.9916930808152472
SPT20564	0.5587097277150237
SPT20565	0.6878509248609891
SPT20566	0.9705351889548798
SPT20567	0.9958881501836504
SPT20568	0.6647336246203641
SPT20569	0.2542286805651413
SPT20571	0.4059088790411198
SPT21249	0.9291733415834816
SPT21250	0.9993341119397836
SPT21251	0.6146372114193406
SPT21255	0.9998975840252377
SPT21261	0.9988384630751858
SPT21270	0.9984043879924552
SPT21271	0.857510388028133
SPT21277	0.9969520359764664
SPT21278	0.7201874759064247
SPT21279	0.6239281571974542
SPT21281	0.730889588169628
SPT21283	0.9977567315025496
SPT21284	0.7847422084183633
SPT21294	0.9972709516477184
SPT21295	0.954332454598116
SPT21300	0.9969667110045686
SPT21302	0.9344813086979492
SPT21305	0.9907398579863116
SPT21306	0.9184701761688446
SPT21309	0.7379378950457045
SPT21319	0.4703217822752716
SPT21321	0.7824743219226493
SPT21322	0.9992301486608388
SPT21323	0.7518922180422732
SPT21324	0.9955370817766934
SPT21326	0.999008369927388
SPT21331	0.6408599210228192
SPT21659	0.9896377776961712
SPT21661	0.9961111409663091
SPT21667	0.996446115761198
SPT21668	0.9697680718982392
SPT21675	0.7258968067099156
SPT21677	0.925130143585428
SPT21685	0.9949039207319345
SPT21705	0.815764346796555
SPT21707	0.8432851900601763
SPT21708	0.9934624503845813
SPT21710	0.996833048674642
SPT21712	0.9984504399877582
SPT21713	0.9916636398911772
SPT21714	0.9930593139380566
SPT21715	0.993715544623782
SPT21716	0.8702618411066986
SPT21717	0.9988722473192684
SPT21719	0.9967194375389772
SPT21721	0.996927720576934
SPT21722	0.879689386374388
SPT21723	0.994056758947732
SPT21724	0.9958304101528968
SPT21725	0.3535028800401419
SPT21726	0.9037455748781816
SPT21727	0.7745225743817373
SPT21730	0.9968957956199224
SPT21731	0.9959633904556378
SPT21732	0.9971540439533536
SPT21734	0.6562345597462422
SPT21735	0.9941216923137096
SPT21737	0.9336819698091182
SPT21738	0.9862068666693364
SPT21739	0.5777527291481157
SPT21740	0.7789282581272305
SPT21741	0.8960224115423536
SPT21742	0.8655101424003603
SPT21743	0.6844228025321003
SPT21744	0.9923177606325728
SPT21750	0.996402071803188
SPT21756	0.9997223835734144
SPT21759	0.9663949187449066
SPT21765	0.994964900371743
SPT21773	0.5368222532588687
SPT21774	0.9941515438595232
SPT21778	0.993484457492926
SPT21785	0.9830684140998694
SPT21786	0.9947226609469254
SPT21788	0.9963815469252548
SPT21789	0.9460365629624824
SPT21793	0.9979986563171636
SPT21796	0.9952703620986628
SPT21797	0.93479651945642
SPT21805	0.9982352881488864
SPT21807	0.9463792775441467
SPT21808	0.9942392528107268
SPT21817	0.9988594520751904
SPT21836	0.995928465546672
SPT21837	0.9965576223494386
SPT21838	0.9903820112170156
SPT21839	0.9967157477421762
SPT21840	0.9841588525713534
SPT21846	0.9659103276048564
SPT21866	0.9913579879291864
SPT21873	0.977667910140558
SPT21877	0.9737119808946112
SPT21883	0.9991983104010485
SPT21909	0.8290502754551031
SPT21913	0.9999999930631044
SPT21923	0.9674669242119248
SPT21924	0.9530850646831156
SPT21965	0.7840568415897069
SPT21966	0.7157959540933523
SPT21967	0.8814185875368619
SPT21979	0.9152214662718046
SPT22200	0.9224120279433038
SPT22201	0.6865027974954258
SPT22204	0.999408385388747
SPT22207	0.5733038730007297
SPT22211	0.9736609877158944
SPT22213	0.648862046838469
SPT22214	0.7404094769143756
SPT22220	0.9863022130287118
SPT22221	0.6936174055580664
SPT22222	0.635066324178575
SPT22223	0.6554724052209413
SPT22227	0.757056872914996
SPT22230	0.9710322891767692
SPT22238	0.9992121096121696
SPT22240	0.9984359226596556
SPT22241	0.9978510905303009
SPT22243	0.9985011043459272
SPT22248	0.9948796453200384
SPT22249	0.9317824982403324
SPT22251	0.9511457910118802
SPT22252	0.9861632415824256
SPT22253	0.6513655880177236
SPT22254	0.985289824553914
SPT22255	0.5438615608325525
SPT22256	0.8189039433125163
SPT22258	0.922156053321592
SPT22261	0.6459146897522248
SPT22265	0.9760198652825663
SPT22270	0.9946650892450872
SPT22273	0.9911713140651116
SPT22274	0.926210345994958
SPT22278	0.992755257403258
SPT22281	0.9958705731337036
SPT22282	0.9986676101523572
SPT22407	0.9983797076265546
SPT22410	0.9939801771099832
SPT22415	0.7742822202502946
SPT22416	0.9991692309090996
SPT22422	0.6677196778334016
SPT22438	0.9330913020975924
SPT22441	0.689022808601029
SPT22445	0.9825518502037588
SPT22447	0.9961747189129588
SPT22449	0.6861026011702948
SPT22456	0.9946765024023786
SPT22457	0.9986820016622312
SPT22467	0.9971303179631056
SPT22469	0.9953033555633668
SPT22471	0.998272488362666
SPT22474	0.9968430321122468
SPT22480	0.9821873091530482
SPT22485	0.9869930455076308
SPT22489	0.9971391398031068
SPT22500	0.9981721439421952
SPT22503	0.8442081780368788
SPT22509	0.4909163207848707
SPT22510	0.996310117415205
SPT22511	0.6904427657820877
SPT22518	0.9976115291051816
SPT22520	0.8109926812788718
SPT22525	0.6793756647740791
SPT22526	0.987628392158836
SPT22527	0.4050913733948431
SPT22529	0.9966254831512806
SPT22536	0.8073541960070076
SPT22539	0.9981265480815058
SPT22545	0.8464236962268882
SPT22547	0.9954237071811388
SPT22551	0.9930765084362472
SPT22552	0.9657359554910478
SPT22553	0.8948616094114306
SPT22554	0.7102342650473334
SPT22555	0.9955802262659936
SPT22556	0.993116209085389
SPT22557	0.9823080205978754
SPT22558	0.9977704054553552
SPT22559	0.4243740124211383
SPT22562	0.9775909022454524
SPT22565	0.991984994408654
SPT22566	0.8583852202780217
SPT22567	0.5506805652355397
SPT22568	0.6824898549309433
SPT22570	0.7110493151120014
SPT22571	0.5684462970706032
SPT22572	0.4981938191486272
SPT22574	0.9899193221910084
SPT22575	0.4488370231087351
SPT22577	0.5439721542740656
SPT22578	0.704324891364805
SPT22580	0.4974057280704165
SPT22584	0.9977455725472754
SPT22587	0.998168031036159
SPT22588	0.5488825158143946
SPT22591	0.9030447105754924
SPT22592	0.8087429296091704
SPT22593	0.6157517613757069
SPT22594	0.6696355298598082
SPT22598	0.7878852549681326
SPT22600	0.8877755512793966
SPT22605	0.9974139967095148
SPT22606	0.4273279981497944
SPT22607	0.9769133183965716
SPT22608	0.9995783595485204
SPT22610	0.6511596368139817
SPT22612	0.6327532328612475
SPT22613	0.6738474877841831
SPT22615	0.9504837062961498
SPT22616	0.9280917226633848
SPT22617	0.9159607578883792
SPT22619	0.6003870517976668
SPT22620	0.9988463270363418
SPT22621	0.99707010009563
SPT22628	0.884446280943446
SPT22634	0.7819132030882435
SPT22637	0.8868082601691518
SPT22638	0.5667216472591363
SPT22640	0.6795127489557886
SPT22642	0.9935334382316338
SPT22649	0.7584023117297368
SPT23007	0.6976894885890179
SPT23009	0.9913558059473204
SPT23010	0.9771136044621036
SPT23011	0.789146176269005
SPT23012	0.7185277610045793
SPT23014	0.6723761766448524
SPT23015	0.8035541802105246
SPT23018	0.9856325662438068
SPT23019	0.852734371426447
SPT23020	0.7375465946544776
SPT23021	0.9998268290128898
SPT23022	0.8378972454587115
SPT23023	0.984674023914506
SPT23028	0.8108634072891067
SPT23029	0.8233779255738778
SPT23031	0.9996679665597872
SPT23032	0.9965921070266456
SPT23035	0.6241367509589921
SPT23036	0.8458647232563253
SPT23039	0.9887289665530324
SPT23040	0.96173133211084
SPT23043	0.9697512343582472
SPT23047	0.9845579722251808
SPT23052	0.9124858058789618
SPT23053	0.4532251996459941
SPT23055	0.6279323743760105
SPT23059	0.9941942767676908
SPT23065	0.8688185652691106
SPT23067	0.8404457225659068
SPT23069	0.6682871044396249
SPT23071	0.7410318024342389
SPT23073	0.8130104044639217
SPT23079	0.7176067125330494
SPT23082	0.9563055590646792
SPT23085	0.7920946273794529
SPT23086	0.978234051834062
SPT23087	0.8943102538201606
SPT23091	0.9949817660545128
SPT23095	0.9506823451988472
SPT23098	0.8908306310281583
SPT23105	0.8160722261974713
SPT23106	0.977115073663135
SPT23107	0.9784953642586716
SPT23108	0.9828308123390171
SPT23110	0.7154333290287425
SPT23114	0.9217465070066873
SPT23116	0.9987122702432242
SPT23118	0.9994848618971816
SPT23123	0.9462715081208533
SPT23125	0.7472537844333064
SPT23127	0.9997884783059942
SPT24138	0.986294313102433
SPT24139	0.9965074830072554
SPT24141	0.9974198311404164
SPT24142	0.8623039368216769
SPT24147	0.6886830165034848
SPT24150	0.9459520147030516
SPT24151	0.5793826793334169
SPT24152	0.7621480978760087
SPT24153	0.9997956293263224
SPT24154	0.973477826155402
SPT24159	0.9926611126459192
SPT24160	0.5760127591675418
SPT24161	0.65325813984709
SPT24162	0.9932448554309918
SPT24163	0.9341184845872276
SPT24164	0.4864581540051013
SPT24165	0.734953601917075
SPT24166	0.9966784288558656
SPT24167	0.9389724790809956
SPT24173	0.8844719267961989
SPT24175	0.6687081375566108
SPT24180	0.8869491269848291
SPT24181	0.8977955395346224
SPT24182	0.8187956985959979
SPT24183	0.995381527515826
SPT24184	0.8570664084398125
SPT24188	0.9960160609748137
SPT24189	0.7342042873832526
SPT24192	0.9983040644273924
SPT24193	0.9943832638381068
SPT24373	0.999706099038187
SPT24374	0.9985503041656328
SPT24375	0.8518188336852685
SPT24376	0.9990659701001088
SPT24379	0.999522762108102
SPT24380	0.9447227809275376
SPT24381	0.998212247281042
SPT24383	0.9996639418211356
SPT24385	0.999128907301839
SPT24386	0.9996926478753546
SPT24388	0.9994484806168096
SPT24392	0.999692944085353
SPT24393	0.9999999962096966
SPT24394	0.9995191242095136
SPT24395	0.9992627818527544
SPT24399	0.9993354659459894
SPT24410	0.9735600664264727
SPT24411	0.9999999955960732
SPT24413	0.9898167558253336
SPT24414	0.9995547393559135
SPT24415	0.9999885620622868
SPT24419	0.9803277233475626
SPT24421	0.998690261932112
SPT24423	0.9999999965679194
SPT24424	0.9995191233116004
SPT24426	0.9823306754286054
SPT24432	0.9956191132250156
SPT24433	0.9955813040017396
SPT24436	0.9913740072556768
SPT24442	0.99973484474494
SPT24445	0.9996389843661276
SPT24447	0.999999999288601
SPT24448	0.9999999976356402
SPT24449	0.9999999977682342
SPT24451	0.9990367914561796
SPT24452	0.8332401449924244
SPT24454	0.9991840924189238
SPT24455	0.7051384402767981
SPT24456	0.9994763432861158
SPT24457	0.9995406819069058
SPT24458	0.9988267013887248
SPT24459	0.9998320049810426
SPT24461	0.8613568476388813
SPT24462	0.9999999980587152
SPT24463	0.9377365103394152
SPT24464	0.9996038153795882
SPT24481	0.9993582958122704
SPT24486	0.992729838270959
SPT24489	0.9380130568528198
SPT24490	0.9236440332968076
SPT24491	0.9996669829295312
SPT24493	0.8876076552339688
SPT24496	0.9104512442423336
SPT24497	0.9998253768512826
SPT24499	0.9992743303846257
SPT24500	0.9988985626701514
SPT24501	0.9972153598967372
SPT24502	0.9997494848765583
SPT24503	0.9996516988031692
SPT24504	0.9997996051887303
SPT24510	0.970945673086308
SPT24512	0.9999999954877504
SPT24513	0.999999997726154
SPT24516	0.99978382573401
SPT24518	0.9996262792842252
SPT24519	0.9991215882322532
SPT24520	0.9997557178622252
SPT24521	0.999493848491866
SPT24522	0.9996097875448124
SPT24523	0.9992639668827558
SPT24525	0.9996803010042944
SPT24526	0.9996188622357158
SPT24527	0.9998137041207936
SPT24528	0.9997501178580686
SPT24529	0.9994721718078856
SPT24530	0.999798631535685
SPT24531	0.9999999961068252
SPT24532	0.9991909748590122
SPT24533	0.999442560367132
SPT24535	0.9997206090325874
SPT24537	0.9999853787976516
SPT24538	0.9992642963777832
SPT24539	0.9998436898849608
SPT24540	0.9992641842635814
SPT24541	0.9997573939437217
SPT24542	0.9995910923559168
SPT24543	0.9987666328575762
SPT24546	0.9994966681362316
SPT24547	0.9995984729661695
SPT24548	0.9995303923286591
SPT24553	0.9916759932147644
SPT24554	0.9565446048215134
SPT24555	0.975702537733505
SPT24557	0.988321834282142
SPT24558	0.9985704900760632
SPT24559	0.9609618650792912
SPT24560	0.9568318082170072
SPT24561	0.963968782301674
SPT24562	0.9874939264748192
SPT24563	0.999506916141234
SPT24564	0.9988193077812724
SPT24566	0.9616683660135932
SPT24567	0.9999999986244742
SPT24568	0.9966028345478184
SPT24581	0.9994008780838856
SPT24583	0.999380837345041
SPT24584	0.9093543076319048
SPT24585	0.9997960314952656
SPT24587	0.9994390760099222
SPT24588	0.9980303023684068
SPT24589	0.9839092727519704
SPT24590	0.9991456391338344
SPT24591	0.9509259005266144
SPT24592	0.999360630748412
SPT24593	0.9997644028295718
SPT24595	0.9999781298548494
SPT24601	0.9990509577876068
SPT24602	0.999657768010352
SPT24603	0.9993874002035958
SPT24604	0.9998509722766028
SPT24607	0.9995366882269582
SPT24608	0.9997326301095256
SPT24610	0.9973000993681084
SPT24613	0.9998566597021876
SPT24616	0.9983654050505864
SPT24617	0.9992772391337676
SPT24618	0.9997428892696392
SPT24620	0.999769963912306
SPT24621	0.9397639341351062
SPT24624	0.9998375583986864
SPT24625	0.99551737595159
SPT24626	0.9996532025544056
SPT24627	0.9935477263539936
SPT24628	0.9821531437599186
SPT24630	0.999214354883068
SPT24634	0.999561688525634
SPT24635	0.9988898094058252
SPT24636	0.9997885074426268
SPT24637	0.7573885748691489
SPT24638	0.9193083000199213
SPT24639	0.999308469313592
SPT24641	0.9997586750288866
SPT24642	0.9994524976605168
SPT24643	0.9995011745962354
SPT24644	0.9997022231366502
SPT24645	0.9997679297599942
SPT24646	0.9994874936638428
SPT24647	0.9997606712831753
SPT24648	0.999651250107934
SPT24649	0.9996712297068514
SPT24650	0.9998310546609456
SPT24651	0.999617243672968
SPT24653	0.9842380350179738
SPT24654	0.999837588496596
SPT24656	0.7937694745829906
SPT24657	0.99938236936805
SPT24659	0.9996190249111068
SPT24660	0.9989435586704742
SPT24661	0.8583354978795866
SPT24663	0.9977117247840068
SPT24664	0.9990945163649554
SPT24665	0.7720645517806715
SPT24666	0.996923480777058
SPT24667	0.9962332947854085
SPT24668	0.9983015488750078
SPT24669	0.594930882688609
SPT24670	0.9988056812342012
SPT24671	0.9969748446164513
SPT24672	0.966537506554464
SPT24673	0.9989897120691208
SPT24674	0.8025770547697129
SPT24675	0.9984869945727426
SPT24676	0.8966408285007519
SPT24677	0.9989009191672534
SPT24678	0.9991441580524104
SPT24679	0.999064576458044
SPT24680	0.9973542572648056
SPT24681	0.999339786484791
SPT24682	0.9966227709818792
SPT24683	0.9343559342482196
SPT24684	0.997987393935675
SPT24685	0.9499741323675042
SPT24686	0.9997950283449072
SPT24687	0.9918295495366792
SPT24688	0.9985841787019358
SPT24689	0.991079958533117
SPT24690	0.981927675937082
SPT24691	0.9982405992995802
SPT24692	0.9989828277373206
SPT24693	0.9990898526662538
SPT24694	0.9982341411293169
SPT24695	0.9675012323774376
SPT24708	0.9035847996967692
SPT24709	0.8407249105749364
SPT24710	0.9267723391246824
SPT24714	0.999106224029976
SPT24716	0.9969107146374668
SPT24717	0.9818996692504076
SPT24719	0.7061248575104961
SPT24720	0.9802263474687068
SPT24723	0.962458355688835
SPT24724	0.9298505582586578
SPT24725	0.9999999979069192
SPT24730	0.9999806290661768
SPT24733	0.9991161464618888
SPT24737	0.9985521346430802
SPT24738	0.9995731848345056
SPT24740	0.9997546532462134
SPT24741	0.957201450444066
SPT24742	0.792637765161974
SPT24743	0.9380322854647788
SPT24744	0.9999999952125386
SPT24748	0.9467733078907292
SPT24749	0.9995547434930532
SPT24754	0.9969027032675544
SPT24755	0.9999999989867764
SPT24756	0.9972470735422724
SPT24758	0.9992190500847952
SPT24759	0.9999745522629382
SPT24760	0.999999991310738
SPT24761	0.94302150247087
SPT24763	0.9994431755523157
SPT24764	0.9991104235189656
SPT24766	0.9994862375839229
SPT24770	0.8272849608088313
SPT24771	0.9999999998672326
SPT24772	0.999498282465887
SPT24773	0.9992195519304816
SPT24774	0.8146925537403196
SPT24776	0.8961962340781273
SPT24777	0.9989859401026712
SPT24778	0.8962232507607607
SPT24780	0.9997808488732968
SPT24781	0.9986236221337328
SPT24782	0.9908991784461194
SPT24783	0.99759504975515
SPT24785	0.9447557694442646
SPT24786	0.9991500297960368
SPT24787	0.9363612168094032
SPT24789	0.999512268849884
SPT24790	0.9997715307452634
SPT24792	0.9993032593091346
SPT24795	0.99952609158938
SPT24796	0.91885292364616
SPT24797	0.9998299905037724
SPT24801	0.9999999978241922
SPT24802	0.9793403160033002
SPT24804	0.999499087579083
SPT24807	0.9988196943041736
SPT24809	0.9995474638346192
SPT24812	0.972696332748153
SPT24814	0.9999999966739213
SPT24819	0.9999999902727166
SPT24826	0.999179774943608
SPT24853	0.9991863437593204
SPT24861	0.999911781347966
SPT24863	0.9813399287999638
SPT24876	0.9969615480127496
SPT24885	0.998827395604856
SPT24886	0.9653276191032952
SPT24898	0.9991790627855942
SPT24899	0.9250368510039836
SPT24953	0.9805753732464592
SPT24997	0.9659890467928124
SPT25002	0.9333930476100306
SPT25003	0.9217266828153656
SPT25008	0.9683206607338244
SPT25012	0.9999999970658732
SPT25013	0.9918894963545568
SPT25016	0.9999999935366092
SPT25018	0.999964117287812
SPT25031	0.9754233484929292
SPT25034	0.9655379797530492
SPT25103	0.955675916300471
SPT25104	0.7577104553180566
SPT25106	0.9999435701905132
SPT25108	0.999010592064864
SPT25109	0.9998890708399024
SPT25110	0.9975896208411134
SPT25111	0.9975068705692488
SPT25112	0.9978359166332784
SPT25114	0.9962670657003154
SPT25115	0.9959828751329836
SPT25116	0.9995003554456828
SPT25118	0.999930048291529
SPT25119	0.8603308698467192
SPT25120	0.9954358524088788
SPT25121	0.9967060894397012
SPT25122	0.9997305992978066
SPT25123	0.9999999990042132
SPT25124	0.9362693859241524
SPT25125	0.9642493102879872
SPT25126	0.9993003398462996
SPT25127	0.9312973629793682
SPT25128	0.9982659090048838
SPT25129	0.9997301913716324
SPT25130	0.9957833853759628
SPT25131	0.9983229356652116
SPT25132	0.996719914851031
SPT25133	0.9979055706587674
SPT25135	0.9975147837300308
SPT25136	0.9335749846330844
SPT25137	0.9999999989719472
SPT25138	0.9991783004884738
SPT25139	0.9971706100981024
SPT25144	0.9977569574083298
SPT25145	0.9947785169052012
SPT25146	0.965950582763764
SPT25147	0.998071740744051
SPT25148	0.9949447629231306
SPT25149	0.999092739385776
SPT25151	0.996224204077291
SPT25154	0.9998106917673418
SPT25157	0.99596285629568
SPT25158	0.9971436567980578
SPT25159	0.9970846461395172
SPT25160	0.9955363752717552
SPT25162	0.9987426753014976
SPT26227	0.9957845454132628
SPT26228	0.9959880166926676
SPT26229	0.9968440453539932
SPT26230	0.9964557890984528
SPT26232	0.996665687293076
SPT26233	0.996085431613571
SPT26234	0.995516402996782
SPT26235	0.996706078638096
SPT26237	0.9960553311490968
SPT26238	0.9962892546760778
SPT26240	0.9965272617113504
SPT26242	0.9960199106335657
SPT26243	0.996364607955372
SPT26244	0.98010589727117
SPT26248	0.9975221637856172
SPT26254	0.9972152479016724
SPT26256	0.9954491992095892
SPT26258	0.992755020739332
SPT26260	0.9957831602913076
SPT26262	0.9960494424596492
SPT26263	0.6703343401428704
SPT26265	0.9965217168318584
SPT26266	0.996516416481984
SPT26269	0.9963896725256728
SPT26270	0.99346876827755
SPT26273	0.996055651081083
SPT26274	0.9962598022632312
SPT26275	0.996198527382066
SPT26276	0.9960129962508848
SPT26278	0.9965876829221344
SPT26281	0.9961586293224586
SPT26282	0.998035292184932
SPT26283	0.9962932487780652
SPT26286	0.9962013444164384
SPT26288	0.9942486337434118
SPT26289	0.997317093885166
SPT26290	0.99652833584001
SPT26293	0.997369137999368
SPT26294	0.9983561121560656
SPT26295	0.9979654102483724
SPT26296	0.9935661049293564
SPT26300	0.9893493011231702
SPT26302	0.9986471168256288
SPT26304	0.9945879496433776
SPT26305	0.9963006932061368
SPT26307	0.995551919451266
SPT26308	0.9459437616714936
SPT26315	0.9973456717496444
SPT26319	0.993091636266418
SPT26322	0.9964899118374808
SPT26324	0.9948331979790472
SPT26325	0.6551690149957574
SPT26326	0.5851977523655152
SPT26327	0.99413665695416
SPT26329	0.9981439106499936
SPT26331	0.9985977194155612
SPT26335	0.9921487386049144
SPT26336	0.9960619452799376
SPT26337	0.992317278943468
SPT26338	0.9965198493757664
SPT26339	0.996357891448519
SPT26340	0.9964019008808064
SPT26341	0.9966461872209684
SPT26342	0.9948383912988152
SPT26343	0.9990867836980482
SPT26345	0.9979172622991928
SPT26360	0.9967245205675288
SPT26361	0.9967426337466502
SPT26362	0.9991086503273692
SPT26363	0.999950015960867
SPT26364	0.9980926732299852
SPT26366	0.6470117550817733
SPT26367	0.3566537106328939
SPT26369	0.9922970275391148
SPT26370	0.9983300139386432
SPT26371	0.9981532313062348
SPT26372	0.9981828782188512
SPT26374	0.9943960748494416
SPT26375	0.9947372502544752
SPT26380	0.994419762611353
SPT26381	0.8923949439039162
SPT26382	0.7565600530799276
SPT26384	0.9980307857822608
SPT26386	0.9976336563647346
SPT26387	0.99341303548892
SPT26389	0.9986717315583298
SPT26390	0.8652855093929921
SPT26396	0.5165086656161436
SPT26397	0.5026080018766057
SPT26399	0.9967786562587098
SPT26400	0.9935308088822123
SPT26401	0.851987843993617
SPT26402	0.99493183447369
SPT26408	0.997608101109702
SPT26410	0.974589755096228
SPT26413	0.9525440857048528
SPT26415	0.9908834303793896
SPT26418	0.9978386906926492
SPT26424	0.9969642705944832
SPT26426	0.9967974725598336
SPT26427	0.8444382369059455
SPT26428	0.9893015226649604
SPT26429	0.998024430683856
SPT26430	0.9918930766495272
SPT26431	0.9970997037973937
SPT26434	0.7857982636522729
SPT26440	0.6327304794081092
SPT26441	0.9971856591148948
SPT26442	0.9936436874076414
SPT26443	0.9981129312683448
SPT26445	0.9940119110616734
SPT26446	0.8613815951327815
SPT26447	0.5543464746025936
SPT26449	0.9991546029957432
SPT26450	0.9937371525926516
SPT26451	0.935884514795127
SPT26452	0.9975677092609824
SPT26453	0.99819709309459
SPT26454	0.998558208752116
SPT26455	0.9747979724321958
SPT26456	0.8546896234069018
SPT26457	0.770274070876287
SPT26458	0.9924013457539966
SPT26460	0.9991477361263276
SPT26461	0.9988795681161072
SPT26463	0.990618539191666
SPT26464	0.8092253341606129
SPT26465	0.8740748997196116
SPT26466	0.9097452984868064
SPT26468	0.8716533622971027
SPT26469	0.8903038985471873
SPT26470	0.9968469355243764
SPT26478	0.9974277654246172
SPT26480	0.9955767014849752
SPT26483	0.9968609018886072
SPT26484	0.9609783609941884
SPT26486	0.9979478204151356
SPT26487	0.7181835348210006
SPT26489	0.827849698019253
SPT26490	0.9957921217848136
SPT26491	0.9999763349821732
SPT26492	0.674786528422983
SPT26493	0.9977912387121908
SPT26494	0.7353340997928537
SPT26495	0.9969704878455856
SPT26496	0.8473497141280673
SPT26497	0.5496333216036516
SPT26502	0.8461643713313799
SPT26503	0.6244947476655276
SPT26504	0.5571708262236759
SPT26505	0.999285351497182
SPT26506	0.5448669656291405
SPT26507	0.6123473318722863
SPT26508	0.6478922696812617
SPT26509	0.7731162015849842
SPT26510	0.4978352508373672
SPT26511	0.9944287520004792
SPT26512	0.992205363020419
SPT26513	0.7959482926615942
SPT26514	0.6069992682709462
SPT26515	0.7009096214902585
SPT26516	0.991001768145322
SPT26517	0.9039209429770136
SPT26518	0.99497765031291
SPT26519	0.9961547624998064
SPT26520	0.9996328468845156
SPT26521	0.9968062617756088
SPT26522	0.9987805941375412
SPT26523	0.967972484981412
SPT26524	0.9991028968451022
SPT26525	0.9990560969520234
SPT26526	0.9993754544161714
SPT26527	0.7519972066468821
SPT26528	0.999649298756021
SPT26529	0.999334184091498
SPT26530	0.9958370864589018
SPT26531	0.7626303305008324
SPT26532	0.993355664407906
SPT26533	0.9991665677913002
SPT26534	0.8462905132159194
SPT26535	0.6636501664729475
SPT26536	0.7931006543722414
SPT26537	0.8609371436953932
SPT26538	0.9983287242618996
SPT26539	0.9988768789242884
SPT26540	0.5426592134011603
SPT26541	0.7525098012568365
SPT26542	0.87864319081356
SPT26545	0.7352174882056898
SPT26546	0.7345063842090169
SPT26547	0.7212296955678473
SPT26548	0.7561640062096093
SPT26549	0.8822040098703692
SPT26551	0.9900786884890762
SPT26554	0.9945205286189952
SPT26555	0.4220782367785298
SPT26557	0.7629832080721815
SPT26558	0.9685602299698084
SPT26559	0.6422945202388699
SPT26560	0.9935974028088908
SPT26561	0.9296832586009552
SPT26563	0.7534720044028045
SPT26564	0.5979740786863424
SPT26566	0.8684391806628398
SPT26569	0.8983291901442889
SPT26572	0.9931721841612684
SPT26573	0.9649181131779484
SPT26575	0.4374471656776709
SPT26576	0.8537785516739511
SPT26577	0.9872333502123274
SPT26579	0.6488598355031416
SPT26580	0.6413194591793431
SPT26581	0.697284930597284
SPT26583	0.9916524326303436
SPT26584	0.9037121865544068
SPT26585	0.9956627242901784
SPT26586	0.744144871454689
SPT26588	0.4276898911127205
SPT26589	0.5078297276746608
SPT26591	0.9928072744790146
SPT26594	0.9982389932240072
SPT26595	0.9949806479018568
SPT26601	0.9422961183617972
SPT26602	0.9942967607835076
SPT26603	0.6586879421712356
SPT26605	0.998137727562015
SPT26612	0.9927623913308932
SPT26613	0.7030062410567341
SPT26615	0.5379394213891996
SPT26616	0.9947410557248476
SPT26618	0.9914656414249028
SPT26619	0.9882725435775744
SPT26621	0.991168824970326
SPT26623	0.9977315381504772
SPT26624	0.9360402117482944
SPT26625	0.6907178802512766
SPT26626	0.9937336789523944
SPT26627	0.5980414050125369
SPT26628	0.5335699427578349
SPT26629	0.9938786410236472
SPT26630	0.9976976570847472
SPT26633	0.9983916316753594
SPT26634	0.9830635522943176
SPT26635	0.7273233764248381
SPT26638	0.9965055795107454
SPT26640	0.9602921304068044
SPT26642	0.3916303322079797
SPT26833	0.8358826941384959
SPT26835	0.8558981354373716
SPT26837	0.8438334600267617
SPT26846	0.7697396614355153
SPT26847	0.7863736645838717
SPT26849	0.9990927953592992
SPT26853	0.841909552964311
SPT26857	0.999599982259378
SPT26859	0.9993788225673224
SPT26860	0.9438951133864376
SPT26861	0.797356979382935
SPT26862	0.8021727841573031
SPT26864	0.9180565654477856
SPT26865	0.7833669015843856
SPT26866	0.9990881030154998
SPT26867	0.9818552927317652
SPT26868	0.9931255274671916
SPT26870	0.8730186079864557
SPT26874	0.8210966419062837
SPT26875	0.9967232900446912
SPT26877	0.5250284212266538
SPT26878	0.9530825925158078
SPT26879	0.9842031142874236
SPT26883	0.7901779985276745
SPT26884	0.8093562939904466
SPT26885	0.8699819275447933
SPT26886	0.8315486643968215
SPT26888	0.6707995412216747
SPT26889	0.997734098489463
SPT26891	0.989913925078491
SPT26892	0.9941885274347494
SPT26894	0.9994776691143068
SPT26895	0.6259726724356784
SPT26897	0.7465928976683169
SPT26899	0.9951564564453156
SPT26900	0.9256380004340622
SPT26904	0.991195824466981
SPT26906	0.9756530166176228
SPT26907	0.7694117100069782
SPT26908	0.9993391911453154
SPT26909	0.6204857709079157
SPT26910	0.998595423429718
SPT26911	0.8932601902972459
SPT26915	0.9998808024041836
SPT26918	0.6914628413778537
SPT26919	0.9505229189323646
SPT26922	0.9962273921629382
SPT26925	0.9875140023813144
SPT26926	0.999871471572858
SPT26927	0.8429646403757137
SPT26928	0.892865977740868
SPT26929	0.5505571739904953
SPT26931	0.8065839894977964
SPT26932	0.940726662278622
SPT26935	0.5216086546349886
SPT26936	0.5431296066804123
SPT26937	0.9784729114200732
SPT26938	0.774047474495452
SPT26939	0.7108743815603056
SPT26940	0.999178533155168
SPT26942	0.9985297586246478
SPT26943	0.997811494028022
SPT26944	0.9980427014109946
SPT26945	0.656019253677123
SPT26946	0.5448479361822476
SPT26947	0.7964047617794169
SPT26950	0.679393261830444
SPT26951	0.6068551071498853
SPT26955	0.6472342474059221
SPT26961	0.8645074782736004
SPT26963	0.8798832646910106
SPT26968	0.8947177359399672
SPT26972	0.7374970692020777
SPT26973	0.7304320050512512
SPT26976	0.998466886771068
SPT26978	0.9978447247654288
SPT26979	0.5396156194759778
SPT34224	0.9998648570736068
SPT34225	0.9999999988122216
SPT34226	0.9998458819313508
SPT34227	0.9999999999386182
SPT34229	0.9984829424229068
SPT34230	0.9993765850440582
SPT34231	0.9998053986912748
SPT34232	0.9999999991461408
SPT34233	0.9996160708158264
SPT34234	0.999609095073074
SPT34235	0.99945540150532
SPT34236	0.9998676424495097
SPT34237	0.9992171213635982
SPT34238	0.99999999952141
SPT34239	0.9994320306803736
SPT34240	0.9994274905332724
SPT34241	0.7598614421918564
SPT34242	0.9992886185987588
SPT34243	0.99989788324835
SPT34244	0.9978036456619704
SPT34245	0.9968840646295204
SPT34246	0.99923668012751
SPT34247	0.9998330507022016
SPT34248	0.9999999994690943
SPT34249	0.99860475349286
SPT34250	0.9992108800312802
SPT34251	0.9993102319377156
SPT34252	0.8946375913231307
SPT34253	0.9992906495025202
SPT34254	0.9985953099537016
SPT34255	0.938436723476804
SPT34256	0.9998577840156316
SPT34257	0.9993290656386584
SPT34258	0.998942383392748
SPT34259	0.9984905865936848
SPT34260	0.9992644844516172
SPT34261	0.999030137015464
SPT34262	0.9507502060138018
SPT34263	0.9990067808873716
SPT34264	0.9995139963765968
SPT34265	0.9994323784495698
SPT34266	0.9967572470915304
SPT34267	0.999999997561528
SPT34269	0.9999999979114398
SPT34270	0.999735324046318
SPT34271	0.9991637256471128
SPT34272	0.9990882055657848
SPT34273	0.9999734233654538
SPT34274	0.9994356255276796
SPT34275	0.9999999973488828
SPT34276	0.7012874079661867
SPT34279	0.9460049019090118
SPT34280	0.9998898941944654
SPT34281	0.9673651182261588
SPT34283	0.9999999992096344
SPT34284	0.9986991175469688
SPT34285	0.9992449142463388
SPT34286	0.999971970772172
SPT34287	0.9999510898288358
SPT34288	0.9999999978667492
SPT34289	0.9998537886301362
SPT34290	0.9999550877261107
SPT34292	0.998518821320118
SPT34293	0.9015715140094755
SPT34294	0.9996975841611516
SPT34295	0.9999999982474808
SPT34296	0.9999999990673484
SPT34297	0.999705958599176
SPT34298	0.9993708978894944
SPT34299	0.9991739655298092
SPT34300	0.999604487938464
SPT34301	0.9999824143641864
SPT34302	0.8410773166857783
SPT34303	0.9994111994301866
SPT34304	0.9994969653686055
SPT34307	0.999986211384728
SPT34308	0.9999672174012668
SPT34309	0.999654501146156
SPT34310	0.9998443544585592
SPT34311	0.9999999975989258
SPT34312	0.9993591557654214
SPT34314	0.9981583175094332
SPT34315	0.9997925702290557
SPT34316	0.9997339166274596
SPT34317	0.8423943132131779
SPT34318	0.9999999994902976
SPT34319	0.9999999988923278
SPT34320	0.9996987280034744
SPT34321	0.9995039881988595
SPT34322	0.999999998836656
SPT34323	0.9989030832044556
SPT34324	0.9990717962799188
SPT34325	0.9999999984272548
SPT34327	0.9902823631199714
SPT34328	0.9999999981387306
SPT34330	0.999954404296258
SPT34331	0.9999999985582388
SPT34332	0.9999999981111476
SPT34334	0.9996971645724144
SPT34335	0.9992335701082206
SPT34336	0.9999999980950908
SPT34337	0.9996119163314048
SPT34338	0.9999999974951728
SPT34340	0.8091203549427148
SPT34344	0.9991797783022548
SPT34345	0.8540257734331038
SPT34349	0.8986243554549681
SPT34352	0.9981396306330164
SPT34353	0.9961784215277036
SPT34355	0.9954665033313154
SPT34356	0.3926994066749546
SPT34357	0.8383302722370107
SPT34358	0.7944642390453278
SPT34359	0.8670231120338048
SPT34362	0.5232727771168826
SPT34363	0.9991147189680212
SPT34366	0.9171798307937704
SPT34368	0.9038957140292364
SPT34369	0.9978261080258056
SPT34370	0.6083828555095511
SPT34371	0.8112271201250016
SPT34372	0.9264746872006556
SPT34373	0.9992863444487904
SPT34377	0.9974618064593396
SPT34378	0.7474736159318971
SPT34379	0.9999999990528394
SPT34380	0.94731983489143
SPT34381	0.9120844401814222
SPT34382	0.9983252459325924
SPT34383	0.9998161941445906
SPT34386	0.9983178180755689
SPT34387	0.9986410161211372
SPT34388	0.9975895254896472
SPT34389	0.5651052848475466
SPT34390	0.9625699928213398
SPT34391	0.9988277549875724
SPT34393	0.8223774012626028
SPT34394	0.9995949496925166
SPT34395	0.9062571340123318
SPT34396	0.5993064870404448
SPT34398	0.3985146565245331
SPT34399	0.996453040544276
SPT34400	0.7413732577362998
SPT34402	0.9986891546584586
SPT34404	0.9602587213540904
SPT34405	0.9577543290850824
SPT34406	0.999790603669218
SPT34407	0.9997229738221116
SPT34408	0.8809036601382003
SPT34410	0.9881502950982172
SPT34411	0.92242367902344
SPT34412	0.8028110236735754
SPT34413	0.9230062547586404
SPT34414	0.8218379193769967
SPT34415	0.9994785768438574
SPT34416	0.9993281575985162
SPT34417	0.9979085355327152
SPT34418	0.9977449278650006
SPT34420	0.9998398638999652
SPT34421	0.9996770599667892
SPT34424	0.8699868368743444
SPT34426	0.8218043619518457
SPT34427	0.7256854751250339
SPT34428	0.9964992576786802
SPT34429	0.995954629862926
SPT34431	0.9477308639128592
SPT34433	0.5823305976617223
SPT34434	0.9979855982451308
SPT34435	0.9996249590848956
SPT34436	0.8784640147423473
SPT34437	0.9973542225986932
SPT34438	0.9996951318448174
SPT34439	0.9993974811647414
SPT34440	0.9991305126742452
SPT34441	0.6998503514281179
SPT34443	0.9994946827322388
SPT34444	0.9976932900241978
SPT34445	0.9978659041541896
SPT34449	0.9990757025435588
SPT34450	0.8586263510946126
SPT34451	0.9974547841130748
SPT34452	0.9444544835477556
SPT34453	0.910050331720484
SPT34459	0.8541136958724407
SPT34460	0.8260373558707279
SPT34461	0.9390740568486472
SPT34463	0.9994380170119876
SPT34464	0.9989584387644446
SPT34465	0.7179382240485794
SPT34466	0.7370679918582304
SPT34467	0.9968080106448742
SPT34468	0.7491922756270359
SPT34469	0.9134344603195764
SPT34470	0.9988855400748936
SPT34471	0.9981371888385564
SPT34472	0.9974984234692256
SPT34473	0.4954872363424293
SPT34474	0.98918528776907
SPT34475	0.9970391036732372
SPT34476	0.6574839981648868
SPT34479	0.9669154214348868
SPT34480	0.4575134522521594
SPT34481	0.9870153396257254
SPT34482	0.9995990074431194
SPT34484	0.9982696798471736
SPT34485	0.4361214930054137
SPT34486	0.7071031981025787
SPT34487	0.4719867121650724
SPT34489	0.999567438655668
SPT34490	0.7218440442465065
SPT34491	0.9970864674887022
SPT34492	0.998252735023406
SPT34493	0.7716993120974566
SPT34494	0.6931987052098605
SPT34495	0.9954546627865162
SPT34496	0.9957466337949408
SPT34497	0.9989728978148704
SPT34498	0.6239451402997518
SPT34499	0.6182532545374577
SPT34500	0.738504723555289
SPT34501	0.9248904506621544
SPT34502	0.8410003558315597
SPT34503	0.999601251614594
SPT34504	0.6791832020390576
SPT34507	0.9996359554779928
SPT34508	0.8067723643910337
SPT34509	0.6810449487384358
SPT34510	0.9995564669380694
SPT34512	0.997396706766937
SPT34513	0.9978413738894866
SPT34514	0.5304123324770195
SPT34515	0.916280166465397
SPT34517	0.9997626880491336
SPT34518	0.9994049128646836
SPT34519	0.9978487902335976
SPT34520	0.9968804506561392
SPT34521	0.7490115916035774
SPT34522	0.8648980666582882
SPT34523	0.9949093286229228
SPT34524	0.9435109349018812
SPT34526	0.8207728051307228
SPT34528	0.9991133021548334
SPT34529	0.8018327683240007
SPT34530	0.99873635572593
SPT34532	0.9999750704797437
SPT34533	0.9999999967908936
SPT34534	0.8640556880869548
SPT34537	0.9977413954921563
SPT34538	0.97846905127799
SPT34540	0.9479040592415746
SPT34542	0.6904230600323007
SPT34543	0.9926373253942932
SPT34545	0.930203620287068
SPT34546	0.9652728561580828
SPT34547	0.9999999992729276
SPT34548	0.9997421448990738
SPT34549	0.9787185537066492
SPT34551	0.9408203869119206
SPT34552	0.9201931394057576
SPT34553	0.9977891949437568
SPT34554	0.999969247314325
SPT34555	0.7436679571732785
SPT34556	0.8499832846587879
SPT34557	0.805850357767856
SPT34559	0.9999999990856774
SPT34560	0.9993488244470384
SPT34561	0.9999999958249562
SPT34563	0.919968484172561
SPT34564	0.9375669721828916
SPT34565	0.8268989279497807
SPT34566	0.9994765371133584
SPT34567	0.999860838081978
SPT34568	0.871276129686276
SPT34569	0.9141557201952496
SPT34570	0.9994599304236274
SPT34571	0.9996445258196208
SPT34572	0.9993764277413156
SPT34573	0.9965016909749476
SPT34574	0.99988923577744
SPT34575	0.9996040703316392
SPT34577	0.99446755531351
SPT34578	0.9997704189788948
SPT34579	0.9872230264972012
SPT34580	0.9958126640842926
SPT34582	0.9992708304636724
SPT34583	0.9997232751335884
SPT34584	0.8573420030642886
SPT34585	0.7550639592075566
SPT34586	0.9805350861752294
SPT34587	0.9988545475347488
SPT34588	0.9993547233194786
SPT34589	0.999749723335756
SPT34590	0.9355155047620188
SPT34591	0.9994431056951422
SPT34593	0.999407891502982
SPT34594	0.6370328371400796
SPT34595	0.938890974010169
SPT34596	0.9078675182871924
SPT34597	0.9877649185685654
SPT34598	0.6954272924206237
SPT34599	0.9997876978258116
SPT34600	0.9983284862698362
SPT34601	0.9996203649142
SPT34602	0.8814295792063905
SPT34603	0.9794621501409404
SPT34605	0.6882675199432271
SPT34606	0.9681907712374088
SPT34607	0.7700271180859082
SPT34608	0.7054104013556851
SPT34610	0.9329437552234824
SPT34611	0.9997494591964884
SPT34612	0.9977674321626906
SPT34614	0.9982823943096164
SPT34615	0.7751463016260707
SPT34616	0.7645827345078999
SPT34618	0.9797063116115534
SPT34620	0.8316726121029733
SPT34621	0.9732293494220006
SPT34622	0.8970651722470596
SPT34623	0.8239841440515392
SPT34624	0.969482789272438
SPT34625	0.9990299065744204
SPT34626	0.999999997668544
SPT34627	0.940426134092704
SPT34628	0.9127207899622392
SPT34629	0.9995654362023888
SPT34630	0.9996895664353888
SPT34631	0.9996813384963008
SPT34632	0.9982983507871588
SPT34663	0.8169658961700214
SPT34664	0.9989386081700978
SPT34665	0.9795203644182332
SPT34667	0.8214290258181631
SPT34668	0.9999999971556652
SPT34669	0.9999999997300602
SPT34670	0.9995044447005084
SPT34671	0.9963319906764824
SPT34672	0.5652377652886327
SPT34673	0.6922672322961054
SPT34674	0.7065791966614309
SPT34675	0.994824503480628
SPT34676	0.8875827706163317
SPT34677	0.6156372857182003
SPT34678	0.9994312424660008
SPT34679	0.9820572837737084
SPT34680	0.8894977478726951
SPT34687	0.7267602587830971
SPT34688	0.9993749552277358
SPT34689	0.7620935389957166
SPT34690	0.961335212091491
SPT34691	0.9997746613953434
SPT34692	0.8096490513334005
SPT34693	0.9670913354614284
SPT34694	0.8134928277597644
SPT34695	0.8692601832904051
SPT34696	0.7940398730322165
SPT34697	0.9964488886410752
SPT34698	0.8971989865231862
SPT34700	0.9973875163517046
SPT34701	0.9975315554893672
SPT34703	0.7684722185080197
SPT34705	0.9986405291113876
SPT34706	0.997512141603546
SPT34707	0.9990352911464432
SPT34708	0.9993941046511812
SPT34709	0.9992349718215888
SPT34710	0.9988991706866456
SPT34712	0.999161455438177
SPT34713	0.8497938378612799
SPT34714	0.772783417842037
SPT34715	0.9990865114498684
SPT34716	0.8592935210763919
SPT34717	0.8757997738678548
SPT34718	0.7824672847071077
SPT34719	0.8462314287853065
SPT34721	0.9991292545675244
SPT34722	0.999999996067355
SPT34723	0.9932669052084004
SPT34725	0.9753326462067852
SPT34726	0.84338074315799
SPT34727	0.9998446129032093
SPT34728	0.9971200545972204
SPT34729	0.9160524515844534
SPT34730	0.9998363660069608
SPT34731	0.9932132983004708
SPT34732	0.999393160331568
SPT34736	0.999846904829187
SPT34737	0.9993749546019174
SPT34738	0.9991984998633126
SPT34739	0.8446632832773833
SPT34740	0.9985486054448254
SPT34741	0.811581114643436
SPT34743	0.5997989695167318
SPT34744	0.9277242650149328
SPT34746	0.9999999956202495
SPT34747	0.999868887911988
SPT34748	0.9999414648574954
SPT34749	0.999141871117705
SPT34750	0.9997862808142356
SPT34757	0.6796477012192712
SPT34759	0.9981439974874466
SPT34760	0.9979974562510964
SPT34761	0.9976492841827016
SPT34762	0.9902800664350572
SPT34763	0.9993636490034432
SPT34765	0.9988414096019316
SPT34766	0.9998180818247832
SPT34767	0.9999999980906612
SPT34768	0.8375269902256941
SPT34769	0.662292435133907
SPT34770	0.99929682473654
SPT34771	0.999391032228882
SPT34772	0.9970016838329612
SPT34773	0.9995932815527542
SPT34774	0.9970603818829828
SPT34775	0.9392592435386412
SPT34776	0.9788414120951316
SPT34777	0.99935291163071
SPT34778	0.9999925592126632
SPT34779	0.999418361137465
SPT34780	0.999869341056089
SPT34781	0.9990651511154736
SPT34782	0.9999999965519292
SPT34783	0.9201960050236034
SPT34784	0.9166806851676406
SPT34785	0.9869692677918108
SPT34786	0.9984267476460694
SPT34787	0.9992567659520536
SPT34788	0.8369291722061782
SPT34789	0.999132691588964
SPT34790	0.99930742782793
SPT34791	0.965856588081428
SPT34792	0.5501304524646233
SPT34793	0.6707637102760087
SPT34794	0.9992391159188864
SPT34796	0.6734338840431794
SPT34797	0.996833890573558
SPT34798	0.8558096158966753
SPT34799	0.8312875375250084
SPT34800	0.9982252590536328
SPT34801	0.6555411427078288
SPT34803	0.9366489429381684
SPT34804	0.9993974221216864
SPT34805	0.99947966754096
SPT34806	0.9999999986749208
SPT34807	0.7630505285808669
SPT34808	0.9994267243278188
SPT34809	0.6627087814664786
SPT34810	0.999450855739502
SPT34811	0.8623616362076265
SPT34812	0.999495501536528
SPT34813	0.9158147867123908
SPT34815	0.873317699742581
SPT34816	0.8961617146549303
SPT34817	0.7750723727088219
SPT34818	0.8024226617407099
SPT34819	0.9983559208912152
SPT34820	0.9736755226576228
SPT34821	0.8364117764802735
SPT34822	0.9981944028477344
SPT34823	0.9646311469000306
SPT34824	0.997796599205931
SPT34825	0.9625424412259402
SPT34826	0.9980516269666778
SPT34827	0.953419945573675
SPT34828	0.9939299250994894
SPT34830	0.99946421338634
SPT34831	0.9957006482059992
SPT34832	0.9998687940734402
SPT34833	0.9992690378188528
SPT34834	0.9936107320559676
SPT34835	0.9990611334930284
SPT34836	0.7505060362501619
SPT34837	0.96072979717046
SPT34838	0.7250875427529844
SPT34839	0.8125011390733378
SPT34840	0.3649473479897591
SPT34841	0.7721468908423135
SPT34844	0.4303501766551181
SPT34845	0.9938140936179956
SPT34846	0.437806554184362
SPT34848	0.3248900280137351
SPT34849	0.9922470621679372
SPT34850	0.9736899179412252
SPT34851	0.9598022653485628
SPT34852	0.7072065823924526
SPT34853	0.4439082432576225
SPT34854	0.3161817090993382
SPT34857	0.9972024054889594
SPT34858	0.7446839590839098
SPT34860	0.5442819121329713
SPT34861	0.8395853450559326
SPT34863	0.7037187594248981
SPT34864	0.8260567023120199
SPT34865	0.3822914948185616
SPT34866	0.7599044891733286
SPT34867	0.7185907438799211
SPT34868	0.706749962458854
SPT34869	0.6865423344920805
SPT34871	0.2952275118610332
SPT34872	0.9861230075719754
SPT34873	0.4608160596029194
SPT34875	0.4423239531844788
SPT34876	0.928475991483451
SPT34877	0.9985416087125972
SPT34879	0.5457948776141774
SPT34881	0.7188789621761584
SPT34882	0.4381236128172747
SPT34884	0.7085918310851047
SPT34885	0.9931759677845968
SPT34886	0.8199664608306149
SPT34887	0.6026307267569809
SPT34889	0.6668972185387668
SPT34890	0.9644994678146088
SPT34891	0.4376151776575672
SPT34892	0.7482092913210773
SPT34893	0.7046153017460943
SPT34894	0.3901966298104306
SPT34895	0.3609652049010085
SPT34896	0.738428158657477
SPT34898	0.4878712663683514
SPT34900	0.9788839289227343
SPT34901	0.5509375318843803
SPT34902	0.5056103642463086
SPT34903	0.6729065217549148
SPT34904	0.9667567338840736
SPT34905	0.6416064699942676
SPT34906	0.7179633739842095
SPT34908	0.7026425977338506
SPT34909	0.7846769628197495
SPT34910	0.6903454049326845
SPT34912	0.9975093379422416
SPT34914	0.999140954377026
SPT34915	0.4700205372784739
SPT34916	0.3658902302861068
SPT34918	0.5644905463159062
SPT34920	0.6755549073857193
SPT34922	0.3063118847123942
SPT34924	0.874166650359237
SPT34926	0.9565441386278016
SPT34927	0.9226421635201528
SPT34929	0.998866211926686
SPT34930	0.8988025154625318
SPT34931	0.922231663578006
SPT34933	0.3342379830213007
SPT34934	0.6139984570615964
SPT34936	0.9998764375923924
SPT34937	0.9184278907358232
SPT34938	0.5668959036700997
SPT34940	0.9989063575795796
SPT34943	0.997415317664128
SPT34944	0.875527688876017
SPT34945	0.9975967725838328
SPT34946	0.731985473314055
SPT34947	0.2890937253182281
SPT34950	0.703433374098261
SPT34952	0.9871754613801385
SPT34953	0.6912983082513545
SPT34955	0.9849558927466604
SPT34956	0.4639061406235271
SPT34957	0.4908374394937008
SPT34958	0.5234385261574452
SPT34959	0.8944359750803006
SPT34960	0.7522492413793711
SPT34961	0.9779617616133892
SPT34964	0.3671502289411713
SPT34969	0.9995011833206576
SPT34970	0.4990518152318097
SPT34971	0.5610374530942215
SPT34972	0.6104389728225588
SPT34974	0.9736558282891796
SPT34976	0.2349116941178205
SPT34977	0.996759633843492
SPT34979	0.8438881083110376
SPT34980	0.5566848823678585
SPT34981	0.7624514874481989
SPT34983	0.8485331621910289
SPT34985	0.6034212657512665
SPT34987	0.2481498784707159
SPT34988	0.9143219342364424
SPT34989	0.9753242439196288
SPT34990	0.9995206998600772
SPT34991	0.67837236626386
SPT34993	0.5617976717456035
SPT34994	0.9921520241835262
SPT34996	0.7072060018720687
SPT34997	0.4983407285682014
SPT35000	0.7174471456406599
SPT35001	0.4550894847280561
SPT35004	0.2835434731132736
SPT35005	0.9931819802863447
SPT35008	0.6343873146169621
SPT35009	0.9948525312442578
SPT35011	0.5758629061609002
SPT35012	0.8027549931714069
SPT35014	0.987460440728992
SPT35015	0.3563996975511567
SPT35017	0.4210014453684275
SPT35018	0.6879859388321659
SPT35019	0.9998859565125962
SPT35020	0.407112845850139
SPT35021	0.9991722532750588
SPT35023	0.4453540964067588
SPT35026	0.6221713977256607
SPT35028	0.9999999965492228
SPT35030	0.9755189133065104
SPT35031	0.8027473528735155
SPT35032	0.7352335218183466
SPT35033	0.8144681254858761
SPT35036	0.9346277658273612
SPT35037	0.8473133466235633
SPT35038	0.9750297845944296
SPT35039	0.9984812923745204
SPT35040	0.9405323608667104
SPT35042	0.9959740289888456
SPT35044	0.6819411253440886
SPT35045	0.7597680573278373
SPT35047	0.5876114731323536
SPT35050	0.9972575593391856
SPT35052	0.7293153718573242
SPT35060	0.4677610143189057
SPT35065	0.9972577215872974
SPT35066	0.7847212562367152
SPT35069	0.9920667695437184
SPT35070	0.9973752480472844
SPT35071	0.9972854523400158
SPT35072	0.9978520402670678
SPT35077	0.6969873342699042
SPT35078	0.9945692546332612
SPT35079	0.9931274339197268
SPT35080	0.9971158257934738
SPT35085	0.8598876752783933
SPT35087	0.9938382841637116
SPT35091	0.997217638775264
SPT35092	0.995651360505182
SPT35093	0.9915940266930264
SPT35094	0.99716186523843
SPT35096	0.5793991372221501
SPT35099	0.996166303893145
SPT35101	0.7941530820581514
SPT35102	0.9309659262449148
SPT35103	0.483907426527669
SPT35104	0.8217138060548177
SPT35105	0.6590981349738725
SPT35106	0.9945159494753292
SPT35107	0.6684155494360191
SPT35109	0.9974451262807276
SPT35114	0.9990424396455264
SPT35115	0.9488910552942214
SPT35116	0.8358239209885413
SPT35117	0.9771920823707722
SPT35121	0.6582262356823791
SPT35125	0.9455323415345874
SPT35128	0.6460051973218258
SPT35130	0.9935176586977116
SPT35132	0.8836017540923806
SPT35133	0.947697793804058
SPT35134	0.8333686565840198
SPT35135	0.998413706691322
SPT35136	0.9325062702063592
SPT35137	0.994905409354782
SPT35139	0.8182507975103922
SPT35140	0.8071396381269538
SPT35141	0.995531446909368
SPT35142	0.9966814387885352
SPT35145	0.9960919187103446
SPT35147	0.993760209592046
SPT35148	0.972508924433254
SPT35149	0.8602840839869041
SPT35150	0.9170198825863192
SPT35151	0.9450199878735118
SPT35152	0.9924301496534448
SPT35153	0.8105019852000994
SPT35154	0.9994153633659963
SPT35155	0.7713313193360429
SPT35156	0.8521098844081771
SPT35157	0.9968042382649188
SPT35158	0.7784299159192571
SPT35159	0.9986350932825808
SPT35160	0.83645484910983
SPT35161	0.9986474968491847
SPT35162	0.9994197385023368
SPT35163	0.9956161209938632
SPT35164	0.8941492090366995
SPT35165	0.7261493540669108
SPT35166	0.9946138626033147
SPT35167	0.9967483331313868
SPT35168	0.9960849834857196
SPT35169	0.8588342383587068
SPT35170	0.999188984279182
SPT35171	0.9971514170850484
SPT35172	0.8616981113697382
SPT35173	0.9949971387795028
SPT35174	0.998882077045386
SPT35175	0.993858634580818
SPT35176	0.9976465041853972
SPT35177	0.994252182245094
SPT35178	0.6967180865199385
SPT35179	0.997241959109932
SPT35180	0.998388826292354
SPT35181	0.784703266537093
SPT35182	0.9945256271153176
SPT35183	0.9943628092242552
SPT35185	0.998198481573112
SPT35186	0.9962294975467052
SPT35187	0.9948605288049585
SPT35188	0.993886904849292
SPT35189	0.9976701339549936
SPT35190	0.9972658319940342
SPT35191	0.9937801525830798
SPT35192	0.9948772013184064
SPT35193	0.9999638893072887
SPT35194	0.8145389358077828
SPT35197	0.999999996992346
SPT35198	0.9958599296488684
SPT35199	0.9943578132734788
SPT35200	0.5932086122836477
SPT35201	0.9965724684718528
SPT35202	0.6242908451577477
SPT35204	0.9952164078532536
SPT35206	0.9935470595877977
SPT35207	0.8356147540489859
SPT35208	0.9961280826264778
SPT35209	0.9965677204237492
SPT35210	0.9984644170088256
SPT35211	0.9946532389279508
SPT35212	0.9997577966336147
SPT35213	0.9963726551641118
SPT35214	0.8567907071786767
SPT35216	0.9183809366457404
SPT35217	0.9941205739508704
SPT35218	0.7735115515475379
SPT35219	0.993328567875382
SPT35220	0.997453737304898
SPT35221	0.9948319560765008
SPT35222	0.994248801565258
SPT35223	0.9934550334545712
SPT35224	0.9943748112193066
SPT35227	0.9972202054860876
SPT35228	0.9954089810115416
SPT35229	0.9932383210499016
SPT35230	0.9940024270741952
SPT35231	0.9945134614346418
SPT35232	0.99527052654239
SPT35233	0.9017955983592
SPT35234	0.9943643473236063
SPT35235	0.9989295989525224
SPT35236	0.997387373041489
SPT35237	0.9953139278529228
SPT35238	0.9726332633985996
SPT35239	0.9981309399219584
SPT35240	0.8022542665882664
SPT35241	0.9954144021391252
SPT35243	0.8549367943332586
SPT35244	0.9952053356149472
SPT35245	0.8821048346986242
SPT35246	0.9906227659735036
SPT35247	0.8290591841853957
SPT35248	0.9942317312458766
SPT35249	0.9952502064696216
SPT35250	0.935844835194812
SPT35251	0.991615170267507
SPT35252	0.9956011583702276
SPT35253	0.9984314585920044
SPT35254	0.9437285996547148
SPT35255	0.9938597185584476
SPT35256	0.7720778429089639
SPT35257	0.9910909175206256
SPT35258	0.9957817363779544
SPT35260	0.9942999545091892
SPT35261	0.9956792438664456
SPT35262	0.9966682421888252
SPT35263	0.9810413783713088
SPT35264	0.995452936935537
SPT35265	0.998063649930022
SPT35266	0.9991492900079412
SPT35267	0.9967805565148324
SPT35268	0.9914128888062782
SPT35269	0.9965086442492472
SPT35270	0.991036993719104
SPT35271	0.991516018868347
SPT35272	0.8733082239927656
SPT35274	0.9947553280306596
SPT35275	0.9936797968816776
SPT35276	0.9798807825057856
SPT35277	0.9997652427025568
SPT35278	0.9989405989258138
SPT35279	0.5498511825609347
SPT35280	0.9937182143422212
SPT35281	0.823124966251494
SPT35282	0.546543064570147
SPT35283	0.991981997183677
SPT35284	0.6073741668938218
SPT35285	0.9972938134897558
SPT35286	0.9956540144275025
SPT35287	0.993540947075447
SPT35288	0.9916607463960342
SPT35289	0.9924701842368484
SPT35290	0.9931404105458478
SPT35291	0.9973368263252628
SPT35293	0.9982367343114592
SPT35294	0.9920988041135532
SPT35295	0.9910513025397388
SPT35296	0.9981954367471904
SPT35297	0.9952869084282095
SPT35298	0.9948909827133284
SPT35299	0.9910047525501218
SPT35300	0.9904954272168488
SPT35301	0.965316241053623
SPT35302	0.9299173193444163
SPT35303	0.9985412156669312
SPT35304	0.9950636885629118
SPT35306	0.9936787517796016
SPT35308	0.9944513902090328
SPT35309	0.9972826415444463
SPT35310	0.9988825044379428
SPT35313	0.9979279391936744
SPT35315	0.9922544817821728
SPT35316	0.9974996198900408
SPT35317	0.9925008298579804
SPT35318	0.99574739769421
SPT35320	0.9998690276974816
SPT35321	0.9995059477138876
SPT35322	0.9956058079503832
SPT35323	0.9933124727673632
SPT35324	0.9955764297657766
SPT35325	0.9523982857647232
SPT35328	0.994014913339058
SPT35330	0.9905814969191348
SPT35331	0.9956170877114912
SPT35332	0.9728113423337976
SPT35333	0.9977312867501812
SPT35334	0.8028617517042214
SPT35336	0.9972456437062384
SPT35337	0.849126916534414
SPT35338	0.9944432431434744
SPT35339	0.9014628756723808
SPT35340	0.9930907306586262
SPT35341	0.8229658420757617
SPT35342	0.9938467944154908
SPT35344	0.9353495277202633
SPT35346	0.9953326911044676
SPT35347	0.9997891173378688
SPT35348	0.9451214406319468
SPT35349	0.994720702677928
SPT35351	0.9998695742969828
SPT35352	0.9951559945649632
SPT35354	0.9945916010249356
SPT35355	0.9944750223488432
SPT35356	0.9956791111685076
SPT35357	0.9808687907667716
SPT35360	0.9993797407208308
SPT35361	0.99877353849018
SPT35362	0.99150929151645
SPT35363	0.9967117436997608
SPT35364	0.991011346619332
SPT35365	0.9927762683314244
SPT35366	0.8791149435232304
SPT35368	0.9946413777680267
SPT35369	0.99398505916478
SPT35370	0.9792270151283138
SPT35372	0.9982684925522468
SPT35373	0.5561619924615671
SPT35374	0.996908036141152
SPT35377	0.991148242847528
SPT35378	0.5973987815246047
SPT35379	0.9871510544282768
SPT35382	0.991772987165294
SPT35384	0.9936172776564408
SPT35389	0.991275434994034
SPT35390	0.9983416578347956
SPT35405	0.9728396349362196
SPT35407	0.9445093763631208
SPT35410	0.9986937857145198
SPT35412	0.998904205807448
SPT35414	0.9987574461379934
SPT35417	0.9930985551070926
SPT35418	0.9983589969044848
SPT35419	0.9974233223262644
SPT35420	0.9951688334786668
SPT35423	0.9965842028388404
SPT35424	0.9970902446726262
SPT35425	0.9338529584035318
SPT35427	0.9998687876391614
SPT35430	0.999494417139086
SPT35431	0.999539188571996
SPT35435	0.996048722660174
SPT35436	0.9610123145366244
SPT35437	0.9934479300636072
SPT35440	0.99985647203747
SPT35443	0.9996280958166628
SPT35444	0.9938055299563994
SPT35446	0.9996043853150918
SPT35447	0.99864537757511
SPT35448	0.9546728213388392
SPT35449	0.9988547378683024
SPT35450	0.9990495612066608
SPT35453	0.8680076262501015
SPT35458	0.5267390018970737
SPT35459	0.5348179446305301
SPT35461	0.7439097314048325
SPT35462	0.9963548701315325
SPT35463	0.9984427241862506
SPT35467	0.997971424392403
SPT35468	0.9513959758198104
SPT35469	0.7951175683375029
SPT35470	0.997493468988482
SPT35471	0.7016371081201077
SPT35472	0.9865402185070922
SPT35474	0.7935299168847691
SPT35475	0.8820682548004726
SPT35476	0.9941882073864192
SPT35485	0.9992616346167632
SPT35487	0.6247802692372093
SPT35499	0.8853629119164498
SPT35500	0.7285140189180654
SPT35501	0.7982376970966769
SPT35502	0.99519207573118
SPT35503	0.9024207045488408
SPT35506	0.9718821903056228
SPT35508	0.6203363004491508
SPT35509	0.989102252198456
SPT35510	0.9751732515658844
SPT35511	0.9998687893966486
SPT35514	0.9537010554853752
SPT35515	0.8421919877752436
SPT35516	0.9996642751138084
SPT35517	0.996466181703831
SPT35518	0.8220732454201933
SPT35519	0.9996139408429812
SPT35520	0.9892544238361752
SPT35521	0.9998489421999373
SPT35522	0.9935140816472398
SPT35523	0.8182972145005221
SPT35524	0.9960864369260714
SPT35525	0.9994814004192654
SPT35526	0.9975741890788816
SPT35529	0.999629512051328
SPT35532	0.7961607159231081
SPT35537	0.9986895805890876
SPT35538	0.9827129684236766
SPT35540	0.9998695662528384
SPT35541	0.998302822833646
SPT35543	0.9986208186327884
SPT35544	0.9890980922744368
SPT35546	0.9991359050243463
SPT35547	0.998441842449436
SPT35551	0.9932325914384502
SPT35552	0.999213434030466
SPT35553	0.711667517170298
SPT35556	0.9305834023153132
SPT35557	0.9991501821542156
SPT35561	0.9174441926125444
SPT35563	0.9973422714899208
SPT35564	0.998034845027078
SPT35566	0.7422349640782747
SPT35567	0.983430272050518
SPT35571	0.9999455126206434
SPT35573	0.997641377517355
SPT35575	0.995921247238122
SPT35576	0.9995428279555724
SPT35577	0.8727327676564767
SPT35580	0.9996379030417458
SPT35581	0.9983325007328548
SPT35583	0.995067630118928
SPT35584	0.9996078866080512
SPT35585	0.9982473112646536
SPT35587	0.9998737418634084
SPT35588	0.9962064915640166
SPT35589	0.9955902996659102
SPT35590	0.9996093412854566
SPT35592	0.9944458969984088
SPT35673	0.9045328508866994
SPT35681	0.9968080566734048
SPT35752	0.9995561151813523
SPT35766	0.9255466566145876
SPT35780	0.999359429467364
SPT35835	0.974035237716616
SPT35850	0.6237787779517806
SPT35876	0.969462769893157
SPT35877	0.9964847157729232
SPT35879	0.9985925507783772
SPT35880	0.9967355528333258
SPT35883	0.9992499962651376
SPT35888	0.9934289430551252
SPT35896	0.9975178341690752
SPT35902	0.9980313863059576
SPT35904	0.9961346644388336
SPT35922	0.9528100564787916
SPT35923	0.994703176030868
SPT35924	0.9989453668862888
SPT35933	0.9998723843510884
SPT36041	0.763054735069737
SPT36045	0.9848862807102624
SPT36050	0.8638636671414741
SPT36051	0.8631321207432558
SPT36055	0.9983800583161976
SPT36057	0.9967279463572204
SPT36058	0.8866429391741044
SPT36059	0.8722606422483311
SPT36060	0.987312884694048
SPT36061	0.997830591299508
SPT36066	0.5506033331474897
SPT36068	0.9956029025932396
SPT36069	0.8791946136506369
SPT36072	0.8455491546181569
SPT36076	0.904844073019118
SPT36079	0.8092125158033698
SPT36085	0.9686723437960708
SPT36087	0.5305611978102799
SPT36089	0.9748707201811346
SPT36090	0.9987440790367816
SPT36093	0.9993114297053096
SPT36094	0.907294231916974
SPT36095	0.9734370024676546
SPT36096	0.999770259538128
SPT36097	0.723778698919831
SPT36099	0.8880170550580799
SPT36102	0.7728227291074556
SPT36104	0.98544451373509
SPT36106	0.9997990251246638
SPT36107	0.9201331303485653
SPT36108	0.9996284323576184
SPT36109	0.9988657562063072
SPT36110	0.9965251741715822
SPT36111	0.999585736224768
SPT36113	0.99844316187713
SPT36114	0.9995231907943852
SPT36116	0.9997989714347196
SPT36117	0.99982793996115
SPT36119	0.8459996693389553
SPT36121	0.9965618899914164
SPT36122	0.9995707184401368
SPT36123	0.999769670033081
SPT36124	0.9236289099858777
SPT36126	0.998968453525934
SPT36127	0.9999999961099192
SPT36128	0.9994733088490052
SPT36139	0.9024362058809128
SPT36147	0.9965922030517916
SPT36151	0.9887498881820272
SPT36157	0.9449593611821266
SPT36159	0.9426308591605904
SPT36161	0.9892023635858048
SPT36162	0.9998631495606234
SPT36163	0.7461402805755843
SPT36165	0.9963096661062713
SPT36168	0.8866360602059171
SPT36175	0.9059567634400278
SPT36179	0.99610546303974
SPT36185	0.9971966741036736
SPT36187	0.9690641096032588
SPT36189	0.9987555595083396
SPT36190	0.7807081276057839
SPT36194	0.8537893709477613
SPT36200	0.9944401755060516
SPT36204	0.8559627167733065
SPT36205	0.7798693421460198
SPT36210	0.8244919448512829
SPT36211	0.9993690450325702
SPT36217	0.6851393622852435
SPT36221	0.999703764022692
SPT36230	0.9983281148508536
SPT36233	0.6242891595554538
SPT36238	0.965363115031958
SPT36240	0.8868804007063738
SPT36242	0.9730457031030666
SPT36243	0.6793984549238963
SPT36245	0.9983838186775912
SPT36247	0.9992658792674332
SPT36250	0.5395430786841444
SPT36251	0.632663658266896
SPT36253	0.8428521532106197
SPT36254	0.9990032616300908
SPT36255	0.9984405895386396
SPT36258	0.998032093508855
SPT36259	0.9226562826336624
SPT36260	0.9998325567836808
SPT36262	0.9986557115130912
SPT36263	0.999663107483607
SPT36264	0.9996637971271112
SPT36265	0.9912928876446436
SPT36266	0.7734336650008247
SPT36269	0.8543260181735302
SPT36270	0.8035891903070299
SPT36271	0.953502449428097
SPT36273	0.8023513045399906
SPT36277	0.9957644010899176
SPT36281	0.9218842441255598
SPT36283	0.9982802638932514
SPT36285	0.8315076275943831
SPT36287	0.9999685526140942
SPT36290	0.7482202283749639
SPT36291	0.8036042386507587
SPT36292	0.38186144123147
SPT36293	0.7729028189772007
SPT36294	0.994620437852372
SPT36296	0.9999999971088924
SPT36298	0.848385934538638
SPT36301	0.9995138540829284
SPT36302	0.710334882019078
SPT36306	0.8931328584319244
SPT36307	0.9956135448546176
SPT36310	0.8622601004504827
SPT36311	0.99725626847733
SPT36314	0.7433677323973824
SPT36316	0.9981131821411507
SPT36317	0.8119289052538329
SPT36319	0.99853390751467
SPT36344	0.999761503280442
SPT36350	0.7914857377436293
SPT36356	0.9992785673376862
SPT36357	0.8310055413651489
SPT36358	0.7415338713435454
SPT36361	0.77217078911055
SPT36363	0.998781716624924
SPT36369	0.9572249799686696
SPT36375	0.9992952621851072
SPT36379	0.9999630189002648
SPT36384	0.9704102190819304
SPT36386	0.997998202121568
SPT36415	0.6877383597198006
SPT36429	0.9591203832369364
SPT36446	0.8100170269689025
SPT36448	0.986474016467544
SPT36463	0.9974217806664416
SPT36466	0.9707375469360984
SPT36477	0.7628437419671199
SPT36483	0.8022932530532905
SPT36485	0.9473775252392442
SPT36493	0.9953461974171196
SPT36495	0.9000530786466359
SPT36499	0.8407582294580342
SPT36500	0.8674808431059269
SPT36504	0.851849556285253
SPT36505	0.9971415268762578
SPT36506	0.9974876891494212
SPT36507	0.9986754380827036
SPT36510	0.8459070046989813
SPT36511	0.9996065426535264
SPT36512	0.8831726774621845
SPT36514	0.6938187934206734
SPT36515	0.8685717249528999
SPT36516	0.9994268702312727
SPT36517	0.689484422541278
SPT36518	0.995557334103232
SPT36519	0.7294715769131181
SPT36520	0.9948277829971068
SPT36521	0.7755559605678201
SPT36522	0.9131426729813258
SPT36523	0.6936695485800217
SPT36524	0.995147357796316
SPT36525	0.9968977655886496
SPT36526	0.9993673717121412
SPT36528	0.997857761725372
SPT36529	0.9193464396276
SPT36530	0.9253751643751744
SPT36531	0.7786393921090761
SPT36532	0.9997297243234784
SPT36533	0.988831051787832
SPT36534	0.8433937047997779
SPT36535	0.9998257402399512
SPT36536	0.8104832785214459
SPT36537	0.9948028752856366
SPT36538	0.9992307112242322
SPT36539	0.9966286877451694
SPT36540	0.9982158707583556
SPT36541	0.6027572264728547
SPT36542	0.9990239655523472
SPT36543	0.9967397807837476
SPT36545	0.9967154758274616
SPT36547	0.9263145773403382
SPT36548	0.9973747341990412
SPT36549	0.9985151097445828
SPT36550	0.9989812386662518
SPT36551	0.9974925970967012
SPT36552	0.999999997462648
SPT36554	0.9996494938502845
SPT36555	0.6373741562152452
SPT36556	0.9991229380361462
SPT36557	0.998642747851174
SPT36558	0.8729622941561634
SPT36559	0.9985652160478832
SPT36560	0.9998182653144162
SPT36561	0.992616225940356
SPT36562	0.996820784569378
SPT36563	0.9982664116980924
SPT36565	0.9982502226098536
SPT36567	0.9968883630935342
SPT36568	0.5054035234033376
SPT36569	0.9979916272372008
SPT36570	0.9765838740375996
SPT36571	0.6377195580514934
SPT36572	0.6943628227331253
SPT36574	0.9646869813578468
SPT36575	0.5884935390471868
SPT36576	0.9133928832330392
SPT36577	0.9995768136038176
SPT36579	0.8453735578785917
SPT36580	0.9979896854883314
SPT36581	0.8189100326350722
SPT36582	0.9995447857303732
SPT36583	0.5587925632830937
SPT36584	0.9970481672367144
SPT36585	0.9956418635261768
SPT36586	0.866075830314694
SPT36587	0.9984125164890572
SPT36588	0.667536060974631
SPT36589	0.9997497081065831
SPT36590	0.6071356823882803
SPT36591	0.998546406191217
SPT36592	0.9990690322445548
SPT36593	0.8514793275327628
SPT36594	0.9994330877429548
SPT36595	0.5941677666605022
SPT36596	0.9984813258981776
SPT36597	0.996689139837491
SPT36598	0.9993111750357472
SPT36599	0.9991384191391112
SPT36600	0.9996582890142895
SPT36601	0.9978918387454676
SPT36602	0.9996286646046696
SPT36603	0.9724734345213878
SPT36605	0.7626656786413549
SPT36606	0.6498170804842087
SPT36607	0.993425933184299
SPT36609	0.9990917168164616
SPT36610	0.9986241414194073
SPT36612	0.988788516375784
SPT36613	0.9379679693286536
SPT36614	0.9049004589046964
SPT36616	0.9979330453809128
SPT36617	0.9863587554368596
SPT36618	0.6938757048075966
SPT36619	0.997454268297856
SPT36621	0.998625731154163
SPT36622	0.6870574794083228
SPT36623	0.9214846110511358
SPT36624	0.997638479930708
SPT36625	0.795302838417203
SPT36626	0.9984975206733442
SPT36627	0.7662943296286646
SPT36628	0.7261215814768014
SPT36629	0.9981771679613496
SPT36630	0.774081092962571
SPT36632	0.7859934474437417
SPT36633	0.9977219909022944
SPT36635	0.998844919486131
SPT36636	0.9971906552578274
SPT36637	0.7644778245692856
SPT36638	0.6164718855929312
SPT36640	0.6213535843492776
SPT36641	0.9999153159266932
SPT36642	0.8902553331528604
SPT36643	0.995447981176812
SPT36644	0.9999916985022128
SPT36645	0.984081377507806
SPT36646	0.996943868791802
SPT36647	0.9998395008797792
SPT36648	0.6210001558496563
SPT36649	0.4294721468091672
SPT36650	0.9998687916302166
SPT36651	0.9943254596357398
SPT36653	0.9977631087744612
SPT36654	0.7416799521820729
SPT36655	0.9981268226413098
SPT36656	0.9987934934965428
SPT36657	0.8703154910651772
SPT36658	0.9980391838536864
SPT36659	0.8212259690084511
SPT36660	0.6564192029830697
SPT36661	0.999354339125616
SPT36662	0.9955893109644796
SPT36664	0.8149289110836173
SPT36665	0.9963430595288602
SPT36666	0.7816312327548105
SPT36667	0.4603916018747045
SPT36669	0.9974900053395912
SPT36670	0.9984774188392882
SPT36671	0.9787522773988292
SPT36672	0.7384619568405038
SPT36673	0.9533358718762412
SPT36674	0.8529881297563484
SPT36675	0.9992033992156338
SPT36676	0.6329748433748177
SPT36677	0.99733987784404
SPT36678	0.9666873875723968
SPT36679	0.8262744912934359
SPT36680	0.9999516419957658
SPT36681	0.9445205274376582
SPT36682	0.6178124911538363
SPT36683	0.9986562804969288
SPT36684	0.9993180198384328
SPT36685	0.727601078523258
SPT36686	0.998737512875664
SPT36687	0.7113484436958648
SPT36688	0.9990938913037346
SPT36689	0.607490680829502
SPT36690	0.481625878244974
SPT36691	0.9540902114129468
SPT36692	0.998332097197814
SPT36693	0.57479216546846
SPT36694	0.9987380563286729
SPT36695	0.8652299404507929
SPT36696	0.9992813031038524
SPT36697	0.832775966759587
SPT36699	0.7723590160255766
SPT36702	0.9992103656466418
SPT36703	0.999346252533984
SPT36704	0.9988212148539918
SPT36705	0.8798744358259454
SPT36707	0.9943907594530048
SPT36708	0.9413281787756472
SPT36709	0.9998276705895176
SPT36710	0.9957851664044868
SPT36711	0.9977434617809028
SPT36712	0.7177564500084632
SPT36713	0.9998260912666792
SPT36714	0.9983801305049984
SPT36715	0.5273446113028979
SPT36716	0.9996300059630304
SPT36861	0.6077794727492525
SPT36862	0.999011113706466
SPT36863	0.8670194124210455
SPT36864	0.4953264737222604
SPT36865	0.7001970887662599
SPT36866	0.5066007649165096
SPT36867	0.6523514023781158
SPT36868	0.2189376327297717
SPT36869	0.9990782001704256
SPT36870	0.8178643388297683
SPT36871	0.5687350784442051
SPT36872	0.9759278810878632
SPT36874	0.4721090047170326
SPT36875	0.498696626637255
SPT36876	0.6328607562069366
SPT36877	0.8255157529280318
SPT36878	0.4802552988486579
SPT36879	0.4940589196515825
SPT36880	0.9155580831240206
SPT36882	0.9618447857490252
SPT36883	0.5630209718825968
SPT36884	0.6750229436475039
SPT36885	0.5869057386733793
SPT36886	0.9833541879228156
SPT36887	0.7641541252433353
SPT36888	0.9949836362327352
SPT36889	0.4987405834408117
SPT36890	0.6608504552981866
SPT36891	0.7858993382052218
SPT36892	0.9946927190531984
SPT36893	0.7342027775162245
SPT36894	0.3656018478875458
SPT36896	0.4890617881956588
SPT36897	0.950973954707084
SPT36898	0.9989921848538628
SPT36899	0.9988199783191292
SPT36900	0.6887434599880782
SPT36901	0.6094505437775068
SPT36902	0.5707132759847799
SPT36903	0.4737333937580315
SPT36904	0.5330634306044008
SPT36905	0.5109463740571778
SPT36906	0.9987742336263836
SPT36907	0.6103661022509193
SPT36908	0.9999843967442512
SPT36909	0.9994802749439986
SPT36910	0.8761059718285441
SPT36911	0.9965801280158716
SPT36912	0.9998428997106608
SPT36913	0.6457061828812274
SPT36914	0.9993195706351564
SPT36915	0.2966352892602044
SPT36916	0.4146250732358282
SPT36918	0.8157919754044513
SPT36919	0.9956280124340104
SPT36920	0.9386285383384784
SPT36921	0.7925422698229877
SPT36922	0.5781401637676044
SPT36923	0.9897758332423722
SPT36924	0.9942157262063788
SPT36925	0.9938891024066286
SPT36926	0.9999906999306482
SPT36927	0.9994034855779892
SPT36928	0.9996847043364792
SPT36932	0.9999999995440342
SPT36933	0.9998455068320292
SPT36934	0.9999999995946528
SPT36937	0.9999999995205854
SPT36939	0.9996702522594754
SPT36940	0.999892926324048
SPT36941	0.9997794984593356
SPT36942	0.9998020681141204
SPT36943	0.9998156608432818
SPT36944	0.9999999991706678
SPT36946	0.9993942318646202
SPT36949	0.99965506563759
SPT36950	0.9995246328952349
SPT36952	0.998988031409584
SPT36953	0.99967612020109
SPT36955	0.99986566045264
SPT36956	0.9999999994737084
SPT36957	0.9999999998658394
SPT36958	0.9996953458770672
SPT36959	0.9999009952337178
SPT36960	0.9996375714176102
SPT36961	0.9994421803245326
SPT36962	0.9987243837205336
SPT36963	0.9991588359116113
SPT36964	0.9997883268944754
SPT36967	0.9998615698660568
SPT36968	0.9996508330438892
SPT38302	0.9981462017043966
SPT38303	0.9772453654601204
SPT38304	0.8653573282183622
SPT38305	0.8931315367231799
SPT38306	0.8438981478292389
SPT38307	0.886025233842003
SPT38308	0.9999935559305858
SPT38310	0.9992519310533328
SPT38311	0.9976616797774798
SPT38314	0.9980766230163076
SPT38315	0.9979871119603052
SPT38317	0.9974819213619868
SPT38318	0.999892636481984
SPT38319	0.9995027241489108
SPT38323	0.9991968441971936
SPT38325	0.9981665244995092
SPT38329	0.9994300520462204
SPT38330	0.7901577975987923
SPT38331	0.999228414346213
SPT38332	0.9984487587073853
SPT38333	0.9408735812862932
SPT38334	0.9997425235759
SPT38336	0.9974459618131138
SPT38337	0.9970999210616276
SPT38341	0.9012012885359146
SPT38343	0.9625059844282208
SPT38344	0.9991630682647246
SPT38345	0.999376395098486
SPT38346	0.9980611245886232
SPT38347	0.9994186033994868
SPT38348	0.997331469788701
SPT38349	0.9996309092920111
SPT38350	0.7912400924966285
SPT38351	0.7904728526648256
SPT38352	0.9990203509912764
SPT38353	0.9986267211391476
SPT38354	0.9988508296670502
SPT38355	0.99920588004081
SPT38356	0.9996402719950236
SPT38357	0.9991959691599626
SPT38359	0.9895357883858946
SPT38360	0.9963182955266686
SPT38361	0.9724082860515544
SPT38363	0.999999991928279
SPT38364	0.9988737489949696
SPT38365	0.9999999986354448
SPT38366	0.8227751309966764
SPT38367	0.9998391417955996
SPT38368	0.9993381879600344
SPT38369	0.9977145359887662
SPT38370	0.9983765414154616
SPT38372	0.9991501431427235
SPT38373	0.9995623573352768
SPT38374	0.999845073516392
SPT38375	0.999724595065757
SPT38376	0.998363925800754
SPT38378	0.9381462333895674
SPT38380	0.9991201222267
SPT38383	0.9985084673737704
SPT38387	0.99961843436444
SPT38388	0.9946190579821796
SPT38389	0.9985841396817596
SPT38390	0.9999528287502412
SPT38391	0.6698635938377238
SPT38392	0.9988872252702288
SPT38393	0.997740397924074
SPT38394	0.9991200907874228
SPT38395	0.9698021368388774
SPT38412	0.9912016571914696
SPT38413	0.9999999853533348
SPT38416	0.9280282487844692
SPT38418	0.8791764905571036
SPT38422	0.9993114148597534
SPT38425	0.9453498536952714
SPT38426	0.9421740811127276
SPT38428	0.9997670492993246
SPT38429	0.9973085971192216
SPT38430	0.9965033484529604
SPT38446	0.9995133311049724
SPT38447	0.9993695474416868
SPT38451	0.999481237194686
SPT38452	0.9487870005718472
SPT38454	0.9992959261689636
SPT38455	0.9999940015909552
SPT38460	0.9997045403772198
SPT38467	0.9575991806743498
SPT38487	0.999999976789114
SPT38502	0.9937479684655208
SPT38504	0.9921031019842068
SPT38519	0.9998979504143822
SPT38530	0.9971759665471942
SPT38533	0.8363701568953495
SPT38534	0.8760704557384908
SPT38537	0.9998209156330342
SPT38540	0.996225062310096
SPT38595	0.9994028238510884
SPT38688	0.999217327260485
SPT38690	0.9625325980801264
SPT38692	0.9304567581722633
SPT38695	0.9995886500194132
SPT38699	0.9999999976153114
SPT38704	0.9035206493157972
SPT38709	0.9142153353574262
SPT38713	0.9985610108484188
SPT38731	0.9938062543097652
SPT38752	0.9974365949469972
SPT40497	0.999701304713144
SPT40498	0.9983720772537268
SPT40499	0.7838339896644626
SPT40501	0.6298658498463278
SPT40502	0.9962302601468456
SPT40503	0.7595481489117563
SPT40505	0.9994660457562792
SPT40506	0.6421036353094653
SPT40507	0.9580383811969304
SPT40508	0.6389868152888996
SPT40509	0.6048740807284007
SPT40510	0.9996652121220752
SPT40511	0.7169227619107152
SPT40513	0.5054727129375649
SPT40514	0.9985998817158704
SPT40515	0.4627148141068294
SPT40516	0.3972290955889467
SPT40517	0.5728161096380724
SPT40518	0.9987903884102676
SPT40519	0.9977562611794076
SPT40520	0.9974438249279236
SPT40521	0.6582139902385964
SPT40523	0.6156212453485101
SPT40524	0.9982215849402418
SPT40525	0.9958715874498076
SPT40527	0.7775092333270444
SPT40528	0.7552798237164933
SPT40529	0.9939646966100316
SPT40530	0.7517942080393474
SPT40532	0.9944444184737904
SPT40533	0.9976602507538644
SPT40534	0.5890327194364299
SPT40535	0.6883263612863724
SPT40536	0.9096282499518108
SPT40537	0.7690422458556951
SPT40538	0.9946265122045176
SPT40539	0.6658085792912867
SPT40540	0.9690005268412551
SPT40541	0.7182651754554525
SPT40542	0.9985002709372544
SPT40543	0.995799245930494
SPT40544	0.7656698166160311
SPT40545	0.5698424291398971
SPT40547	0.6531287782530457
SPT40548	0.9918530915306174
SPT40549	0.998908053750658
SPT40550	0.99997666002957
SPT40551	0.6331056829763939
SPT40552	0.4429713582488173
SPT40553	0.99859829463525
SPT40554	0.8130633163795415
SPT40555	0.9894278022366104
SPT40556	0.9109660592599682
SPT40559	0.8499790605262473
SPT40560	0.9948971159651996
SPT40561	0.8166851458722396
SPT40562	0.9999999952204346
SPT40565	0.9781179497014604
SPT40568	0.9015643363931451
SPT40576	0.9996796194725618
SPT40580	0.8659638448847038
SPT40582	0.9714806687577155
SPT40588	0.7835440943365065
SPT40589	0.8805786791740297
SPT40590	0.7827930442642567
SPT40596	0.9986135581228572
SPT40597	0.9972172011307504
SPT40599	0.9957547355921804
SPT40600	0.8130874108194327
SPT40601	0.8878808431867677
SPT40602	0.8178824736611698
SPT40603	0.5754606175982712
SPT40604	0.4353668306630497
SPT40605	0.7337416346662213
SPT40606	0.9961571397969814
SPT40607	0.9888474930390656
SPT40608	0.6914838560678322
SPT40609	0.747939856853796
SPT40610	0.8052798631784827
SPT40616	0.6163704660401268
SPT40617	0.6147226963917558
SPT40618	0.9296571648387216
SPT40619	0.446372336035629
SPT40620	0.9996229956509576
SPT40621	0.859792093465715
SPT40622	0.8556585900626019
SPT40623	0.8347136678175937
SPT40626	0.7613506501958431
SPT40627	0.9913894888944944
SPT40630	0.9805314419402328
SPT40631	0.9915700256292018
SPT40632	0.6612673961482171
SPT40633	0.7836300567250243
SPT40634	0.9330657517813516
SPT40635	0.9953295925297166
SPT40637	0.9953981899957052
SPT40638	0.9407629641036112
SPT40639	0.9969821461443984
SPT40640	0.7068207962240822
SPT40642	0.6229239351862998
SPT40643	0.7171770839581375
SPT40644	0.9963035176129228
SPT40645	0.5146489821691667
SPT40646	0.9965293710754938
SPT40647	0.7004050016440053
SPT40648	0.9891441743667913
SPT40649	0.9972974870328588
SPT40650	0.9987542448515088
SPT40651	0.570011158373513
SPT40652	0.9945649512452666
SPT40653	0.9955503007259764
SPT40655	0.3601554853231966
SPT40656	0.6017407425613588
SPT40657	0.5316482041737274
SPT40659	0.7420069194695637
SPT40660	0.711368905721216
SPT40661	0.9968944728104696
SPT40663	0.6822563908554656
SPT40664	0.9968242278023816
SPT40665	0.9931850927929043
SPT40666	0.5961073898563738
SPT40668	0.5754576024985101
SPT40669	0.9995815816956783
SPT40670	0.8374877746307976
SPT40671	0.9979688046730854
SPT40672	0.6388094065054538
SPT40673	0.9985406364277432
SPT40674	0.7935859873301156
SPT40675	0.98265144021268
SPT40676	0.989466953897696
SPT40677	0.6270146096573078
SPT40678	0.421614273076906
SPT40679	0.9993357546010778
SPT40680	0.9976782896110218
SPT40681	0.5789624186189328
SPT40682	0.6572792778921658
SPT40683	0.9863976124426038
SPT40684	0.9636022338512557
SPT40685	0.9399835699638944
SPT40686	0.9472248841140876
SPT40687	0.7243387210897152
SPT40689	0.6780818524592027
SPT40690	0.9999999984978838
SPT40692	0.7609701283025194
SPT40693	0.7991176224252038
SPT40695	0.7316747330341089
SPT40696	0.768201351186928
SPT40697	0.68467524851536
SPT40701	0.967623765678282
SPT40705	0.9998351898556804
SPT40707	0.8549005526988127
SPT40713	0.8937109968554094
SPT40716	0.9328692317378636
SPT40717	0.831382754892868
SPT40718	0.8422130374197675
SPT40720	0.6390407486726685
SPT40727	0.8214320788322119
SPT40729	0.999999990129274
SPT40733	0.9999999923708272
SPT40736	0.9229082112303
SPT40737	0.978172313744876
SPT40741	0.9600769088333012
SPT40742	0.7759533663534406
SPT40744	0.8880499929176094
SPT40748	0.9999999918393244
SPT40749	0.9992565273368524
SPT40750	0.9991202357310296
SPT40751	0.9985463370338614
SPT40752	0.8847129110036218
SPT40753	0.9201167064564464
SPT40755	0.6333680013266045
SPT40756	0.7101022780212761
SPT40759	0.4515800989067482
SPT40760	0.9989244493407146
SPT40769	0.9990303148997558
SPT40770	0.7141784572837709
SPT40771	0.9974942954830952
SPT40772	0.6752400168144058
SPT40773	0.9983251977703472
SPT40774	0.9176632038199308
SPT40776	0.9992785659872376
SPT40777	0.9981200038193992
SPT40779	0.9992249920278982
SPT40780	0.9991598780410186
SPT40781	0.9998133674607812
SPT40782	0.6571000599164928
SPT40783	0.997931014741051
SPT40785	0.9104662500522372
SPT40786	0.9998316178961736
SPT40787	0.971263795426756
SPT40789	0.7638626625005704
SPT40791	0.9935529914395356
SPT40794	0.9258921140261372
SPT40795	0.8863499433453644
SPT40798	0.9986069770049992
SPT40799	0.995536424582901
SPT40800	0.9554712566845373
SPT40801	0.6460829251281477
SPT40802	0.996051537442606
SPT40803	0.894059906900849
SPT40804	0.915821302322058
SPT40807	0.7940731682644503
SPT40808	0.9110607060616274
SPT40810	0.9971834929849178
SPT40812	0.9893410253376268
SPT40814	0.999247625240629
SPT40815	0.7719506664439288
SPT40816	0.9977987714040448
SPT40817	0.9968101596814054
SPT40818	0.9937677918623936
SPT40820	0.5726146319369444
SPT40821	0.9998977900081976
SPT40824	0.682625036166745
SPT40825	0.9963138120111316
SPT40826	0.998666420198674
SPT40827	0.9418120420468664
SPT40828	0.7594396346249292
SPT40829	0.9971379724841368
SPT40830	0.77341576755099
SPT40831	0.7212655269074149
SPT40832	0.9545655199646736
SPT40833	0.9590639065688858
SPT40834	0.7881010964552858
SPT40835	0.4565556371892053
SPT40836	0.9992910131989092
SPT40838	0.998790343867902
SPT40840	0.729291340396715
SPT40841	0.8018229536382354
SPT40842	0.9346496153475584
SPT40843	0.7200009212499946
SPT40844	0.7521088225073884
SPT40845	0.7538460833648848
SPT40847	0.999375621098826
SPT40848	0.6130341396848848
SPT40849	0.7018954948406516
SPT40850	0.4855848177342095
SPT40852	0.9929909391694308
SPT40853	0.8482730897952439
SPT40854	0.9980577723837352
SPT40855	0.798067946832374
SPT40856	0.9941164401890368
SPT40857	0.99052517058352
SPT40858	0.8311751268543146
SPT40860	0.9993933244890112
SPT40861	0.9988366016156236
SPT40863	0.9994750524705376
SPT40864	0.9994897899524484
SPT40865	0.9974348351154372
SPT40867	0.9659130181961116
SPT40868	0.5246478257765623
SPT40870	0.9927506697265752
SPT40871	0.9987950228426106
SPT40872	0.9993494496353492
SPT40873	0.8980795473271932
SPT40875	0.6537581628936626
SPT40877	0.998510238520812
SPT40878	0.9109253876505744
SPT40883	0.7614701627887173
SPT40887	0.9352506366346844
SPT40890	0.9995764205240044
SPT40892	0.9984441221079304
SPT40893	0.997350933603376
SPT40894	0.775187702157612
SPT40896	0.9971152160390664
SPT40906	0.9986871474638028
SPT40908	0.4906044453175257
SPT40909	0.9998605368079516
SPT40910	0.7786634958473558
SPT40915	0.7740327349053971
SPT40916	0.8484219261949684
SPT40917	0.998135774182038
SPT40920	0.8336371824770471
SPT40921	0.998081653860832
SPT40922	0.998324461482582
SPT40923	0.9637996517455166
SPT40925	0.449522140392674
SPT40932	0.9915858233188578
SPT40934	0.9953638141492378
SPT40935	0.6013991732547193
SPT40937	0.9979302583192942
SPT40938	0.9944932718819092
SPT40939	0.543755449177578
SPT40940	0.8081301447612363
SPT40941	0.9965349463583828
SPT40942	0.9943602697694118
SPT40943	0.7505615897399321
SPT40944	0.7808644045104416
SPT40945	0.6772074483799357
SPT40947	0.8115046922270903
SPT40948	0.6435289172198894
SPT40950	0.999114515676354
SPT40953	0.9998442794861612
SPT40954	0.999878426499237
SPT40955	0.7785516870418465
SPT40956	0.5074671088779474
SPT40958	0.7077324482327423
SPT40959	0.6926777216685416
SPT40960	0.9963766440784024
SPT40961	0.9259693653347087
SPT40962	0.5342343393217333
SPT40963	0.9985300960970824
SPT40966	0.9995958239081132
SPT40967	0.9972150946763932
SPT40969	0.7979189576429191
SPT40970	0.9538259542142709
SPT40971	0.9962448581864864
SPT40973	0.7476925260492102
SPT40975	0.4306075075080608
SPT40976	0.9944196888846226
SPT40978	0.9984568023064864
SPT40979	0.6725802236312899
SPT40980	0.6261023871737117
SPT40981	0.9979083341079732
SPT40982	0.9949605937127992
SPT40983	0.5882414054659499
SPT40984	0.9978064534931236
SPT40987	0.9991439881554928
SPT40988	0.8982514281499243
SPT40989	0.8677362467979395
SPT40991	0.9973988870703716
SPT40992	0.6941531211173264
SPT40993	0.6984832769455673
SPT40994	0.9993473947698064
SPT40996	0.9282665504027744
SPT40997	0.7547363776887878
SPT40998	0.4899123113439219
SPT40999	0.998650093445036
SPT41000	0.6888866918298837
SPT41001	0.6363183741028136
SPT41002	0.6797569934949217
SPT41003	0.3819502445332214
SPT41004	0.8463116176266705
SPT41005	0.9987462383686984
SPT41006	0.8430374959157854
SPT41007	0.9978821747561296
SPT41008	0.5578160457502956
SPT41009	0.6902764591330461
SPT41010	0.4878512240326379
SPT41011	0.4539755975051811
SPT41012	0.9978032292968972
SPT41013	0.9777221043527732
SPT41014	0.999270907453398
SPT41015	0.471330389124743
SPT41016	0.9989628872812206
SPT41017	0.5763208724434188
SPT41018	0.7783154958413354
SPT41019	0.9977515102115712
SPT41020	0.9974802279573882
SPT41022	0.4897256117367291
SPT41023	0.998787087942234
SPT41024	0.9943240102766352
SPT41025	0.3784887613759755
SPT41026	0.9981246390548478
SPT41027	0.8325889010653158
SPT41028	0.9603189472682064
SPT41029	0.9228246382287968
SPT41030	0.8067376060640201
SPT41031	0.9960925910104952
SPT41032	0.6204891237857599
SPT41033	0.5259621822824783
SPT41035	0.9949847661618928
SPT41036	0.9455817840700432
SPT41037	0.5761196609546844
SPT41038	0.7342844279604916
SPT41039	0.9985724862791612
SPT41041	0.9898673819954752
SPT41042	0.692889708581585
SPT41043	0.994590397787938
SPT41044	0.9977543875324132
SPT41045	0.9972103210392084
SPT41046	0.912628142529234
SPT41047	0.996057564492416
SPT41048	0.9964039844722968
SPT41049	0.9715977313047062
SPT41050	0.7843016688453267
SPT41052	0.9963826003087806
SPT41053	0.5842441900455625
SPT41055	0.82541745962288
SPT41056	0.9959825353721696
SPT41058	0.9901061246009598
SPT41059	0.9936998879493816
SPT41061	0.8966084440482949
SPT41062	0.9995023328269385
SPT41063	0.9999614774855066
SPT41064	0.9995904948717586
SPT41065	0.9961667584976452
SPT41066	0.691804334346594
SPT41068	0.9996749728174574
SPT41069	0.9988397640027784
SPT41070	0.7003552285843357
SPT41072	0.7149994012693388
SPT41073	0.7334164427566173
SPT41074	0.9997642276150476
SPT41075	0.5620563657884834
SPT41076	0.881182779241709
SPT41077	0.9983980500736416
SPT41078	0.9898193247087254
SPT41080	0.999717987552766
SPT41083	0.6372173418500864
SPT41084	0.9989662511322106
SPT41085	0.9796132558662468
SPT41086	0.9748003955000716
SPT41088	0.8361647783261128
SPT41089	0.893728435990319
SPT41090	0.6327113301079561
SPT41091	0.7144973215192173
SPT41092	0.9988460388787512
SPT41094	0.98738600256035
SPT41096	0.9995409302650275
SPT41097	0.9993636690897616
SPT41098	0.999090811019505
SPT41099	0.9950235189837588
SPT41101	0.9488767706809372
SPT41102	0.9909552708203854
SPT41103	0.9981336235985184
SPT41104	0.8405953072692623
SPT41105	0.5339951395507747
SPT41106	0.9980171405307512
SPT41107	0.7603275923287915
SPT41108	0.8369261770343557
SPT41109	0.9991555653228094
SPT41110	0.6484059694272407
SPT41112	0.652225491334782
SPT41113	0.99056118611643
SPT41114	0.7404806756657543
SPT41115	0.7681795199987174
SPT41117	0.999640388276202
SPT41118	0.9993549591819766
SPT41119	0.7069388159540798
SPT41120	0.8655818375685936
SPT41121	0.9998737448285658
SPT41122	0.9110384127448428
SPT41123	0.9968355509613098
SPT41124	0.9985239381533442
SPT41125	0.998863351475297
SPT41126	0.998687985743399
SPT41128	0.9999761438971152
SPT41129	0.7655160659377006
SPT41130	0.9997460872305816
SPT41131	0.9996940760052384
SPT41132	0.9992456385395666
SPT41133	0.9992336838096332
SPT41135	0.6454657144321555
SPT41136	0.7455047663548919
SPT41137	0.9990371446767982
SPT41138	0.6532716721723315
SPT41139	0.8335866516348647
SPT41140	0.9348736833856948
SPT41141	0.999123452240856
SPT41142	0.9952768887480454
SPT41143	0.9877669044700051
SPT41144	0.9948489367955292
SPT41145	0.981661495746096
SPT41146	0.999179056057935
SPT41147	0.999380890494325
SPT41151	0.9997157597222384
SPT41152	0.8726925770518807
SPT41154	0.8450569259129764
SPT41155	0.9127213436959016
SPT41156	0.977155990907138
SPT41157	0.5553190788141942
SPT41158	0.6769708472038232
SPT41159	0.4784940732646056
SPT41160	0.7421333436158781
SPT41161	0.992786978679174
SPT41162	0.7586530508765608
SPT41163	0.997323792975313
SPT41164	0.5449513494207103
SPT41165	0.9542940045486356
SPT41166	0.974613922691417
SPT41167	0.6290273941398066
SPT41168	0.9977628655049552
SPT41170	0.991818065219762
SPT41171	0.4094506247313965
SPT41172	0.6331280772787247
SPT41173	0.9978678685477834
SPT41174	0.6804873642445399
SPT41175	0.9768589134687542
SPT41176	0.8137400549659127
SPT41177	0.876452146662108
SPT41178	0.995764949069286
SPT41180	0.9980385281278809
SPT41182	0.9986125849543664
SPT41183	0.998140089069297
SPT41184	0.5168093865518202
SPT41185	0.989032052210841
SPT41186	0.7162655298438985
SPT41187	0.8507419121717567
SPT41188	0.9917395159012244
SPT41189	0.9950563764773396
SPT41190	0.998808206615168
SPT41191	0.4590522516216843
SPT41193	0.9036445363785736
SPT41194	0.9972685141076796
SPT41195	0.5768366707677056
SPT41196	0.8677731180296722
SPT41197	0.9783660946656132
SPT41199	0.9977500743761548
SPT41200	0.5382165021515611
SPT41201	0.6405406157968461
SPT41202	0.6986564844532673
SPT41203	0.8569986613925071
SPT41204	0.995946512947621
SPT41205	0.9986366958538186
SPT41207	0.9999999997493424
SPT41208	0.9903010645564632
SPT41210	0.7070893711664185
SPT41211	0.998433510470178
SPT41212	0.997020206408708
SPT41214	0.6250777786634751
SPT41215	0.730714184708319
SPT41216	0.9999588709169008
SPT41217	0.5818728242731956
SPT41218	0.5476835958760522
SPT41219	0.5734693015274717
SPT41220	0.6284480511168089
SPT41221	0.9767796209325572
SPT41222	0.9913329798074938
SPT41223	0.8186992863737245
SPT41224	0.987917408620035
SPT41225	0.9823231470478851
SPT41226	0.9054490336464208
SPT41228	0.9943263230405502
SPT41229	0.9990357227136862
SPT41231	0.419942461590478
SPT41233	0.5713283119150152
SPT41234	0.9895148849729102
SPT41235	0.8659543162116772
SPT41236	0.997663942380662
SPT41237	0.7800062780273356
SPT41238	0.8438220718254408
SPT41239	0.9952451185129966
SPT41242	0.8110022328714191
SPT41243	0.5364481276697883
SPT41244	0.9967842140036628
SPT41245	0.6379496996449219
SPT41246	0.8685577587136297
SPT41247	0.9962693675679376
SPT41248	0.774226590898629
SPT41250	0.8320298858882091
SPT41251	0.9968331438129449
SPT41253	0.9720653949132158
SPT41254	0.9992830864041348
SPT41255	0.7100595298269228
SPT41256	0.9999380544339136
SPT41258	0.8024444980043458
SPT41260	0.9987724777657212
SPT41262	0.9996354541652706
SPT41263	0.969761681788866
SPT41264	0.9992807257292894
SPT41266	0.9993073251014316
SPT41267	0.5938423286941967
SPT41268	0.9995300290788393
SPT41269	0.9982573621935618
SPT41270	0.9956097500976896
SPT41271	0.997017198606784
SPT41272	0.5466628440672359
SPT41273	0.4631281552385541
SPT41274	0.9890380512873966
SPT41275	0.999196387875857
SPT41276	0.9921161780977306
SPT41277	0.8655261840691537
SPT41278	0.996971219435006
SPT41279	0.9978556497395216
SPT41280	0.6852610891926819
SPT41281	0.9991157701733816
SPT41282	0.9998338934136984
SPT41283	0.6533354620467943
SPT41284	0.9986333224247912
SPT41841	0.9996903334490318
SPT41843	0.9998941354524162
SPT41844	0.9521484765376144
SPT41847	0.8111913732543032
SPT41854	0.99955954629678
SPT41860	0.686080611238411
SPT41861	0.9951473425058176
SPT41862	0.9945829503466256
SPT41865	0.9998414343132024
SPT41867	0.9983003670986892
SPT41870	0.9953057595855191
SPT41873	0.8102143149310005
SPT41885	0.9964155505820717
SPT41901	0.9655990717515992
SPT41903	0.9998698223954504
SPT41905	0.9995698839988756
SPT41906	0.9998697262482678
SPT41911	0.9997335530057236
SPT41913	0.9999999876693224
SPT41914	0.9999999971213808
SPT41915	0.9998696643876762
SPT41918	0.764103027375665
SPT41922	0.956018927526772
SPT41928	0.9998927354607888
SPT41930	0.8667709755751839
SPT41931	0.9985150092059784
SPT41932	0.5785645048065833
SPT41935	0.9899764547297376
SPT41938	0.9985986333344776
SPT41939	0.9702667988362008
SPT41940	0.9992865910108806
SPT41946	0.9999999800222616
SPT41947	0.9672252796669478
SPT41950	0.893811315785189
SPT41952	0.9763861564121634
SPT41954	0.9644609141751196
SPT41956	0.708045578513157
SPT41957	0.8735460022914865
SPT41958	0.9996787824543576
SPT41964	0.997122364030756
SPT41966	0.9997032108845464
SPT41968	0.9974465496634024
SPT41969	0.9438383942955092
SPT41970	0.9989372431723264
SPT41973	0.9997942708715768
SPT41974	0.8726214165799518
SPT41975	0.5382496137459933
SPT41983	0.9986980206592104
SPT41988	0.9996488550672704
SPT41990	0.996274873318647
SPT41993	0.977303427786671
SPT41996	0.7926677355731756
SPT41997	0.6633790549101513
SPT41999	0.8028095061108413
SPT42002	0.9996084272363298
SPT42003	0.9998783537586142
SPT42006	0.7771687592179402
SPT42007	0.9948426982078016
SPT42008	0.9991933014770832
SPT42010	0.7901292761668005
SPT42011	0.997439447466112
SPT42013	0.9983821321138928
SPT42016	0.9994435516803624
SPT42020	0.9789095109442968
SPT42022	0.6888778037389856
SPT42023	0.9593619019509046
SPT42024	0.9994204015044088
SPT42026	0.9817461343119664
SPT42028	0.939953454303284
SPT42029	0.8022000719120066
SPT42031	0.999182851650664
SPT42035	0.8131318563064974
SPT42039	0.9986274071673232
SPT42042	0.637754528934035
SPT42045	0.9988808991585546
SPT42046	0.9969793485705194
SPT42048	0.6829624087130926
SPT42050	0.994121108027584
SPT42052	0.9995192015167252
SPT42053	0.5348515742750581
SPT42055	0.9983815368971332
SPT42056	0.9629884804649887
SPT42057	0.994461467507566
SPT42058	0.9085272130096502
SPT42757	0.937797901156296
SPT42760	0.9993832464334036
SPT42764	0.9996761795455992
SPT42768	0.99949751574505
SPT42769	0.9995608638772352
SPT42771	0.9999465276514152
SPT42774	0.9984464767313374
SPT42778	0.9997616836013976
SPT42795	0.9997108958466154
SPT42809	0.9996835984945086
SPT42816	0.9996792638037098
SPT42825	0.4750984008147612
SPT42826	0.392217610919773
SPT42827	0.5432721949920014
SPT42828	0.823031455001965
SPT42829	0.5756202147990565
SPT42830	0.5287651468084793
SPT42831	0.9178009852415644
SPT42832	0.69658612946236
SPT42833	1.0
SPT42834	0.6276468185458106
SPT42835	0.952027833821722
SPT42836	0.991843171344992
SPT42837	0.868660804003884
SPT42838	0.9952640696605012
SPT42839	0.6917269807735329
SPT42840	0.9946528945675494
SPT42841	0.95439452200041
SPT42842	0.5232181055670035
SPT42843	0.9954267924222128
SPT42844	0.9861046983362446
SPT42845	0.9974932427095448
SPT42846	0.6644849910317128
SPT42847	0.5497931298070966
SPT42848	0.6581220064439033
SPT42849	0.2959869422415661
SPT42850	0.9982842061451972
SPT42851	0.4713395014990511
SPT42852	0.9980917397112848
SPT42853	0.3579860933100397
SPT42854	0.7165960560392541
SPT42855	0.9977169229334436
SPT42856	0.9929235099792892
SPT42857	0.8896856054975901
SPT42858	0.3804421151170147
SPT42859	0.9066724223047692
SPT42860	0.8251423785973017
SPT42861	0.7294149987157454
SPT42862	0.5369660817336059
SPT42863	0.8296837648563996
SPT42864	0.3023757024714799
SPT42865	0.6775013171970542
SPT42866	0.9573445986602648
SPT42867	0.7492736407706932
SPT42868	0.6298269489106265
SPT42869	0.5974832092775136
SPT42870	0.8327432353175293
SPT42872	0.5376726066285518
SPT42873	0.9604267605161968
SPT42874	0.9584906221109334
SPT42875	0.3406142456237718
SPT42876	0.9999752805804472
SPT42877	0.3425836205516501
SPT42878	0.7649716765255088
SPT42879	0.8580045696120262
SPT42880	0.9961533941017394
SPT42881	0.6308320101739384
SPT42882	0.9969204891778222
SPT42883	0.8118132203558908
SPT42884	0.9965526118135308
SPT42885	0.5287173620339773
SPT42886	0.99467056639554
SPT42887	0.8504639896714999
SPT42888	0.2899597596728868
SPT42889	0.9462749438682828
SPT42890	0.9965619190548304
SPT42891	0.997768231782322
SPT42892	0.4285252452478583
SPT42893	0.9978881166373876
SPT42894	0.6695029798409642
SPT42895	0.6296575613592543
SPT42896	0.9954142499178892
SPT42897	0.9056755108469616
SPT42898	0.9949687770588148
SPT42899	0.6987478579267242
SPT42900	0.9178360938266548
SPT42901	0.9942228716795828
SPT42902	0.9958519863291332
SPT42903	0.7785092971581032
SPT42904	0.4349577023731569
SPT42905	0.5462397417045618
SPT42906	0.4695746837899562
SPT42907	0.8676643195174343
SPT42908	0.9947377130032
SPT42909	0.8195840130519056
SPT42910	0.761129448412157
SPT42911	0.5312960207777595
SPT42912	0.6366674687366323
SPT42913	0.3295953497894499
SPT42914	0.8940677487815276
SPT42915	0.6970313153788692
SPT42916	0.9980592582167468
SPT42917	0.3510564519471199
SPT42918	0.9873211970838118
SPT42919	0.5906234909845676
SPT42920	0.8657591864604554
SPT42921	0.8061176863386327
SPT42922	0.4097512330276412
SPT42923	0.9860625582633163
SPT42924	0.5509966235456154
SPT42925	0.5393779464976963
SPT42926	0.6841607229080693
SPT42927	0.9971382902086328
SPT42928	0.550127470281285
SPT42929	0.9502483699223574
SPT42930	0.4105187412222109
SPT42931	0.9974836536682862
SPT42932	0.4660974460948978
SPT42933	0.6702864509084341
SPT42935	0.7123576604096848
SPT42936	0.9063027873749336
SPT42937	0.9947990792851312
SPT42938	0.5533237806051905
SPT42939	0.996950269587762
SPT42940	0.8572068648509878
SPT42941	0.3814731366319572
SPT42942	0.9940925659204144
SPT42943	0.9988020885712422
SPT42944	0.9970556892364932
SPT42945	0.4239052725412012
SPT42946	0.9955163323790414
SPT42947	0.9911724423505736
SPT42948	0.6124133921831628
SPT42949	0.4057859393154812
SPT42950	0.9999999998523016
SPT42951	0.600820935711194
SPT42952	0.8578608926827369
SPT42954	0.9793920024634606
SPT42955	0.6224445614072881
SPT42956	0.5250339489405857
SPT42957	0.6198748839973786
SPT42958	0.8392360463369248
SPT42959	0.9989558463264444
SPT42960	0.9935144597714666
SPT42961	0.9857851688713573
SPT42962	0.678478308645901
SPT42963	0.4574323117589953
SPT42964	0.9978935998319972
SPT42965	0.7126221812298279
SPT42966	0.994461851524976
SPT42967	0.9968289272715982
SPT42968	0.998704597306674
SPT42969	0.6494125893633971
SPT42970	0.998380515694836
SPT42971	0.5185526681500516
SPT42972	0.9983774949005508
SPT42973	0.999548871292477
SPT42974	0.9957445590892132
SPT42975	0.9930378146497102
SPT42976	0.9997941232437242
SPT42977	0.5725010717381531
SPT42978	0.99805704476915
SPT42979	0.9999490885683342
SPT42980	0.3654954891845219
SPT42981	0.966512083551004
SPT42982	0.3857882031274685
SPT42983	0.9973661922139524
SPT42984	0.9999877374260258
SPT42985	0.7911968878830351
SPT42986	0.993565850716908
SPT42987	0.5258640129144412
SPT42988	0.7245419689154295
SPT42989	1.0
SPT42990	0.9950776904690004
SPT42991	0.5734024718394154
SPT42992	0.5512774310752508
SPT42993	0.9937292884706634
SPT42994	0.8257256721630378
SPT42995	0.9978112486106824
SPT42996	0.4970720773516531
SPT42997	0.7690694533312566
SPT42998	0.5103311100066148
SPT42999	0.7887081442808619
SPT43000	0.8827323536675988
SPT43001	0.9961339646662112
SPT43002	0.9958091407501576
SPT43003	0.9952473856749152
SPT43004	0.9988781000095618
SPT43005	0.994310894916972
SPT43006	0.9993504654394249
SPT43007	0.5167025258182516
SPT43008	0.5865836484266689
SPT43009	0.9990529198215056
SPT43010	0.95147440580956
SPT43011	0.9508300547012296
SPT43012	0.9884249383092762
SPT43013	0.9999753319096406
SPT43014	0.9988193990960555
SPT43015	0.8517659308772646
SPT43016	0.9192795644341484
SPT43019	0.996122359482942
SPT43021	0.5663262004539458
SPT43022	0.9934750808629093
SPT43023	0.5596011458964734
SPT43026	0.9997283149562832
SPT43028	0.4817784069629027
SPT43029	0.9971715404297744
SPT43030	0.6463261727917237
SPT43031	0.9958493400425492
SPT43032	0.6079445334727578
SPT43035	0.9954937648311644
SPT43036	0.849587765859449
SPT43037	0.9996800823853408
SPT43038	0.9999813731062228
SPT43041	0.996677163494816
SPT43043	0.9980435796444656
SPT43044	0.6460655432525026
SPT43045	0.995365224469184
SPT43046	0.9976333418875468
SPT43047	0.7327232843345703
SPT43048	0.995818388824119
SPT43049	0.9983346683650882
SPT43050	0.6300431449573201
SPT43051	0.9974509667971928
SPT43052	0.9964960813015292
SPT43053	0.99835047959792
SPT43054	0.995335776696012
SPT43056	0.9951741151944392
SPT43057	0.2901994828685533
SPT43058	0.9994866493229408
SPT43059	0.997617417717802
SPT43060	0.9914342126282412
SPT43061	0.9994385987796864
SPT43062	0.5708914301710939
SPT43063	0.9933065450625862
SPT43065	0.9976062944492418
SPT43066	0.7672283665428306
SPT43067	0.9946080921691688
SPT43068	0.996620984816398
SPT43069	0.9438339322930882
SPT43070	0.999242234798668
SPT43071	0.9969813231107384
SPT43072	0.709753719711972
SPT43075	0.4670638677254161
SPT43076	0.7735030893125747
SPT43077	0.9933813753704877
SPT43078	0.872724145782863
SPT43079	0.7581308762719825
SPT43080	0.9961868844716482
SPT43081	0.8250972079971637
SPT43083	0.9939445979683208
SPT43084	0.9956169302887532
SPT43085	0.7526229915741123
SPT43086	0.996386030125874
SPT43087	0.99954929106667
SPT43088	0.9981494372397768
SPT43089	0.995646467126172
SPT43093	0.9957703840819802
SPT43094	0.689773796337021
SPT43096	0.9984806943039908
SPT43097	0.9962239138629498
SPT43098	0.99970987074092
SPT43099	0.9993724941335907
SPT43100	0.9998538098590106
SPT43101	0.996505865335922
SPT43102	0.939998470263796
SPT43103	0.8435621849571011
SPT43104	0.9950281673391896
SPT43105	0.9927512310757628
SPT43106	0.6330554361478482
SPT43107	0.9959560843292088
SPT43108	0.6344068575040531
SPT43109	0.640836885250094
SPT43110	0.995522721067178
SPT43111	0.9967314099813652
SPT43112	0.9941823826776496
SPT43113	0.9974491114562324
SPT43115	0.6963206463931344
SPT43116	0.9992123627199792
SPT43117	0.9931662596197935
SPT43118	0.9974883598852284
SPT43119	0.8462920181737362
SPT43120	0.9999105965981264
SPT43121	0.991430433778534
SPT43122	0.9940465863356154
SPT43123	0.6431991299222357
SPT43124	0.999999999830558
SPT43125	0.999893702039388
SPT43126	0.995846494440234
SPT43127	0.7970569413206503
SPT43128	0.2862871127403719
SPT43129	0.6992794853489133
SPT43130	0.9963026761750564
SPT43131	0.7086238249640293
SPT43133	0.599176664657082
SPT43134	0.6792038184419233
SPT43135	0.9963658936003232
SPT43136	0.9988975089076456
SPT43137	0.99605925838853
SPT43138	0.8792809577394685
SPT43139	0.9003391675528577
SPT43140	0.9999999998482992
SPT43141	0.9995117221144088
SPT43142	0.995728887943697
SPT43143	0.9952285570717108
SPT43144	0.2840869835937881
SPT43145	0.996547870607932
SPT43146	0.999999999771104
SPT43147	0.9932548219879817
SPT43148	0.90935728601568
SPT43149	0.9973628699972028
SPT43150	0.5801535029027018
SPT43151	0.6380388801562623
SPT43152	0.9955272561190888
SPT43153	0.3349880790369723
SPT43154	0.9950490750019172
SPT43155	0.9952966252595216
SPT43156	0.997803069859961
SPT43157	0.9904050667002798
SPT43158	0.9602248967944932
SPT43159	0.994525413375883
SPT43160	0.9703648382595712
SPT43161	0.9967221025861844
SPT43162	0.7821093597392531
SPT43163	0.9955229152139742
SPT43164	0.9983680584733952
SPT43165	0.9483400145664244
SPT43166	0.5507876489638996
SPT43167	0.99983936135116
SPT43168	0.9956871269426972
SPT43169	0.8362221326578535
SPT43170	0.9979266000175347
SPT43171	0.993297597415513
SPT43172	0.9990343225748882
SPT43175	0.9947546129775788
SPT43176	0.999648606829984
SPT43177	0.998046361197547
SPT43178	0.5538292612263187
SPT43179	0.9764850827837565
SPT43180	0.9984180938636038
SPT43183	0.4248044019981868
SPT43184	0.9948596296989004
SPT43185	0.999025360475342
SPT43186	0.9941559198203362
SPT43187	0.6192678585962406
SPT43188	0.9050140419796654
SPT43191	0.998428135763104
SPT43192	0.6632173787037801
SPT43193	0.9915198975831734
SPT43194	0.9634873069895088
SPT43195	0.914137357834929
SPT43196	0.9930861961605996
SPT43197	0.9976657529837596
SPT43198	0.9961517069294756
SPT43199	0.7372817017826842
SPT43200	0.8661067866161418
SPT43201	0.9974816356994414
SPT43202	0.7495464884565088
SPT43203	0.9962890714892176
SPT43204	0.6112465568155647
SPT43205	0.9917766018671113
SPT43206	0.9964044192015242
SPT43208	0.9557163750304216
SPT43209	0.9963359226762484
SPT43210	0.997492096563989
SPT43211	0.5959010497820185
SPT43212	0.9931305682061624
SPT43213	0.7173871651696865
SPT43214	0.7689762766579569
SPT43215	0.8129130150745469
SPT43216	0.9993538951503
SPT43217	0.9889605694271292
SPT43218	0.9991431555031888
SPT43219	0.9999724074819588
SPT43220	0.9991770733199302
SPT43222	0.999359654482936
SPT43223	0.9990738576201283
SPT43224	0.998949565545947
SPT43225	0.520419017882258
SPT43226	0.7611843014186273
SPT43227	0.9982636821542598
SPT43228	0.9671582768358984
SPT43229	0.9987844611314184
SPT43230	0.9964780705662674
SPT43231	0.9991333717521306
SPT43232	0.9932855307926556
SPT43233	0.7720511634241435
SPT43234	0.2850549065389728
SPT43235	0.6766487667977232
SPT43236	0.9968416215167972
SPT43237	0.5300449569992642
SPT43238	0.4443506026518085
SPT43239	0.5997500391837747
SPT43240	0.3221319685823064
SPT43241	0.995386295490278
SPT43242	0.9964203701813924
SPT43243	0.9992333203416144
SPT43244	0.9999641984231556
SPT43246	0.4562811575739776
SPT43247	0.8683612745361102
SPT43248	0.9985731552574167
SPT43249	0.5613002519899155
SPT43250	0.8929360024174552
SPT43251	0.9998755992733416
SPT43252	0.9952680451937346
SPT43253	0.7783110065679517
SPT43254	0.576948207857976
SPT43255	0.9964706966208138
SPT43256	0.6733981427860245
SPT43257	0.9928740336127077
SPT43258	0.9969643097340992
SPT43259	0.5373821175552449
SPT43260	0.9990582754567215
SPT43261	0.9993017720475504
SPT43262	0.9968347125893972
SPT43263	0.995300055419748
SPT43264	0.9985829232891928
SPT43265	0.9947893053496129
SPT43266	0.413610834666102
SPT43267	0.3593417338716695
SPT43268	0.966992000727778
SPT43269	0.9680279802923908
SPT43270	0.998634423208431
SPT43271	0.994732623381888
SPT43272	0.6773375862078368
SPT43273	0.4542263545164455
SPT43274	0.9378679298949558
SPT43275	0.9988231778428324
SPT43276	0.7816985776248074
SPT43277	0.9954828427930704
SPT43279	0.9963075840100356
SPT43280	0.9941369312139108
SPT43281	0.9987279891110288
SPT43282	0.9952399918815324
SPT43283	0.6002803453327235
SPT43284	0.8576062069716415
SPT43285	0.677233704260701
SPT43286	0.998697568365058
SPT43287	0.9939529252768592
SPT43288	0.9997612318651258
SPT43289	0.738681419316574
SPT43290	0.9991931850982032
SPT43291	0.999275064559148
SPT43292	0.997853662039178
SPT43293	0.998636206850907
SPT43294	0.996610283729369
SPT43295	0.9979958554438336
SPT43296	0.793249584248962
SPT43297	1.0
SPT43298	0.9942591272032252
SPT43299	0.999587122187554
SPT43300	0.9028203815379756
SPT43301	0.9932117881032924
SPT43302	0.995943281572636
SPT43303	0.9940043951395704
SPT43304	0.5409764735375351
SPT43305	0.5865725553380401
SPT43306	0.9958588911872066
SPT43307	0.9991815629584728
SPT43308	0.9981930916300324
SPT43310	0.9993352133669322
SPT43311	0.8373291858818375
SPT43312	0.9186847463312604
SPT43313	0.9967174360205286
SPT43314	0.9981824449177128
SPT43315	0.7378118710927739
SPT43316	0.6918374222412902
SPT43317	0.9985318409228644
SPT43318	0.9998781596042584
SPT43319	0.6767011063128361
SPT43320	0.9964507786561676
SPT43321	0.799516648094384
SPT43322	0.9955328531990696
SPT43323	0.9960976664411224
SPT43324	0.9998737163066264
SPT43325	0.999718232158962
SPT43326	0.997898712541604
SPT43328	0.9930599032163284
SPT43329	0.997480242221233
SPT43330	0.9962363634615834
SPT43331	0.6503804551225747
SPT43333	0.9974603663785222
SPT43334	0.9988699023258232
SPT43335	0.5202563903378518
SPT43336	0.9937237406218709
SPT43337	0.7499805720465114
SPT43338	0.9971349245302532
SPT43339	0.999999999944908
SPT43340	0.9969902288482944
SPT43341	0.5231186827040661
SPT43342	0.7163340808977139
SPT43343	0.992966406573018
SPT43344	0.9146322227541472
SPT43345	0.998234689492932
SPT43346	0.9964363311185338
SPT43347	0.9986586511030264
SPT43348	0.999431180364348
SPT43349	0.7498243563659712
SPT43350	0.9975820710594668
SPT43351	0.763494448547165
SPT43352	0.9923977337485758
SPT43355	0.9992701599128334
SPT43356	0.9995229997483992
SPT43357	0.999320553013117
SPT43358	0.8761599156187362
SPT43359	0.9967446416382556
SPT43360	0.7752534753065081
SPT43361	0.9979489234086758
SPT43362	0.993159033780872
SPT43363	0.99521589964133
SPT43364	0.6284191000875061
SPT43365	0.9996920011351532
SPT43366	0.9987162406465072
SPT43367	0.995454741143288
SPT43368	0.9969503465003297
SPT43369	0.9972041368059568
SPT43370	0.7491993707925597
SPT43371	0.7954621563550688
SPT43372	0.9952748349576812
SPT43373	0.9984587441308436
SPT43374	0.9945166258624832
SPT43375	0.8506236071313864
SPT43376	0.990446434336344
SPT43377	0.9974686741366644
SPT43390	0.9939903242991937
SPT43391	0.5430594287622594
SPT43462	0.999685394950537
SPT43463	0.9947853262517776
SPT43467	0.9991303459959338
SPT43468	0.9996242361847256
SPT43469	0.9985837802540908
SPT43471	0.998587528163285
SPT43474	0.9999999995397624
SPT43475	0.9995613002502316
SPT43479	0.9998708047578282
SPT43480	0.9999812994984654
SPT43481	0.9998878214576218
SPT43483	0.9998984309305896
SPT43484	0.999999999329644
SPT43485	0.99954327556265
SPT43487	0.9985109402752508
SPT43488	0.9997168551555086
SPT43489	0.9996970045530604
SPT43490	0.999999999224596
SPT43491	0.9993234408585416
SPT43492	0.9995505094204484
SPT43517	0.9998532222177544
SPT43519	0.9996840893079648
SPT43526	0.9994756863103136
SPT43549	0.9998711216717512
SPT43565	0.9999999919552046
SPT43570	0.999356054791738
SPT43572	0.8594600345346364
SPT43573	0.9999724516843392
SPT43581	0.9216592396957392
SPT43582	0.999214162026532
SPT43584	0.8935856949817584
SPT43610	0.999999996236422
SPT43617	0.9424419497158896
SPT43618	0.91667176964538
SPT43620	0.9964600638149288
SPT43638	0.9995118962608952
SPT43639	0.9973523109532229
SPT43662	0.9984629159578572
SPT43673	0.8749163933075952
SPT43691	0.9540644312181514
SPT43725	0.999999991233719
SPT43730	0.9999651802457156
SPT43731	0.872011634219235
SPT43732	0.6771118334123294
SPT43733	0.618334507261874
SPT43734	0.996633974901408
SPT43735	0.9377039802664
SPT43736	0.9992203081389652
SPT43737	0.9963147865004796
SPT43738	0.9999425960412366
SPT43739	0.7535192681071824
SPT43741	0.9993583644846702
SPT43744	0.3943841343425369
SPT43745	0.9996121678866364
SPT43746	0.9459508485044172
SPT43747	0.9238759388552448
SPT43748	0.8139492592627176
SPT43749	0.9938103703899556
SPT43753	0.6144092920343223
SPT43754	0.999951634361761
SPT43755	0.9818654420062404
SPT43756	0.9988771788041528
SPT43757	0.9978585041536028
SPT43758	0.9984395642252968
SPT43759	0.670929549442082
SPT43760	0.9977916870267508
SPT43762	0.90373014911479
SPT43763	0.6619594658114512
SPT43764	0.948940081619008
SPT43765	0.6324915939578124
SPT43766	0.9874204718191604
SPT43768	0.9175200478440688
SPT43769	0.9992868483627598
SPT43771	0.9618643419731444
SPT43773	0.9984103894501968
SPT43774	0.999070508301472
SPT43775	0.9996593625011104
SPT43777	0.781514295590102
SPT43778	0.9996428583850928
SPT43779	0.990029119100277
SPT43781	0.8509703403436939
SPT43782	0.8949059534355154
SPT43783	0.998857660971516
SPT43784	0.6914207524711085
SPT43785	0.997103149160136
SPT43786	0.9833438866611948
SPT43787	0.7782466318389796
SPT43788	0.5342696540349783
SPT43789	0.9890329426487028
SPT43790	0.9989992017090734
SPT43791	0.8001113333198662
SPT43792	0.986076805953582
SPT43793	0.999001256703771
SPT43794	0.9986063229082732
SPT43795	0.9989007117198208
SPT43796	0.9998561123129636
SPT43797	0.9998689036657792
SPT43798	0.9983840115292488
SPT43800	0.8638493484369212
SPT43801	0.9680803435182798
SPT43802	0.9949503975173852
SPT43803	0.5096007918528991
SPT43804	0.9988495354875112
SPT43805	0.9980633091949136
SPT43806	0.7597884648341824
SPT43807	0.9808420769566426
SPT43809	0.5943955110522705
SPT43811	0.944131209257898
SPT43812	0.878645836638525
SPT43813	0.9049739301921008
SPT43814	0.8461575481653438
SPT43815	0.8902534028361541
SPT43816	0.9952442116014456
SPT43817	0.8941909339095463
SPT43818	0.9973373623128834
SPT43821	0.9990167237486128
SPT43822	0.9991295423464488
SPT43823	0.997917382260069
SPT43827	0.9948207823086708
SPT43830	0.7232070179855934
SPT43831	0.9998714711230008
SPT43832	0.8229931680432505
SPT43834	0.9499258471250884
SPT43835	0.9455666676199166
SPT43836	0.9977444448766614
SPT43839	0.999929921607338
SPT43840	0.7741004539512424
SPT43841	0.9481118055025076
SPT43842	0.9009061361827244
SPT43843	0.9993059523611552
SPT43844	0.9998807096379247
SPT43845	0.4915932566631845
SPT43846	0.9697963600116458
SPT43847	0.9905356984034974
SPT43848	0.937904156090521
SPT43851	0.9948881108907752
SPT43852	0.9987007646434868
SPT43853	0.999296824282736
SPT43854	0.9951722107204788
SPT43855	0.4812472484548964
SPT43856	0.7292883855400315
SPT43857	0.9988160537023294
SPT43858	0.9999385044567932
SPT43859	0.9377439427715912
SPT43860	0.97984020512756
SPT43862	0.7980346848511652
SPT43863	0.9002545062695138
SPT43864	0.9999999991936936
SPT43865	0.9028506219642264
SPT43866	0.9964892164726774
SPT43868	0.441433294861023
SPT43869	0.714027415250419
SPT43870	0.8250039200313175
SPT43871	0.9489143366404702
SPT43872	0.9999811082169826
SPT43873	0.9992986099338332
SPT43875	0.6332316072344708
SPT43876	0.9359456757018833
SPT43878	0.639301784202761
SPT43879	0.9979957803108858
SPT43880	0.9998600779451844
SPT43881	0.925190105140026
SPT43882	0.9996165484863748
SPT43884	0.7576996870125399
SPT43885	0.9992681658383128
SPT43886	0.999695590296723
SPT43887	0.9945962599510914
SPT43890	0.9396300822141748
SPT43892	0.9955110616725372
SPT43893	0.9961819443358094
SPT43895	0.7329742763683772
SPT43896	0.999588287693615
SPT43898	0.9978827373498425
SPT43899	0.9768296089030452
SPT43900	0.6168796790556452
SPT43902	0.8980638587795806
SPT43903	0.9998481793755472
SPT43904	0.999677571017378
SPT43905	0.998171282025736
SPT43906	0.9882380760571408
SPT43907	0.6126472821598703
SPT43908	0.639644624414409
SPT43909	0.9973331872152164
SPT43911	0.996540431519602
SPT43912	0.9990830420832792
SPT43913	0.9814763154862663
SPT43914	0.9638265924013516
SPT43915	0.9990778839027254
SPT43917	0.7533770222395267
SPT43918	0.9981767704931842
SPT43919	0.9939300831393656
SPT43920	0.9979019179241432
SPT43921	0.6261599386040593
SPT43922	0.999336519179854
SPT43923	0.5744969973734239
SPT43924	0.8119783802713744
SPT43925	0.9429239474940088
SPT43926	0.916196787369876
SPT43928	0.9989613753655576
SPT43929	0.6419630078356378
SPT43930	0.8696957698652548
SPT43931	0.9942589212482776
SPT43932	0.9707787346772822
SPT43933	0.2659348256185098
SPT43934	0.8885586341604389
SPT43935	0.8138452696026617
SPT43937	0.971181964712374
SPT43938	0.99958321245411
SPT43939	0.9984089243333316
SPT43940	0.9979550157690004
SPT43941	0.5406747406046064
SPT43944	0.9397275673112812
SPT43946	0.6215521586613458
SPT43948	0.9996280392578516
SPT43949	0.6501729781422033
SPT43950	0.9280945510293236
SPT43951	0.7335745361205239
SPT43952	0.9228128027634578
SPT43953	0.9992509811625286
SPT43954	0.9993347375507676
SPT43955	0.9966651460217631
SPT43956	0.999025063789908
SPT43957	0.9811426962144606
SPT43958	0.9995744902163975
SPT43962	0.9112945263193016
SPT43963	0.9937308286435612
SPT43964	0.9353728599805534
SPT43967	0.8973726322756356
SPT43969	0.99519505348171
SPT43970	0.64857465824897
SPT43971	0.8678442104412168
SPT43972	0.671803856728593
SPT43973	0.8847184540011033
SPT43974	0.9439816869993696
SPT43975	0.676082072120363
SPT43977	0.994876106627436
SPT43978	0.5387639595406767
SPT43980	0.9997786746309868
SPT43981	0.9998621339266208
SPT43982	0.9969528399765336
SPT43983	0.4840903445266392
SPT43984	0.7262205000271522
SPT43985	0.999295505427556
SPT43986	0.6209706726304132
SPT43988	0.9975847502687674
SPT43992	0.9517097992848432
SPT43994	0.996525738551022
SPT43995	0.9729038719616628
SPT43996	0.4075532693300892
SPT43997	0.9984369843888756
SPT43999	0.9037937409325038
SPT44002	0.9990917035527854
SPT44003	0.9973933391301916
SPT44005	0.8583779091668298
SPT44009	0.6678492151639346
SPT44010	0.6302122002316808
SPT44011	0.7128196084183109
SPT44016	0.9013109063215964
SPT44017	0.6904991305797179
SPT44018	0.995443222003146
SPT44022	0.5172156276678186
SPT44024	0.9991353994886264
SPT44025	0.9948327957284208
SPT44036	0.9992421779592464
SPT44038	0.4746767282311052
SPT44042	0.9959611058935752
SPT44045	0.9992138649278144
SPT44046	0.8569854525475615
SPT44050	0.7852252508124331
SPT44054	0.9487878027078738
SPT44057	0.969977748300546
SPT44064	0.663117833416019
SPT44065	0.7581249078969935
SPT44068	0.9964090390266236
SPT44070	0.945445545997031
SPT44071	0.9347481063103876
SPT44072	0.7169983805764027
SPT44073	0.8758626785114824
SPT44075	0.900926005076458
SPT44076	0.9954873150371066
SPT44077	0.965861025569215
SPT44082	0.9880124466239616
SPT44083	0.7159772338349066
SPT44085	0.9991192650727688
SPT44086	0.9954380529300708
SPT44099	0.8850344727946253
SPT44107	0.8281701296069081
SPT44111	0.9967716694024834
SPT44116	0.9959677148622388
SPT44118	0.9986875745832168
SPT44121	0.9997416633122876
SPT44125	0.7121520247709565
SPT44128	0.9932047098002906
SPT44129	0.8773817018141111
SPT44142	0.991152623162841
SPT44143	0.9451833414367216
SPT44144	0.9965257525376328
SPT44157	0.9555131877042404
SPT44158	0.994312351987308
SPT44160	0.7244405730938258
SPT44167	0.4516628862223983
SPT44170	0.8081190517209049
SPT44197	0.9391137609521978
SPT44198	0.987134427727524
SPT44209	0.9991695252892342
SPT44211	0.9596357891523898
SPT44228	0.8026075451846888
SPT44253	0.9998166211109348
SPT44255	0.8499355217452574
SPT44271	0.7805936762347184
SPT44274	0.9976768594375968
SPT44275	0.8597659091485887
SPT44279	0.9380199777752826
SPT44293	0.9970137726176918
SPT44295	0.982698999666106
SPT44296	0.6341145159120427
SPT44298	0.9978316126855196
SPT44299	0.9934525498158444
SPT44301	0.9994602120416758
SPT44304	0.9217255660979664
SPT44305	0.5170480384110621
SPT44307	0.99954431755908
SPT44308	0.998246406123154
SPT44312	0.9991251914647944
SPT44318	0.919980868498104
SPT44328	0.6709200165084679
SPT44335	0.7944372288603688
SPT44336	0.9993010196863472
SPT44337	0.9969795054733228
SPT44341	0.7583592070175335
SPT44348	0.9048318223229836
SPT44349	0.9152843419315924
SPT44351	0.998028405489416
SPT44352	0.9749354474175383
SPT44354	0.9638273230231548
SPT44360	0.9998307154199304
SPT44362	0.8072439337399168
SPT44364	0.8385223928827811
SPT44367	0.5969954137818908
SPT44369	0.8452721505793439
SPT44371	0.8544146989483185
SPT44378	0.8124751831462491
SPT44384	0.932366288691771
SPT44391	0.7213896185733802
SPT44408	0.8944265228705085
SPT44416	0.6559065224883214
SPT44423	0.908216424684994
SPT44426	0.8779706601158428
SPT44434	0.9997423069416064
SPT44438	0.998284963045722
SPT44461	0.9156042516646636
SPT44477	0.9413746172372476
SPT44504	0.875509974432012
SPT44508	0.9160987994038288
SPT44539	0.942302878984695
SPT44551	0.9996288929179163
SPT44552	0.8615010669300008
SPT44553	0.9828604405668512
SPT44555	0.4426927840525736
SPT44556	0.9293344024896104
SPT44557	0.929633868528122
SPT44558	0.9681283416283462
SPT44560	0.2832889386708119
SPT44561	0.99823057367428
SPT44565	0.6133454849412918
SPT44566	0.7045493979704509
SPT44567	0.6444679545428584
SPT44568	0.9975975170261296
SPT44569	0.9999709380784632
SPT44570	0.9921675037721956
SPT44571	0.7340153359111424
SPT44572	0.8264315596154349
SPT44573	0.9487034002016144
SPT44574	0.99515960610386
SPT44575	0.6593203652800776
SPT44576	0.995845115732066
SPT44577	0.7551055559999058
SPT44578	0.871119839297216
SPT44579	0.999156558842202
SPT44580	0.9979345337239424
SPT44581	0.9785426226965036
SPT44582	0.690542407238061
SPT44583	0.9978409654469008
SPT44584	0.7101765278113885
SPT44585	0.8816376368200642
SPT44586	0.6056460213298129
SPT44587	0.8323368912322738
SPT44588	0.8450892830553751
SPT44589	0.9882392212956236
SPT44590	0.8448812402404086
SPT44591	0.9404392247444658
SPT44593	0.5143839046887222
SPT44594	0.9998882768664245
SPT44596	0.9027588071989372
SPT44597	0.996246861854232
SPT44598	0.8786365925385471
SPT44599	0.9982080913337634
SPT44600	0.5811553330850512
SPT44601	0.9316084612118356
SPT44602	0.3443587534523959
SPT44603	0.9948540218667324
SPT44604	0.7752483011007077
SPT44605	0.7057160216039999
SPT44606	0.9984169113815302
SPT44607	0.8775504303648203
SPT44608	0.5767202401749936
SPT44609	0.8938314048747414
SPT44610	0.9942734399476892
SPT44611	0.9987471128554728
SPT44612	0.9983077120001552
SPT44614	0.9985918312665876
SPT44615	0.9987402308962704
SPT44616	0.3040948959549835
SPT44617	0.794110805826588
SPT44620	0.9981169243028452
SPT44621	0.991600836412042
SPT44622	0.7161296143324596
SPT44623	0.6834459444002576
SPT44624	0.7216022938293937
SPT44627	0.9981635910151638
SPT44628	0.9990070023652182
SPT44629	0.9990735785321772
SPT44630	0.9980769699764904
SPT44631	0.5730537639543122
SPT44632	0.9943742107540272
SPT44633	0.8872302518630982
SPT44634	0.5618558985453692
SPT44635	0.3867122611671472
SPT44636	0.9984336103041492
SPT44637	0.7346496277168362
SPT44638	0.9984866423087396
SPT44639	0.9966223450946052
SPT44641	0.6038338080252126
SPT44642	0.9891868123580896
SPT44643	0.8049767039050503
SPT44644	0.645361380577917
SPT44645	0.9928961731931027
SPT44646	0.4529013678545086
SPT44647	0.6676718039148402
SPT44648	0.533324598974504
SPT44649	0.7346756003323067
SPT44650	0.9980658134221746
SPT44651	0.984015610938511
SPT44652	0.9993231067459
SPT44653	0.9884474019766128
SPT44655	0.996778623021738
SPT44656	0.6737382930933803
SPT44657	0.999597911833069
SPT44658	0.9952610944630234
SPT44659	0.9994422521479324
SPT44660	0.9952020837248736
SPT44661	0.403238662756018
SPT44662	0.9944126676606324
SPT44663	0.7148821546204511
SPT44664	0.9929327636122872
SPT44665	0.9993034372554844
SPT44666	0.7350087849600223
SPT44667	0.992534459297814
SPT44668	0.9900661118298062
SPT44669	0.999790548745455
SPT44670	0.4825400151016614
SPT44671	0.998483983305976
SPT44674	0.8033426664132041
SPT44675	0.7542185025218533
SPT44676	0.9974735407974944
SPT44678	0.6237087098850891
SPT44679	0.948389410872369
SPT44681	0.9978125139861558
SPT44682	0.9978859006683276
SPT44683	0.9422621913586195
SPT44685	0.9993284697252284
SPT44686	0.9999577743875436
SPT44687	0.9989822719137584
SPT44688	0.5715646789383595
SPT44689	0.8883362431434884
SPT44690	0.7939027354645661
SPT44691	0.5333788941954756
SPT44692	0.9993018874522808
SPT44693	0.8144236844194274
SPT44694	0.9981078101868456
SPT44695	0.9991870110832812
SPT44697	0.999883096334898
SPT44700	0.9230459682343866
SPT44701	0.9985650392091674
SPT44702	0.998472244351102
SPT44703	0.6657681453931061
SPT44704	0.9973227413342124
SPT44706	0.7043899982518799
SPT44708	0.9664641718689088
SPT44709	0.908159988860452
SPT44710	0.9999999964717314
SPT44711	0.6428779006694094
SPT44712	0.5464733106773558
SPT44713	0.9297154392965348
SPT44716	0.9991165934732252
SPT44717	0.9999999971416424
SPT44719	0.9991156102407598
SPT44724	0.7963575248977709
SPT44725	0.9985813486389804
SPT44726	0.9984589113362816
SPT44735	0.9984724626069694
SPT44739	0.9982997984292944
SPT44752	0.9992597832798068
SPT44755	0.9081803143496504
SPT44760	0.7755168370352692
SPT44814	0.939995081370792
SPT44820	0.6750806022651734
SPT44824	0.9008807753085256
SPT44827	0.8574367199637791
SPT44828	0.995442778916476
SPT44829	0.6810969990855792
SPT44831	0.9997310630634432
SPT44832	0.4919345446973912
SPT44835	0.9979080895732028
SPT44837	0.6576688520199572
SPT44839	0.6348502646688803
SPT44840	0.8975497855279229
SPT44841	0.9990576223595862
SPT44843	0.9993736889673148
SPT44844	0.998872353377126
SPT44845	0.9780241767967424
SPT44846	0.7211055692383191
SPT44851	0.6092402334061076
SPT44852	0.9995785794755172
SPT44854	0.9999999933945596
SPT44856	0.9986658177719058
SPT44857	0.5207619650179288
SPT44859	0.8844439727276178
SPT44860	0.9968792354154064
SPT44861	0.6700142588820976
SPT44862	0.6027331255336683
SPT44863	0.9987943648974112
SPT44864	0.8234397279116593
SPT44865	0.7025207388900185
SPT44866	0.9939796492496926
SPT44867	0.9652743907092268
SPT44868	0.5128998481666079
SPT44869	0.99597994249173
SPT44870	0.9998460991017624
SPT44871	0.8069318416371593
SPT44875	0.5619215232902871
SPT44876	0.5460172950105813
SPT44877	0.74300788484964
SPT44879	0.7323156933466992
SPT44880	0.9971238342214944
SPT44883	0.9995676281714668
SPT44884	0.8470362183610763
SPT44885	0.66897745718032
SPT44886	0.999090969144584
SPT44888	0.9999999977363956
SPT44889	0.9987479226569828
SPT44891	0.9969372638670124
SPT44892	0.9995882585605176
SPT44894	0.319290543654699
SPT44895	0.7863541698704615
SPT44896	0.8013995055017211
SPT44897	0.7339673587927904
SPT44898	0.5681946547131618
SPT44899	0.988049519151274
SPT44902	0.995682850916232
SPT44903	0.9934763003468132
SPT44906	0.8056265639868381
SPT44907	0.7770617473062784
SPT44908	0.7883610244983555
SPT44909	0.8995842968600152
SPT44910	0.6058802326807776
SPT44911	0.8172840787281934
SPT44912	0.959136693123162
SPT44913	0.687724923067343
SPT44914	0.9924396749653788
SPT44915	0.6930788674013508
SPT44916	0.9831421919327268
SPT44917	0.9953142641858604
SPT44918	0.9914603811053074
SPT44919	0.9978268247616592
SPT44925	0.7316533878593241
SPT44926	0.8598968794506129
SPT44928	0.9944749541014282
SPT44929	0.4150687429259191
SPT44934	0.6668132464902576
SPT44935	0.884695254326225
SPT44937	0.986395799494702
SPT44939	0.993043556125694
SPT44943	0.8103879331789017
SPT44944	0.9997797504749814
SPT44945	0.9973962970258876
SPT44947	0.998865800272754
SPT44948	0.9956146842734664
SPT44949	0.6220862425124831
SPT44950	0.779170228613433
SPT44952	0.994214306664736
SPT44958	0.6544430300424267
SPT44959	0.2814608678389185
SPT44960	0.9996699909612988
SPT44961	0.9986433303297
SPT44964	0.9998036637097452
SPT44965	0.7285982923543733
SPT44966	0.9979844326269218
SPT44968	0.9731352760735272
SPT44973	0.6237902872460095
SPT44974	0.8899584123966011
SPT44975	0.9962553275067476
SPT44976	0.9977974553975514
SPT44977	0.9994780775074024
SPT44978	0.8448551347444979
SPT44980	0.997305323686332
SPT44981	0.7439364995056196
SPT44982	0.6673703802260614
SPT44983	0.9719655299114336
SPT44984	0.994846253209263
SPT44989	0.9962802428133324
SPT44990	0.9999999991372612
SPT44997	0.5805606785460913
SPT44998	0.8138213981093334
SPT44999	0.8902835413856426
SPT45000	0.8440633841278056
SPT45002	0.9041986211715042
SPT45003	0.8449871253279084
SPT45004	0.4085973407524229
SPT45007	0.7578000210230158
SPT45011	0.7310279948924401
SPT45013	0.8887362495763016
SPT45014	0.8648474938917424
SPT45016	0.9889649203878408
SPT45018	0.9984380265576122
SPT45019	0.4189902122330659
SPT45020	0.9823466344671428
SPT45022	0.7055856349412672
SPT45024	0.9509435609198184
SPT45026	0.9268752584950232
SPT45027	0.9993861842863488
SPT45028	0.9983955812674644
SPT45029	0.9998455243137272
SPT45030	0.6210086315139116
SPT45033	0.9986183293817344
SPT45035	0.5824349576581516
SPT45036	0.933693901781351
SPT45039	0.9939917267591492
SPT45040	0.6214353574781019
SPT45041	0.9962396930188668
SPT45042	0.7320247416063945
SPT45043	0.9966731095666204
SPT45044	0.9363932537422304
SPT45045	0.5575759552316898
SPT45047	0.9831894722271892
SPT45048	0.7944267524108515
SPT45049	0.7681938833218592
SPT45050	0.997873167980805
SPT45051	0.9996491357852996
SPT45052	0.7614510989155282
SPT45053	0.624885889363298
SPT45054	0.8553445591804922
SPT45056	0.9994814903942
SPT45057	0.9248914030088352
SPT45058	0.983403472072584
SPT45059	0.9518039785745468
SPT45060	0.9117920248265454
SPT45061	0.9915939075125264
SPT45062	0.6739768845695768
SPT45063	0.9988906399278894
SPT45064	0.6115150162114737
SPT45066	0.9916793736575104
SPT45068	0.549207017214205
SPT45069	0.9989676747809018
SPT45071	0.998988248098899
SPT45072	0.8758725664745545
SPT45073	0.8636666113866769
SPT45074	0.9977300352330896
SPT45075	0.9994866585704822
SPT45076	0.9995252834930346
SPT45077	0.9999914627417968
SPT45078	0.7131424229498378
SPT45079	0.9986907353443392
SPT45081	0.9998695688704116
SPT45082	0.8855991146487665
SPT45084	0.7250744618062874
SPT45085	0.996307383866329
SPT45086	0.7123222624334488
SPT45087	0.998027938279884
SPT45088	0.999404857811515
SPT45089	0.9999999994512015
SPT45090	0.7207554674792913
SPT45091	0.6482412727218492
SPT45092	0.9999999926962528
SPT45093	0.533923071818848
SPT45095	0.9977522304225148
SPT45096	0.6482222734019359
SPT45097	0.9979903569878036
SPT45098	0.9716003908959636
SPT45099	0.9995459234556028
SPT45100	0.9967622036413908
SPT45101	0.9993043430008544
SPT45102	0.9858732611474864
SPT45103	0.4584216780705508
SPT45105	0.9996799275654396
SPT45106	0.9990158616174748
SPT45108	0.456513380541233
SPT46076	0.9999217571310184
SPT46077	0.9973978262039422
SPT46078	0.418484157384635
SPT46079	0.99801388775035
SPT46080	0.9975173795389954
SPT46081	0.9982776329311576
SPT46083	0.9975458210965809
SPT46085	0.4577939632880003
SPT46086	0.7992525793143141
SPT46087	0.9999761508105816
SPT46088	0.5964856738018438
SPT46089	0.9988351393309596
SPT46090	0.7287705633504873
SPT46092	0.7532508724516447
SPT46093	0.992670221070256
SPT46094	0.9993776211797082
SPT46096	0.9998823658104232
SPT46098	0.4138268121629052
SPT46099	0.9982593743991952
SPT46100	0.714349479088909
SPT46101	0.998505144713258
SPT46102	0.9970165226262628
SPT46103	0.9988035134618788
SPT46105	0.9862777103241024
SPT46106	0.6953281167327308
SPT46107	0.7678649259281267
SPT46108	0.998348350608412
SPT46109	0.376479332366527
SPT46110	0.8449726664298793
SPT46112	0.9805782906770336
SPT46113	0.9980550712182148
SPT46114	0.272844471652292
SPT46115	0.7827009552908757
SPT46116	0.9988007757268396
SPT46118	0.999505231281224
SPT46119	0.997787574154956
SPT46120	0.6881527845820385
SPT46121	0.6260928330613871
SPT46122	0.9926427534769848
SPT46123	0.4734370335108283
SPT46124	0.9037019191164842
SPT46125	0.8752649886728144
SPT46126	0.7656775415857848
SPT46127	0.9974264639030368
SPT46128	0.9987271842118572
SPT46129	0.7288233898817993
SPT46131	0.787830833964187
SPT46132	0.7514293225287721
SPT46133	0.5155395612991285
SPT46135	0.9964751931552152
SPT46136	0.6732666040971292
SPT46137	0.9147438375775568
SPT46138	0.9977486067016802
SPT46140	0.3599252380179658
SPT46141	0.5885759053278766
SPT46142	0.5763997002179817
SPT46143	0.7756335958582772
SPT46144	0.9954313569303272
SPT46145	0.5952323738489655
SPT46146	0.9998896949753788
SPT46148	0.5653760275438402
SPT46149	0.9876551832707744
SPT46150	0.5201308382459708
SPT46151	0.6755254538601274
SPT46152	0.9964502668808772
SPT46153	0.4618368604906147
SPT46154	0.9977741385910333
SPT46155	0.8713124154439421
SPT46156	0.6717512959220078
SPT46157	0.999970338157032
SPT46158	0.8750039752415489
SPT46159	0.7040880017134619
SPT46160	0.9835124589596044
SPT46161	0.6475281646673292
SPT46162	0.9978715383900202
SPT46163	0.9975046054057568
SPT46164	0.9275609204582502
SPT46165	0.6696689550182633
SPT46166	0.9998654181299038
SPT46167	0.9968936299580422
SPT46168	0.7919705048555952
SPT46169	0.9948450487974912
SPT46170	0.8244262988992311
SPT46171	0.9933521754942586
SPT46172	0.7677883995174131
SPT46173	0.9988735312894012
SPT46174	0.9989253045725628
SPT46175	0.9997005978997376
SPT46178	0.944485556272394
SPT46179	0.9974876876833568
SPT46180	0.9985984834245348
SPT46182	0.9965620509314724
SPT46183	0.7123034163322606
SPT46184	0.9122679610247972
SPT46185	0.9997348764083756
SPT46186	0.7770220760175117
SPT46187	0.9996759556291576
SPT46191	0.5376142939153419
SPT46192	0.999126030545982
SPT46193	0.999158635887107
SPT46194	0.908511239931403
SPT46195	0.5719954296232235
SPT46196	0.9997993633186056
SPT46197	0.9953278959574364
SPT46199	0.8066173887031406
SPT46200	0.999585853271328
SPT46201	0.9968505791959948
SPT46202	0.7356195088496328
SPT46204	0.9984397750635956
SPT46205	0.9996441550415328
SPT46206	0.943417236727774
SPT46207	0.7926650682323599
SPT46208	0.9141521172163832
SPT46209	0.9994048006016052
SPT46210	0.7572267037027994
SPT46211	0.6281213967343849
SPT46212	0.8514748446854026
SPT46213	0.999051918885747
SPT46214	0.9682524028632382
SPT46216	0.9996964973921184
SPT46218	0.999211619045968
SPT46219	0.989533540600412
SPT46220	0.9979590214285244
SPT46222	0.9976712574369984
SPT46223	0.9971351285986908
SPT46225	0.9942985203762896
SPT46226	0.9997395119725586
SPT46227	0.6317159527488516
SPT46229	0.9985587385385936
SPT46230	0.9994421107165304
SPT46231	0.9998525347971452
SPT46232	0.9510836979733012
SPT46233	0.9932696436547904
SPT46234	0.5889896737632732
SPT46235	0.995912027991101
SPT46236	0.6681469184931867
SPT46237	0.9551975848432254
SPT46238	0.9972802438262364
SPT46239	0.9896725948691044
SPT46240	0.9531760765701351
SPT46241	0.9680283766039786
SPT46242	0.9801106643985464
SPT46243	0.5368074235425262
SPT46244	0.8344328593070198
SPT46245	0.992779203060605
SPT46246	0.890648978190637
SPT46247	0.8863335925881515
SPT46248	0.99893772668916
SPT46251	0.7632567383637807
SPT46252	0.5254880112793656
SPT46254	0.9791241900571676
SPT46255	0.917469705746061
SPT46257	0.9906450523910396
SPT46258	0.8522091856471566
SPT46259	0.9990090010719792
SPT46260	0.9990445615726192
SPT46261	0.7681229135998543
SPT46262	0.9991304561474988
SPT46263	0.9301499032305732
SPT46264	0.9773422256733978
SPT46265	0.9973836645739148
SPT46266	0.9390025360671408
SPT46267	0.9961802684699722
SPT46268	0.9193028423877794
SPT46269	0.6828676275819268
SPT46270	0.9960197906187054
SPT46271	0.6455323835989164
SPT46272	0.5206084121870105
SPT46273	0.8753422070663579
SPT46274	0.9993847817997096
SPT46275	0.6330995543472706
SPT46276	0.931983782380773
SPT46277	0.9953484592730792
SPT46278	0.9164617563383034
SPT46279	0.4835367121223353
SPT46280	0.6327212949867389
SPT46281	0.605137662489357
SPT46282	0.9641344726272462
SPT46283	0.9979263838624108
SPT46284	0.6544236859025154
SPT46285	0.8305089726842145
SPT46286	0.9936360918898444
SPT46287	0.9962457955252194
SPT46288	0.7245580657527957
SPT46289	0.995386616179914
SPT46290	0.4001440306215788
SPT46291	0.4865300507425499
SPT46292	0.5392662221162425
SPT46293	0.4284293941623183
SPT46295	0.5930425760480864
SPT46296	0.5694586751357147
SPT46297	0.6344411737848272
SPT46298	0.5725345671298542
SPT46299	0.9993869695701076
SPT46300	0.993938607756542
SPT46302	0.994279179848229
SPT46303	0.8802275721289072
SPT46304	0.9979673523130912
SPT46306	0.990000036191488
SPT46307	0.9925090044962463
SPT46308	0.9970569850237958
SPT46309	0.9129731267401856
SPT46310	0.8830434507234959
SPT46311	0.6261988699714933
SPT46313	0.4632329047972737
SPT46314	0.7595164400023987
SPT46315	0.8382246984455924
SPT46316	0.996380904197205
SPT46317	0.9980486289407904
SPT46318	0.3635503355827632
SPT46319	0.9964933466086952
SPT46320	0.7486826244820983
SPT46321	0.6890799168127311
SPT46322	0.9955237118920116
SPT46323	0.9601352795807911
SPT46324	0.9960609074740407
SPT46325	0.9293822854839632
SPT46326	0.760144392497569
SPT46327	0.4741155564976154
SPT46328	0.6134958952012852
SPT46329	0.4998321033178741
SPT46330	0.9927564712407492
SPT46331	0.9998332467374964
SPT46332	0.995885144506209
SPT46333	0.9993570403638524
SPT46334	0.9977921552755308
SPT46335	0.9942383506500588
SPT46336	0.7743051471991041
SPT46337	0.4715728900072194
SPT46338	0.3494806388890635
SPT46341	0.4702201377640074
SPT46342	0.5672772498379699
SPT46343	0.6351037930192851
SPT46344	0.323482397384904
SPT46345	0.911386162501776
SPT46346	0.9667286847940822
SPT46347	0.601671237477412
SPT46348	0.9961194440882924
SPT46349	0.5655625419268095
SPT46350	0.999532791137924
SPT46351	0.9986869159527364
SPT46352	0.9965358212801934
SPT46353	0.9990994385270354
SPT46354	0.9441097503475347
SPT46355	0.6444230073711901
SPT46356	0.7044243391016964
SPT46357	0.6775731526539748
SPT46358	0.9995955807875736
SPT46359	0.9031899651976742
SPT46360	0.4431274669272581
SPT46361	0.6049212945845233
SPT46362	0.999410941331728
SPT46363	0.8521177596425343
SPT46364	0.9997073676012008
SPT46365	0.6661480179244186
SPT46367	0.9978252681307151
SPT46369	0.9991256055082954
SPT46370	0.997118893047906
SPT46372	0.7454974534495213
SPT46373	0.99874571757579
SPT46374	0.995531452842502
SPT46375	0.8674258812116227
SPT46376	0.4722950283499147
SPT46377	0.9997717682762493
SPT46378	0.9602206272515492
SPT46379	0.9993145987720966
SPT46380	0.9978300143816844
SPT46381	0.6854203214217186
SPT46382	0.9961340692235148
SPT46383	0.998912364184358
SPT46384	0.9889130605820244
SPT46385	0.9965049265171428
SPT46386	0.7374440623064693
SPT46387	0.9996110166891256
SPT46388	0.9996161399612726
SPT46389	0.4165738871006229
SPT46390	0.9157589657825074
SPT46391	0.7830072932967522
SPT46392	0.6824345006017764
SPT46393	0.8785162998014688
SPT46394	0.9950886165786768
SPT46395	0.9378383493196856
SPT46396	0.9989652060191764
SPT46397	0.408861992644139
SPT46398	0.2990476586716782
SPT46399	0.9976544658624196
SPT46401	0.8465776611752495
SPT46402	0.7538535313123805
SPT46404	0.5534119780494838
SPT46405	0.9987491400755684
SPT46406	0.9984151941851044
SPT46408	0.9389965975316186
SPT46409	0.9995907882793892
SPT46411	0.97051012458279
SPT46412	0.7745737572248796
SPT46413	0.984336708645728
SPT46415	0.9806459807574958
SPT46416	0.9708569798780874
SPT46417	0.9609105514535023
SPT46418	0.9990988021617616
SPT46419	0.7095546764864908
SPT46420	0.9791662746978824
SPT46421	0.99912542722699
SPT46422	0.9589599868482572
SPT46423	0.6632667088507052
SPT46424	0.9116512004835235
SPT46425	0.8933560529398028
SPT46426	0.838425436900417
SPT46427	0.6027231858957942
SPT46428	0.8067186442564847
SPT46429	0.425837079725255
SPT46430	0.9983346517804258
SPT46432	0.8748670451039043
SPT46433	0.9150920940308832
SPT46434	0.9648123192651296
SPT46436	0.9981956409021426
SPT46437	0.941715762041326
SPT46438	0.9999999992124272
SPT46439	0.5649200677904517
SPT46440	0.9848830867711016
SPT46441	0.8096960496828519
SPT46442	0.762120341361661
SPT46443	0.7681414265172987
SPT46444	0.9991577475991316
SPT46445	0.997702256587981
SPT46446	0.7347376768255454
SPT46447	0.9972922904624352
SPT46448	0.6264411385669291
SPT46449	0.9998267878323366
SPT46450	0.998410345401486
SPT46451	0.8334146648883392
SPT46452	0.9983114017565918
SPT46453	0.563139499339409
SPT46454	0.938001161650216
SPT46455	0.7350640753581064
SPT46456	0.8002780442092294
SPT46457	0.9966301393101228
SPT46458	0.9963944862452524
SPT46459	0.9983862694028596
SPT46460	0.5207435439214629
SPT46461	0.6873167278862731
SPT46463	0.6007483311372122
SPT46464	0.9962719201410614
SPT46465	0.5828872170751499
SPT46466	0.7311100296237003
SPT46467	0.982935205448996
SPT46468	0.4075642077427023
SPT46469	0.9796537315078946
SPT46470	0.9991610517881394
SPT46471	0.9993645795834682
SPT46472	0.8009793231127658
SPT46473	0.8484894130592309
SPT46474	0.9980356860873806
SPT46475	0.9944440397837518
SPT46476	0.921316090887486
SPT46477	0.9999999998211978
SPT46478	0.8750728348303723
SPT46479	0.9760378222620452
SPT46480	0.890137807085113
SPT46481	0.7296184464206978
SPT46482	0.9955858209721428
SPT46483	0.9999703381773593
SPT46484	0.8638745361970392
SPT46486	0.6681540581819587
SPT46488	0.7517850002178896
SPT46489	0.7212915197935952
SPT46490	0.6997954527537005
SPT46491	0.7877576865306204
SPT46492	0.9993517776971398
SPT46493	0.9932647341285776
SPT46494	0.9357785626865528
SPT46495	0.9979749891651474
SPT46496	0.9985787817250504
SPT46497	0.9987108510013064
SPT46498	0.6521734919631403
SPT46499	0.6472643537232206
SPT46501	0.999340786956962
SPT46502	0.8006191645721807
SPT46503	0.9976532343407876
SPT46504	0.6989189645772436
SPT46505	0.996330292232928
SPT46506	0.9665039757766276
SPT46507	0.9999999999629278
SPT46508	0.6407236434071693
SPT46509	0.5897891894347276
SPT46510	0.9985279472666926
SPT46511	0.6015402808017627
SPT46512	0.9985888063826432
SPT46513	0.9977629375656868
SPT46514	0.5022560043019291
SPT46515	0.9988894368309512
SPT46516	0.6264620451606207
SPT46517	0.9448505229405474
SPT46518	0.9978050336728128
SPT46519	0.908800695448858
SPT46520	0.7381310176895612
SPT46521	0.9984055998582164
SPT46523	0.5518647306426518
SPT46524	0.9991162541568248
SPT46525	0.6417651779120461
SPT46526	0.9602573192306784
SPT46527	0.8295839085009623
SPT46528	0.9998024605474144
SPT46529	0.9921453664987048
SPT46531	0.4170135515455382
SPT46532	0.9685822286765378
SPT46533	0.3491081848436079
SPT46534	0.8462426589846437
SPT46535	0.9041476115317628
SPT46536	0.9972945643347793
SPT46538	0.8138187195378782
SPT46539	0.874567166563523
SPT46541	0.9020048075580664
SPT46542	0.915788195154646
SPT46543	0.8059306709355938
SPT46544	0.5713925148124496
SPT46545	0.999968831494362
SPT46546	0.9895191662165044
SPT46547	0.9418425261677676
SPT46548	0.7921790284938925
SPT46549	0.5778398421835369
SPT46550	0.9986187050151673
SPT46551	0.9982280718985572
SPT46552	0.7092838567223888
SPT46553	0.7981752867536842
SPT46554	0.7380905931739588
SPT46555	0.9906895270396868
SPT46556	0.4466807442327402
SPT46557	0.9965492774953568
SPT46558	0.901079302256544
SPT46559	0.9998730983805276
SPT46560	0.9939203727973244
SPT46561	0.9861877540947408
SPT46562	0.6681596749870816
SPT46563	0.9983347624881443
SPT46564	0.9997511390640031
SPT50132	0.7741174068391637
SPT50133	0.3315963783089365
SPT50134	0.9795027555030276
SPT50135	0.5006972594916269
SPT50136	0.9950261679633284
SPT50137	0.8357184902682597
SPT50138	0.9951172501990516
SPT50139	0.5407021144519615
SPT50140	0.5503201098456818
SPT50141	0.5989802379641268
SPT50142	0.5005767345314782
SPT50143	0.4102460529674621
SPT50144	0.8692184487006736
SPT50145	0.3356495875518843
SPT50146	0.996607998483634
SPT50147	0.9956580921691424
SPT50148	0.2563411701859232
SPT50149	0.8257247803122026
SPT50150	0.9971045300963186
SPT50151	0.9965946630716652
SPT50152	0.7923149416410641
SPT50153	0.1857630510028221
SPT50154	0.9995070977263124
SPT50155	0.6358723585082025
SPT50156	0.8365073726648269
SPT50157	0.9987708663493724
SPT50158	0.9968381752712424
SPT50159	0.7250803520547131
SPT50160	0.6079362228633143
SPT50161	0.5402015947474123
SPT50162	0.6658988541993534
SPT50163	0.6297704747487547
SPT50164	0.3346131984793157
SPT50165	0.9995287488949836
SPT50166	0.9966174052795131
SPT50167	0.994515447258598
SPT50168	0.5960553898928889
SPT50169	0.9962312933754044
SPT50170	0.2883292259199141
SPT50171	0.9959795331988456
SPT50172	0.9953172401944544
SPT50173	0.9978888971370344
SPT50174	0.6042224608956287
SPT50175	0.9988716983199336
SPT50176	0.9989478318648602
SPT50177	0.8298782359516118
SPT50178	0.6732288946996423
SPT50179	0.999299745302742
SPT50180	0.992554106883446
SPT50181	0.7123252549566722
SPT50182	0.9966587817051814
SPT50183	0.605310787809827
SPT50184	0.5428724109169272
SPT50185	0.5967369100445941
SPT50186	0.6476235037672036
SPT50187	0.9756759720536392
SPT50188	0.996620103554076
SPT50189	0.5296644592096891
SPT50190	0.9145832994605716
SPT50191	0.4885747216534954
SPT50192	0.7846235464515309
SPT50193	0.997927936101528
SPT50194	0.4531743935405653
SPT50195	0.8595798896132231
SPT50196	0.9980858307976443
SPT50197	0.997908194836142
SPT50198	0.9940659000735664
SPT50199	0.7840618285244153
SPT50200	0.4815121258073477
SPT50201	0.4013872757513854
SPT50202	0.3521914327582101
SPT50203	0.5046535337997573
SPT50204	0.6338937846378827
SPT50205	0.9380589862798344
SPT50206	0.9983696804092842
SPT50207	0.5764469410565405
SPT50208	0.9990715775697498
SPT50209	0.7065856554092387
SPT50210	0.9962547075177188
SPT50211	0.9971622757015138
SPT50212	0.5771181083146848
SPT50213	0.4071966709068494
SPT50214	0.9043497806772042
SPT50215	0.9943702330766848
SPT50216	0.963861586231199
SPT50217	0.9611424656555768
SPT50218	0.8854846186857496
SPT50219	0.8698892480167766
SPT50220	0.9315770857833898
SPT50221	0.9965061529743277
SPT50222	0.9981967472255592
SPT50223	0.9939617800832294
SPT50224	0.5016081551083819
SPT50225	0.9942458089778156
SPT50226	0.99790320175183
SPT50227	0.6639880414726209
SPT50228	0.8533386249758623
SPT50229	0.4239651144019095
SPT50230	0.9966234157099776
SPT50231	0.8844766601497935
SPT50232	0.9477133175343933
SPT50233	0.9960430652702345
SPT50234	0.9945682710904724
SPT50235	0.9968775533724908
SPT50236	0.8020546455728661
SPT50237	0.2468261229428362
SPT50238	0.9923814437438864
SPT50239	0.5290971749510636
SPT50240	0.9975329475492112
SPT50241	0.5595557532683912
SPT50242	0.9998648114085354
SPT50243	0.77816948955545
SPT50245	0.6535197648103296
SPT50246	0.9976946812527098
SPT50247	0.3643988625621321
SPT50248	0.6017647747087448
SPT50249	0.9951379578446994
SPT50250	0.9985798885581284
SPT50251	0.9992387191572668
SPT50252	0.7602939306853639
SPT50253	0.8176903701187997
SPT50254	0.9948179538317818
SPT50255	0.5806838716504619
SPT50256	0.995728870177171
SPT50257	0.7746339692024086
SPT50258	0.3921158755194898
SPT50259	0.9124559195615296
SPT50260	0.9999999997776178
SPT50261	0.5783819950092219
SPT50262	0.995050636960236
SPT50263	0.4996980219905966
SPT50264	0.5277764136037519
SPT50265	0.9309975699286812
SPT50266	0.3002816124556742
SPT50268	0.998430242045202
SPT50269	0.4791962284839373
SPT50270	0.9979542605480832
SPT50271	0.80734150888499
SPT50272	0.6036784490311218
SPT50273	0.995795526739033
SPT50274	0.8583907476821131
SPT50275	0.292149844351971
SPT50276	0.8500567814758282
SPT50277	0.7469026322112207
SPT50278	0.7236468672524312
SPT50279	0.2800161951335221
SPT50280	0.7407491641254385
SPT50281	0.8460072120782899
SPT50282	0.9995398852141304
SPT50283	0.8343893726817503
SPT50284	0.9977931181699324
SPT50285	0.9604482012613756
SPT50286	0.9970098564558428
SPT50287	0.396213397077422
SPT50288	0.9976036207816288
SPT50289	0.3526388238949716
SPT50290	0.7482476442937327
SPT50291	0.9978225501864176
SPT50293	0.7771714054275866
SPT50294	0.9991864265308632
SPT50295	0.5219379748459194
SPT50296	0.9909673041707991
SPT50297	0.837685244128531
SPT50298	0.996975656526542
SPT50299	0.9975508822614664
SPT50301	0.4854764503254746
SPT50302	0.998978111708773
SPT50303	0.8101986627746245
SPT50304	0.6075078140018895
SPT50305	0.9963029439857596
SPT50306	0.9986594353624786
SPT50307	0.5183554068711713
SPT50308	0.9922709391831136
SPT50309	0.9973733961043096
SPT50310	0.5203446242429366
SPT50311	0.9987575780437722
SPT50312	0.9679296247174428
SPT50313	0.9918880293456735
SPT50315	0.5999680868189947
SPT50316	0.9974257257449256
SPT50317	0.9988897199149784
SPT50318	0.9939873031407044
SPT50319	0.9995839457989436
SPT50320	0.9994315012639396
SPT50321	0.9988189076286764
SPT50322	0.8831427642796114
SPT50323	0.8706870484598386
SPT50324	0.9969363948334248
SPT50325	0.5723419522085433
SPT50326	0.4224772514418897
SPT50327	0.8637933712363599
SPT50329	0.9970515393410716
SPT50330	0.9988262087285366
SPT50331	0.9968376960683148
SPT50332	0.8126340259687309
SPT50333	0.9946088729494672
SPT50334	0.9994660632461804
SPT50335	0.3323524117397644
SPT50336	0.99938329428048
SPT50337	0.4559926333567633
SPT50338	0.9970904136602068
SPT50339	0.9965448593271796
SPT50340	0.6124867863051202
SPT50341	0.9934977272962398
SPT50342	0.9983070230730426
SPT50343	0.9972349451502392
SPT50344	0.5529802230239413
SPT50345	0.4525782255474271
SPT50346	0.8263098337343028
SPT50347	0.9934362359089132
SPT50348	0.819142794067486
SPT50349	0.9945698194334632
SPT50350	0.99397517728732
SPT50351	0.9654124293191352
SPT50352	0.9984725196776364
SPT50353	0.8137060634612154
SPT50354	0.8667170549920479
SPT50355	0.9736614283534925
SPT50356	0.8269685482620928
SPT50357	0.521689869113447
SPT50358	0.9817894037667282
SPT50359	0.3607604329796383
SPT50360	0.9944903907209454
SPT50361	0.8171544704454496
SPT50362	0.3817305339249115
SPT50363	0.9942130581934744
SPT50364	0.9920801520162535
SPT50365	0.9921839086487924
SPT50366	0.6156860297021618
SPT50367	0.994881120899865
SPT50368	0.8139445676804945
SPT50369	0.9972828433340228
SPT50371	0.5674428642756075
SPT50372	0.9991837387199866
SPT50373	0.7695600024745821
SPT50374	0.7393804859487867
SPT50375	0.9645802883477872
SPT50376	0.9978634327479332
SPT50377	0.9968442641551636
SPT50378	0.9958461391612128
SPT50379	0.9957626972729092
SPT50380	0.3871695452507451
SPT50381	0.6834666366192987
SPT50382	0.8638199590260827
SPT50383	0.5840947384229551
SPT50385	0.95548177453353
SPT50386	0.9961287617989808
SPT50387	0.994846560389787
SPT50388	0.997374534577956
SPT50389	0.9965106021467136
SPT50390	0.5267276383632885
SPT50391	0.419701145490258
SPT50392	0.9957809844608022
SPT50393	0.7584386498622978
SPT50394	0.4438286574816462
SPT50395	0.5395568281926588
SPT50396	0.8017090753456662
SPT50398	0.9202860115739948
SPT50399	0.9994182165750428
SPT50400	0.9978714237408852
SPT50401	0.8520701061214702
SPT50402	0.54423529479327
SPT50403	0.8943485896950119
SPT50404	0.9979153674908908
SPT50405	0.8190318420785543
SPT50407	0.8073967884216917
SPT50409	0.7657508920452272
SPT50410	0.4432715905440448
SPT50411	0.9994806839673228
SPT50412	0.6179543199673201
SPT50414	0.7174726942688768
SPT50415	0.994516857471646
SPT50416	0.878936340535072
SPT50417	0.9871973740723128
SPT50418	0.9991931158610372
SPT50420	0.9940777014011009
SPT50421	0.9999468737499768
SPT50422	0.6126495241190775
SPT50423	0.5889921636167029
SPT50425	0.4866898702261001
SPT50426	0.992843926708608
SPT50427	0.9959435678476168
SPT50428	0.998443467067118
SPT50429	0.9953245202473946
SPT50430	0.9957224843100628
SPT50431	0.6605794639183995
SPT50432	0.686748550221993
SPT50433	0.9973702129104434
SPT50434	0.9959136407147556
SPT50435	0.5023809097595019
SPT50436	0.3435876706010872
SPT50437	0.9950026149756882
SPT50438	0.4927233927326077
SPT50439	0.996106715440766
SPT50440	0.997326280397458
SPT50441	0.6180282203695153
SPT50443	0.9974890785219228
SPT50444	0.7604075784229123
SPT50445	0.8464832652819345
SPT50446	0.6616591849845953
SPT50447	0.9978223194048732
SPT50448	0.816046797994441
SPT50449	0.998307314315186
SPT50450	0.3330038532884105
SPT50451	0.6476351574379595
SPT50452	0.8232088907872988
SPT50453	0.9968931271954006
SPT50454	0.8305940484132008
SPT50455	0.6729855990381274
SPT50456	0.3786923689437254
SPT50457	0.4609207147688073
SPT50458	0.3943210344559681
SPT50459	0.3218431313985936
SPT50460	0.92221956842247
SPT50461	0.6974124060339975
SPT50462	0.6729861999520494
SPT50463	0.9209109358215544
SPT50464	0.581217595107793
SPT50465	0.4737270954697394
SPT50466	0.9937449188793216
SPT50469	0.7984662906182025
SPT50470	0.583724269867548
SPT50471	0.7051776293525547
SPT50472	0.9990379618156952
SPT50473	0.9993302561768554
SPT50474	0.9959058006895876
SPT50475	0.993902276012358
SPT50476	0.7929846161289322
SPT50477	0.9972325290100936
SPT50478	0.9964228059788284
SPT50479	0.9944907042054724
SPT50480	0.9820837251404136
SPT50481	0.9988617230931218
SPT50482	0.3147968766184685
SPT50483	0.8201449937263402
SPT50484	0.993443203370026
SPT50485	0.7164685327255186
SPT50486	0.8643094370123914
SPT50487	0.8472348760611063
SPT50488	0.5822004331180187
SPT50489	0.2283543215857492
SPT50491	0.6064855496278586
SPT50492	0.5401021712705736
SPT50493	0.9933198826263928
SPT50494	0.9945748176078774
SPT50495	0.9793210976991858
SPT50496	0.237255440682474
SPT50497	0.9653290279924224
SPT50498	0.8074446056320125
SPT50499	0.5913970932025627
SPT50501	0.4835932160194318
SPT50502	0.9951726214507306
SPT50503	0.9879455441721416
SPT50504	0.9983448755602238
SPT50505	0.6037081391539609
SPT50506	0.5422458894721411
SPT50507	0.9949646202741884
SPT50508	0.9331487707357756
SPT50509	0.3347824435861063
SPT50510	0.3189890012443246
SPT50511	0.4429662323728659
SPT50512	0.3946522884265713
SPT50513	0.4315947497704414
SPT50514	0.2790795046647788
SPT50515	0.8269358590091229
SPT50517	0.5109164282317169
SPT50518	0.9947014921635292
SPT50519	0.9979783699755694
SPT50520	0.8142332652881826
SPT50521	0.794159885163191
SPT50523	0.9991456116192452
SPT50524	0.4355483851222756
SPT50525	0.4191530442878377
SPT50526	0.9953376572323488
SPT50527	0.8624190774849784
SPT50528	0.6890842869187489
SPT50529	0.9947646487441374
SPT50530	0.6530574296305056
SPT50531	0.9970873782721104
SPT50532	0.9994351327182148
SPT50533	0.5196421628373729
SPT50534	0.9988123040487868
SPT50535	0.757201912516162
SPT50536	0.7946850354773567
SPT50537	0.5934105764775632
SPT50538	0.7435640936109531
SPT50539	0.997385683044796
SPT50540	0.9915245123262008
SPT50541	0.3719841153771273
SPT50542	0.8245569947305129
SPT50543	0.8616929164827668
SPT50544	0.7525613512907201
SPT50545	0.9596426932743994
SPT50546	0.5290391829358763
SPT50547	0.5502654173202399
SPT50548	0.923858201485112
SPT50549	0.7366065595196416
SPT50550	0.9205570244463795
SPT50551	0.6320956439677043
SPT50552	0.8406958227563655
SPT50553	0.9992427060259
SPT50554	0.9966114797525826
SPT50555	0.8118796913613457
SPT50556	0.993135911315546
SPT50557	0.9999875980131008
SPT50558	0.4696220009307905
SPT50559	0.9581361628703856
SPT50560	0.8000693959387535
SPT50561	0.9949869625820368
SPT50562	0.9967546091190193
SPT50563	0.6341908080751628
SPT50564	0.991891717604373
SPT50565	0.5762622424808899
SPT50566	0.509375350308586
SPT50567	0.9977600653039644
SPT50568	0.8749817570349077
SPT50569	0.9993701943200006
SPT50570	0.9959034670488454
SPT50571	0.9191166256960176
SPT50572	0.993108043450954
SPT50573	0.2648340024805492
SPT50574	0.999379317786997
SPT50575	0.994052379083898
SPT50576	0.9993257848745484
SPT50577	0.4048517419706129
SPT50578	0.5632045224649165
SPT50579	0.9355814538610112
SPT50580	0.5559767044504376
SPT50581	0.654360865204237
SPT50582	0.9974934750040874
SPT50583	0.9961666193596124
SPT50584	0.516376567873337
SPT50585	0.4188544861977014
SPT50586	0.9914224542858284
SPT50587	0.9986609004547908
SPT50588	0.7672391452069851
SPT50589	0.884367389433013
SPT50590	0.5706403433694023
SPT50591	0.9994126044343372
SPT50592	0.6246119633744538
SPT50593	0.7709048828528307
SPT50594	0.9987598277133672
SPT50595	0.9982819246395436
SPT50596	0.995170661707406
SPT50597	0.9993558877959786
SPT50598	0.4623937933605313
SPT50599	0.7769959630698138
SPT50600	0.4153528786907112
SPT50601	0.7699737132683713
SPT50602	0.997009575851401
SPT50603	0.8249759120345099
SPT50604	0.8768028977216021
SPT50605	0.7149311593509824
SPT50606	0.9955845504393286
SPT50607	0.9942517643347402
SPT50608	0.9925049422086012
SPT50609	0.8423402125271782
SPT50610	0.9963679645243732
SPT50611	0.9982371343834398
SPT50612	0.9989572490527214
SPT50613	0.9957752250762868
SPT50614	0.6700007858740886
SPT50615	0.9943170069466024
SPT50616	0.6879437516894589
SPT50617	0.9928824579068598
SPT50618	0.9994844967084434
SPT50619	0.9970404904268324
SPT50620	0.9977905053245238
SPT50621	0.9961650446111752
SPT50622	0.9932356366344052
SPT50623	0.9925325944543352
SPT50624	0.9958540278181311
SPT50625	0.9946253301428556
SPT50626	0.8804909962453622
SPT50627	0.8783442300258956
SPT50628	0.9993518707046294
SPT50629	0.7372676326982601
SPT50630	0.9960884861752696
SPT50631	0.9150437761533684
SPT50632	0.998896557283049
SPT50633	0.9992450170699948
SPT50634	0.9960074863263716
SPT50635	0.8366717413173593
SPT50636	0.9967340814613096
SPT50637	0.71106898571727
SPT50638	0.9956028593694212
SPT50639	0.4481558490222911
SPT50640	0.4164362343507589
SPT50641	0.5077693971123021
SPT50642	0.9738509991087276
SPT50643	0.9825174854227818
SPT50644	0.9986493031758088
SPT50645	0.998687874946526
SPT50646	0.960448252934764
SPT50647	0.812115489306928
SPT50648	0.6512823007183847
SPT50649	0.9960188045747608
SPT50650	0.998519044761634
SPT50651	0.9989715038313298
SPT50652	0.4482209246012184
SPT50653	0.997925457782438
SPT50654	0.8257474933059339
SPT50655	0.9671252238792908
SPT50656	0.9966074383446576
SPT50657	0.4142748830099524
SPT50658	0.9957325143084051
SPT50659	0.7454591805595221
SPT50660	0.996573423058758
SPT50661	0.403716474118739
SPT50662	0.9970983136001892
SPT50663	0.9994449417812864
SPT50664	0.893146863150089
SPT50665	0.9958432783686686
SPT50666	0.6673842233142265
SPT50667	0.6016461647318352
SPT50668	0.7954151018516417
SPT50670	0.7856672892735371
SPT50671	0.3062298841086265
SPT50672	0.9994419473288124
SPT50673	0.9987193691139884
SPT50674	0.4136572288568273
SPT50675	0.9974882164384202
SPT50676	0.5648120819130256
SPT50677	0.8647663471143641
SPT50678	0.9968419430465376
SPT50679	0.9589457904632278
SPT50680	0.3483469495318219
SPT50681	0.3520683982790897
SPT50682	0.999812976805965
SPT50683	0.3453425127449311
SPT50684	0.7987070607343891
SPT50685	0.354609515972733
SPT50686	0.5398101787777055
SPT50687	0.9993728465150128
SPT50689	0.9950909318448729
SPT50690	0.4082702051230925
SPT50691	0.5928962791263742
SPT50692	0.6553935056337634
SPT50693	0.9304578621537648
SPT50694	0.7897205103338327
SPT50695	0.9975869551296662
SPT50696	0.997256549414381
SPT50697	0.7933712749940319
SPT50698	0.9997221492972193
SPT50699	0.995216579268458
SPT50700	0.685632379526876
SPT50701	0.3522572182330017
SPT50702	0.621662114488989
SPT50703	0.9999812484402816
SPT50704	0.9764200115611678
SPT50706	0.9965100729354096
SPT50707	0.9666853950212386
SPT50708	0.6040674021301459
SPT50710	0.7834944020906818
SPT50711	0.6229175951071655
SPT50712	0.996193876219112
SPT50713	0.9930728957779668
SPT50714	0.9942729290478448
SPT50715	0.991540234002704
SPT50716	0.7562500956355956
SPT50717	0.6132006775498698
SPT50718	0.6407254622929983
SPT50719	0.9999326736692388
SPT50720	0.5904557173333569
SPT50721	0.5199305893124384
SPT50722	0.9985616639085242
SPT50723	0.9949894654154572
SPT50724	0.9998913561744376
SPT50725	0.9959235078303966
SPT50726	0.7811805700445666
SPT50727	0.7675054627278741
SPT50728	0.8649924426348887
SPT50729	0.9990500516319872
SPT50730	0.9993834414593296
SPT50731	0.1873858589540261
SPT50732	0.9297007610022184
SPT50733	0.9997515106355293
SPT50734	0.3787300600031135
SPT50735	0.9976342537783144
SPT50736	0.5521653887932918
SPT50737	0.9979283061049214
SPT50738	0.5108806208367904
SPT50739	0.9611362227172136
SPT50740	0.4822707829627048
SPT50741	0.8282864675369994
SPT50742	0.9947044646432118
SPT50743	0.9934836723379548
SPT50744	0.9998459099593598
SPT50745	0.9988437462275556
SPT50746	0.7431201334860897
SPT50747	0.5583803663047606
SPT50748	0.995969908257385
SPT50749	0.99643516367119
SPT50750	0.7886861641638112
SPT50751	0.6814504323772366
SPT50752	0.9569618108155276
SPT50753	0.9601789454933785
SPT50754	0.9978395540506227
SPT50755	0.9951435940727203
SPT50756	0.998297284610288
SPT50757	0.9996986889821352
SPT50758	0.9997954029286944
SPT50759	0.3619232739288903
SPT50760	0.6980946686983233
SPT50761	0.9935617866213572
SPT50762	0.9981466867244586
SPT50763	0.4258837531178392
SPT50764	0.6218087152561995
SPT50765	0.8307026142719492
SPT50766	0.9960968453263775
SPT50767	0.9114835814569996
SPT50768	0.9955449546226924
SPT50769	0.9966540093910244
SPT50770	0.7350756725342313
SPT50771	0.9822597507364048
SPT50772	0.8645808605484625
SPT50773	0.9990653294360748
SPT50774	0.9993591407473448
SPT50775	0.4653290131420486
SPT50776	0.7652981984158483
SPT50777	0.7200394194780555
SPT50778	0.8558204744794786
SPT50779	0.2918411710438449
SPT50780	0.3836746974246094
SPT50781	0.9982988065602256
SPT50783	0.3748517988281505
SPT50784	0.5028852872865318
SPT50785	0.4158828519487125
SPT50786	0.9929960467069971
SPT50787	0.8023843281073194
SPT50788	0.9977555221525518
SPT50789	0.8219069083024219
SPT50790	0.9998743657250592
SPT50791	0.9987440291944116
SPT50792	0.6893229319629691
SPT50793	0.8627012500847444
SPT50794	0.9537846514725148
SPT50795	0.7597105932667108
SPT50796	0.997304901037239
SPT50797	0.7699377416473357
SPT50798	0.8917517764599746
SPT50799	0.9915073856681887
SPT50800	0.9957834339382352
SPT50801	0.9997384710088122
SPT50802	0.995606253667052
SPT50803	0.92393537666613
SPT50804	0.8830521416792723
SPT50805	0.7372570440850732
SPT50807	0.994986942588797
SPT50808	0.5914363990937271
SPT50809	0.8655415333570554
SPT50810	0.890203057704784
SPT50811	0.9326723201935724
SPT50812	0.9493632074679584
SPT50813	0.9981341436747584
SPT50814	0.9999319399070083
SPT50815	0.9977810883196526
SPT50816	0.9945949840585434
SPT50817	0.7253316191177059
SPT50818	0.9956471109871484
SPT50819	0.9968125775619362
SPT50820	0.5165477954039475
SPT50821	0.9722104009299064
SPT50822	0.9987515130614334
SPT50823	0.9514303975175784
SPT50825	0.7424081721343447
SPT50826	0.5624930871014474
SPT50827	0.9971312819295012
SPT50828	0.9983667870708428
SPT50829	0.9935730942613508
SPT50830	0.9958598351584776
SPT50831	0.8092624805301356
SPT50832	0.6571584754588449
SPT50833	0.6692635127895642
SPT50834	0.9985033229742069
SPT50835	0.994865001993327
SPT50836	0.9958810913371198
SPT50837	0.7170779219141566
SPT50838	0.6214645541526975
SPT50839	0.9976096606827743
SPT50840	0.9963016471935872
SPT50841	0.9976140794518328
SPT50842	0.996815504062558
SPT50843	0.9989218556555683
SPT50844	0.8135930922608806
SPT50845	0.6559004488910628
SPT50846	0.4509031613101032
SPT50847	0.9944922862765422
SPT50848	0.7156322412798215
SPT50849	0.3910621087496886
SPT50850	0.9996606487121266
SPT50851	0.9990952670044724
SPT50852	0.5482511867274399
SPT50854	0.7783455676502734
SPT50855	0.9957007775298408
SPT50856	0.9998910457550358
SPT50857	0.9941038844993578
SPT50858	0.563566560405717
SPT50859	0.8152671338798896
SPT50860	0.996646502940095
SPT50861	0.9986464294806254
SPT50862	0.4223342870233993
SPT50863	0.9981478179570192
SPT50878	0.994221095022584
SPT50879	0.7914749411726821
SPT50880	0.6739297285889089
SPT50881	0.8468984889653712
SPT50882	0.7464966617428633
SPT50883	0.6696445417336536
SPT50884	0.8980293245683715
SPT50885	0.9958729305276968
SPT50886	0.9928340560201402
SPT50887	0.999308160604267
SPT50888	0.8384327224264405
SPT50889	0.9696803391022843
SPT50890	0.8716361651276705
SPT50891	0.9642830894187352
SPT50892	0.6353046010460437
SPT50893	0.9979399525437976
SPT50894	0.9922534360779992
SPT50895	0.9971850226993668
SPT50896	0.4873670121642589
SPT50897	0.9999999999254616
SPT50898	0.9993678254553134
SPT50899	0.9926683221256551
SPT50900	0.8041211978547221
SPT50901	0.9989313078792303
SPT50902	0.9640385561796588
SPT50903	0.99658368761354
SPT50904	0.9950722180133974
SPT50905	0.5390421707002182
SPT50906	0.9955161735192448
SPT50907	0.6988055911469748
SPT50908	0.2216662381654096
SPT50909	0.3919858481350192
SPT50910	0.9960142860616524
SPT50911	0.9982964593256648
SPT50912	0.7735839979497834
SPT50913	0.9987817374114046
SPT50914	0.8159619318325787
SPT50915	0.9947718538334268
SPT50916	0.781685616026208
SPT50917	0.9984053134502916
SPT50918	0.99339718389079
SPT50919	0.7987189627653346
SPT50920	0.9980732454240756
SPT50921	0.9948364011598716
SPT50922	0.7279056311738967
SPT50923	0.9971525285033436
SPT50924	0.9998737307848224
SPT50925	0.9433726660477948
SPT50926	0.7594076204379276
SPT50927	0.9992724123570166
SPT50928	0.998521138641914
SPT50929	0.4997084863068891
SPT50930	0.9961860462729608
SPT50931	0.9949402650829264
SPT50932	0.999215495034112
SPT50933	0.999270215081358
SPT50934	0.9872095344677848
SPT50935	0.99664059921673
SPT50936	0.9992652130877984
SPT50937	0.995586874695984
SPT50938	0.999584294827584
SPT50939	0.9945063497700004
SPT50940	0.7987037651179439
SPT50941	0.9982632255511112
SPT50942	0.9940925934211036
SPT50943	0.9361421170847912
SPT50944	0.9944178307734964
SPT50945	0.9943395249964192
SPT50946	0.5651085826341258
SPT50947	0.776687901306468
SPT50948	0.8871811726587416
SPT50949	0.5236102676161669
SPT50950	0.4396480903547552
SPT50951	0.5263533752676173
SPT50952	0.9941712521119412
SPT50953	0.3352877441860979
SPT50954	0.5680936199598665
SPT50955	0.9985047533565536
SPT50956	0.3585482543211769
SPT50957	0.4673480642545676
SPT50958	0.999989601043476
SPT50959	0.9997972405633024
SPT50960	0.9996929740697694
SPT50962	0.9993731036427924
SPT50969	0.999321677835721
SPT50970	0.9997527974521166
SPT50971	0.9769490581336976
SPT50972	0.7708077485879424
SPT50973	0.999846463799324
SPT50974	0.8678211221488807
SPT50984	0.8308146393344863
SPT50985	0.8256084112236245
SPT50986	0.949495263710002
SPT50991	0.801369741422226
SPT50993	0.9998681880533696
SPT50994	0.9999999957406832
SPT51004	0.9999740174555034
SPT51005	0.889251109688514
SPT51006	0.999562370563136
SPT51009	0.9244548628187796
SPT51010	0.8588383621793172
SPT51011	0.8627848538506098
SPT51014	0.9395939550205114
SPT51017	0.9999999960672182
SPT51018	0.9982144547935496
SPT51019	0.9998430586780196
SPT51021	0.9604819323761328
SPT51034	0.7856995169614851
SPT51036	0.957280604880206
SPT51039	0.9493146757057844
SPT51041	0.9996585064505836
SPT51042	0.9995735228226056
SPT51045	0.8695393606604411
SPT51046	0.9552218132851844
SPT51049	0.9998510762941633
SPT51051	0.9999999973047758
SPT51056	0.9483014869652224
SPT51058	0.928824131383568
SPT51060	0.999942353575529
SPT51062	0.785059044863204
SPT51063	0.7567177356493076
SPT51070	0.9991914067059916
SPT51071	0.9069520866459502
SPT51075	0.7516549171082143
SPT51076	0.7665197157283687
SPT51081	0.9066125709037574
SPT51083	0.766764725154104
SPT51085	0.5056577576349806
SPT51088	0.9993388361627392
SPT51089	0.9816174049639648
SPT51092	0.7269180904376012
SPT51094	0.9999999966436968
SPT51095	0.7113171830602598
SPT51096	0.8163428122785281
SPT51100	0.9591701089435586
SPT51101	0.9811307582765898
SPT51103	0.9999999986111224
SPT51104	0.9381430508156572
SPT51105	0.876182689499306
SPT51108	0.9236075812559352
SPT51110	0.9997485934567708
SPT51111	0.9334569459699356
SPT51117	0.9994025767156433
SPT51121	0.988660867755034
SPT51143	0.9999710702172546
SPT51150	0.9985986778963124
SPT51155	0.9996439104250732
SPT51156	0.9991878985397912
SPT51157	0.5565290039428823
SPT51159	0.4886918128992873
SPT51160	0.9964699401817904
SPT51161	0.7126042016711946
SPT51164	0.9982065049549118
SPT51166	0.6293899062094158
SPT51169	0.9993359432361388
SPT51172	0.9996648853106428
SPT51174	0.9999999979806936
SPT51175	0.9579427239014132
SPT51178	0.9991192751954828
SPT51180	0.8478440407166342
SPT51182	0.6840876489485528
SPT51183	0.9317221434277216
SPT51185	0.6764155210962903
SPT51189	0.9990751157128496
SPT51190	0.9993973655128372
SPT51191	0.7542677484382765
SPT51195	0.9996325466385528
SPT51198	0.999584222426133
SPT51201	0.9995041207080386
SPT51204	0.9987714712408802
SPT51211	0.9951973195064984
SPT51213	0.9985386114734576
SPT51214	0.7453355674910187
SPT51215	0.8815391063170436
SPT51216	0.9994287018192044
SPT51218	0.9964997214388336
SPT51221	0.9983884421466248
SPT51223	0.8967691615964624
SPT51225	0.998658852698861
SPT51226	0.7266134572262529
SPT51227	0.5585808851703211
SPT51229	0.603686867996764
SPT51232	0.9954592678466284
SPT51234	0.5776693071991321
SPT51241	0.9993401280844104
SPT51242	0.8124421802008753
SPT51244	0.9951309615766336
SPT51249	0.9982294606711984
SPT51253	0.9980689427675458
SPT51258	0.888361832521963
SPT51261	0.9689431122647546
SPT51262	0.9733615440803032
SPT51265	0.9915871555117468
SPT51272	0.8403666632213715
SPT51274	0.8894865074155336
SPT51276	0.9964013532396956
SPT51277	0.879468963875309
SPT51279	0.773211231889855
SPT51282	0.9634590772914
SPT51284	0.6195359293439311
SPT51286	0.6874687476966075
SPT51287	0.9769820613562848
SPT51288	0.6770745299170033
SPT51296	0.9954740009900674
SPT51298	0.9959712964584502
SPT51302	0.9994018490528576
SPT51305	0.901289185285779
SPT51306	0.9986443538666868
SPT51307	0.7881980731463831
SPT51308	0.9993207588632004
SPT51309	0.9923232388146932
SPT51310	0.8252966410138889
SPT51313	0.7930247167029356
SPT51314	0.9999872935470095
SPT51316	0.7139291049940764
SPT51318	0.9024069492942048
SPT51321	0.9993291270748128
SPT51322	0.9977076996431162
SPT51323	0.96979937001038
SPT51327	0.9836128385116027
SPT51328	0.999777226182316
SPT51329	0.7804699654126921
SPT51337	0.8489589317488542
SPT51338	0.7814736662287832
SPT51344	0.9970831826599326
SPT51346	0.9987493337833322
SPT51353	0.9967522703594538
SPT51354	0.9528095696972
SPT51355	0.9992761911042684
SPT51356	0.9583701764569598
SPT51357	0.997768400404294
SPT51358	0.998852849738964
SPT51359	0.9884463850168476
SPT51361	0.9765347675547976
SPT51362	0.9995455810459736
SPT51364	0.928849240861134
SPT51365	0.9384730096144218
SPT51366	0.7106295684814092
SPT51367	0.8036652744429144
SPT51368	0.9978019045225146
SPT51369	0.9975364745440376
SPT51370	0.9972084164099366
SPT51371	0.9964606499158866
SPT51376	0.9989311457701896
SPT51378	0.995544131392898
SPT51379	0.8606550305881678
SPT51381	0.999321254992736
SPT51382	0.9996055987925024
SPT51383	0.9732910154042774
SPT51384	0.9485448864685092
SPT51385	0.9982708424268764
SPT51386	0.9983014735573508
SPT51387	0.9911516001429158
SPT51388	0.9988659409349852
SPT51389	0.9330684143201062
SPT51391	0.9998112741881208
SPT51392	0.9227129001200662
SPT51393	0.9997553173960732
SPT51398	0.9983048487006452
SPT51399	0.9998255019091326
SPT51400	0.9114309644665208
SPT51401	0.995724420714838
SPT51402	0.7472080266981378
SPT51403	0.9999999961244924
SPT51404	0.8207276062276707
SPT51408	0.9978992563531148
SPT51411	0.4691901706747345
SPT51412	0.9443850478069474
SPT51413	0.831052457699274
SPT51415	0.997116203105742
SPT51416	0.9998673099095762
SPT51419	0.9949650277449869
SPT51422	0.836558246987394
SPT51423	0.9990133196497232
SPT51425	0.9998488305686458
SPT51428	0.9996658824708804
SPT51429	0.8959787313245162
SPT51430	0.9324837539887736
SPT51431	0.9975247796529884
SPT51433	0.9999999946081676
SPT51442	0.99884598323823
SPT51444	0.9990715145248098
SPT51447	0.8311207358006635
SPT51448	0.9935414920391832
SPT51453	0.999257204081546
SPT51458	0.8037926244223266
SPT51461	0.9174554145463854
SPT51470	0.999847480531952
SPT51474	0.9611389206576602
SPT51477	0.4846882462685651
SPT51481	0.9866637497611184
SPT51492	0.835409997009415
SPT51495	0.4744432879764206
SPT51496	0.9670745271591772
SPT51497	0.9733017054020056
SPT51503	0.996491386297924
SPT51504	0.9998992139726918
SPT51507	0.8074697401765214
SPT51510	0.9998888083836248
SPT51511	0.6703946655205126
SPT51519	0.9986002775475388
SPT51520	0.9996395422422945
SPT51522	0.9987562179712663
SPT51523	0.999999996903792
SPT51539	0.9996988460351656
SPT51544	0.9272302461475674
SPT51548	0.6847449865159517
SPT51549	0.8361413990546118
SPT51552	0.9836175543454676
SPT51555	0.9996489958479002
SPT51558	0.9128405761918268
SPT51560	0.996821975333176
SPT51562	0.99997567308377
SPT52402	0.9994886319976504
SPT52404	0.9202292828439996
SPT52412	0.981814102750618
SPT52413	0.9992658073696892
SPT52414	0.9995455753202358
SPT52418	0.9982805413428733
SPT52419	0.6835652517069779
SPT52422	0.998278929188436
SPT52425	0.998826501202488
SPT52432	0.7170393847525091
SPT52435	0.9817511830247042
SPT52436	0.8988149162188701
SPT52437	0.9816228455074172
SPT52439	0.8019109214744295
SPT52440	0.9985784006415052
SPT52441	0.9997484849396724
SPT52444	0.9995665348771996
SPT52447	0.9997115765978152
SPT52450	0.999303994566158
SPT52452	0.9984172181884072
SPT52453	0.82648781225208
SPT52454	0.9076402118022217
SPT52455	0.923840351806942
SPT52456	0.9999999970114318
SPT52458	0.9993259794878712
SPT52459	0.9999999926112664
SPT52460	0.9995455820896292
SPT52461	0.9678798732417594
SPT52462	0.950086500656218
SPT52466	0.9509002668191956
SPT52468	0.9994312934557964
SPT52469	0.9779667775013924
SPT52472	0.9991979910428812
SPT52473	0.9990620063161392
SPT52474	0.9701488424737368
SPT52475	0.9996897865184294
SPT52476	0.9916827922002333
SPT52477	0.6420016807863942
SPT52478	0.9992664806821876
SPT52479	0.9992200815591872
SPT52480	0.9996355675407852
SPT52481	0.999539711204845
SPT52482	0.9998752948187288
SPT52483	0.9944708356393992
SPT52486	0.9999999979952277
SPT52487	0.9999294277581056
SPT52488	0.86109666723611
SPT52489	0.9995804471060368
SPT52490	0.7975300677933822
SPT52491	0.9998684757358766
SPT52492	0.838735526248533
SPT52493	0.9596813501480524
SPT52499	0.9905089002682438
SPT52500	0.9999702255420077
SPT52501	0.999999995091661
SPT52502	0.9355883177402102
SPT52503	0.9980575486734664
SPT52506	0.9996851422741504
SPT52507	0.9999999930350388
SPT52509	0.8915538623826919
SPT52510	0.999999994636524
SPT52511	0.9999999975309164
SPT52512	0.9993543319612198
SPT52513	0.9999187020958492
SPT52514	0.9617420589568786
SPT52516	0.999988894809112
SPT52517	0.8165719575004504
SPT52519	0.9999999966168844
SPT52520	0.998682908625396
SPT52522	0.8508882870645434
SPT52525	0.9998780570101664
SPT52526	0.9997591847919796
SPT52527	0.9999884491944696
SPT52528	0.9020372945678348
SPT52529	0.9999999980212558
SPT52531	0.9492320550345756
SPT52537	0.9992991943664614
SPT52538	0.999715347689694
SPT52539	0.9998827394121844
SPT52540	0.5572478922106825
SPT52541	0.9876715698966568
SPT52542	0.999185727053645
SPT52543	0.9862804557163988
SPT52544	0.9987785389137628
SPT52545	0.9966161281978004
SPT52546	0.865467863199096
SPT52548	0.9999999959184523
SPT52549	0.9999999971062
SPT52551	0.999651431089934
SPT52557	0.9422243384945048
SPT52558	0.9992417252272524
SPT52559	0.6988333045446942
SPT52561	0.9075013994625478
SPT52562	0.96300463681219
SPT52563	0.99998630773377
SPT52564	0.7233122164412893
SPT52566	0.9999821973786244
SPT52574	0.9746842217867476
SPT52575	0.8890237883987653
SPT52581	0.9997306345666372
SPT52583	0.7360501551753114
SPT52586	0.9999999972431182
SPT52599	0.8737424282880628
SPT52609	0.8829437293445537
SPT52620	0.9589574676423545
SPT52622	0.9999999954870384
SPT52626	0.9408540055549652
SPT52630	0.9871919137943492
SPT52631	0.8412817096154508
SPT52634	0.8966240352544677
SPT52635	0.7847170854917535
SPT52641	0.9996007016423686
SPT52643	0.9186226251183032
SPT52644	0.9996580587458436
SPT52647	0.9563847379167748
SPT52649	0.9869867986620992
SPT52652	0.8105742403078348
SPT52653	0.8725204942241926
SPT52654	0.7046321641436661
SPT52655	0.999094979792248
SPT52657	0.6795951199962967
SPT52658	0.9204368541694148
SPT52659	0.999919719257606
SPT52660	0.9999999937011832
SPT52662	0.9904645059709324
SPT52664	0.6278956605504433
SPT52666	0.7448600463224796
SPT52667	0.8658163871580227
SPT52668	0.9957702021762972
SPT52669	0.8374003667810894
SPT52670	0.9985456586912794
SPT52671	0.9999999974946672
SPT52672	0.9883315829702366
SPT52674	0.999708984820342
SPT52675	0.9098762318120184
SPT52678	0.9976354514997272
SPT52679	0.9999999985358422
SPT52680	0.9996505484496396
SPT52681	0.8953489823056343
SPT52683	0.9152978406951506
SPT52684	0.7672612154726011
SPT52685	0.9375252225105384
SPT52686	0.7344433335500448
SPT52687	0.9999999953815044
SPT52689	0.8931537965269962
SPT52690	0.9994960396898346
SPT52691	0.9994189312852356
SPT52692	0.9999999941851232
SPT52695	0.922610974827413
SPT52696	0.9987249225805708
SPT52698	0.873332335987379
SPT52704	0.9794415650475444
SPT52706	0.95512576569935
SPT52708	0.8816139002563055
SPT52709	0.9999999942695728
SPT52711	0.967280180417184
SPT52712	0.922445694168885
SPT52715	0.9995192952039114
SPT52717	0.9190096091966348
SPT52720	0.999999993009655
SPT52721	0.9997341641301992
SPT52723	0.9994834627626064
SPT52724	0.9996648896966956
SPT52725	0.999120491533787
SPT52726	0.9280489129032244
SPT52729	0.9849132319095104
SPT52732	0.9974313836552484
SPT52738	0.9979053541620304
SPT52741	0.9091332980396432
SPT52743	0.6623238584984009
SPT52744	0.9994373321282192
SPT52745	0.9988874857973358
SPT52750	0.9763856641674536
SPT52751	0.9999925646481224
SPT52754	0.9805916496389686
SPT52756	0.9999999984992728
SPT52759	0.8928015048270305
SPT52765	0.8000098414320238
SPT52768	0.7918887072454832
SPT52773	0.9984452135915316
SPT52777	0.9958782372258947
SPT52781	0.999902223823846
SPT52782	0.8277489390522224
SPT52785	0.9090821360556248
SPT52790	0.9999999952437382
SPT52797	0.8909876795759943
SPT52800	0.999758943366534
SPT52807	0.9369418638836357
SPT52809	0.9469441700141178
SPT52824	0.9071379382533844
SPT52825	0.9976959651773988
SPT52826	0.864841619967934
SPT52828	0.7037923137049105
SPT52830	0.999967699112022
SPT52831	0.6032475998534607
SPT52834	0.9986799703171844
SPT52835	0.6832375708803105
SPT52840	0.9764631462784908
SPT52841	0.98417219568241
SPT52843	0.9216298361194932
SPT52852	0.9995169678217548
SPT52854	0.6752684174722267
SPT52856	0.9991890899185004
SPT52857	0.9060157171262432
SPT52861	0.9995642409783976
SPT52864	0.9942901357638076
SPT52885	0.973802837638812
SPT52886	0.9995152868827716
SPT52890	0.9860333580388232
SPT52893	0.9998183929643566
SPT52897	0.857904882834221
SPT52899	0.9995928433743616
SPT52901	0.9871007517009108
SPT52906	0.8977814135201989
SPT52908	0.9989049650103944
SPT52916	0.8396911502291151
SPT52921	0.999981075821583
SPT52924	0.9274780105294368
SPT52940	0.926564024685276
SPT52944	0.9957435301758998
SPT52948	0.999969333776362
SPT52950	0.8467764019708569
SPT52953	0.9821280676871024
SPT52958	0.999811715071833
SPT52959	0.8989428709057624
SPT52960	0.9793824088609332
SPT52961	0.9999999990387436
SPT52962	0.7930874887786895
SPT52963	0.9999676971501988
SPT52967	0.7287056979052486
SPT52968	0.9987485528500618
SPT52969	0.9618064500017744
SPT52971	0.9999999977321928
SPT52975	0.999294160375083
SPT52981	0.9997876263509392
SPT52984	0.9999999960438904
SPT52988	0.9999999963433064
SPT52991	0.9998876172084994
SPT52992	0.9036681664974892
SPT52994	0.8708973849616389
SPT53002	0.9380751646423108
SPT53014	0.8948493023223769
SPT53015	0.9999999977410702
SPT53030	0.999545580211028
SPT53032	0.9985980379060336
SPT53034	0.9992274689042444
SPT53036	0.9999999938568648
SPT53038	0.9907092190957494
SPT53053	0.9968261977466976
SPT53054	0.9775187851329948
SPT53058	0.999774992187046
SPT53062	0.9955113398465868
SPT53066	0.8419722305066626
SPT53068	0.931509246238546
SPT53071	0.8876068586156707
SPT53072	0.7116966325223457
SPT53073	0.7857504289262034
SPT53076	0.8857826309036816
SPT53077	0.9177641322466812
SPT53078	0.8389420376321552
SPT53080	0.8873011436455513
SPT53081	0.9739188785125438
SPT53082	0.9987454865496056
SPT53083	0.8117525798691542
SPT53084	0.879252223372756
SPT53085	0.897698770392811
SPT53086	0.999804388965027
SPT53087	0.9995664459377096
SPT53089	0.7744799366782796
SPT53090	0.5747017944646657
SPT53091	0.6627224034430343
SPT53092	0.9999999981840232
SPT53093	0.9997759555815384
SPT53094	0.9999999999565974
SPT53095	0.999535677300906
SPT53097	0.9999999900814835
SPT53098	0.849063598647827
SPT53099	0.9404977537590788
SPT53100	0.9990594070860432
SPT53101	0.8313902817346042
SPT53104	0.9576248686163372
SPT53105	0.9995410985974644
SPT53106	0.6342519901794277
SPT53107	0.6432517399313007
SPT53109	0.99811543524395
SPT53111	0.8701552810616683
SPT53112	0.8149386429105999
SPT53113	0.9999999983317232
SPT53115	0.99901645671607
SPT53116	0.9619551409798156
SPT53117	0.5503458421423236
SPT53118	0.997191681105386
SPT53121	0.7739222815323017
SPT53124	0.6911409063132052
SPT53125	0.5856518790305909
SPT53126	0.9997481433296368
SPT53127	0.874270255245411
SPT53128	0.9366075222677116
SPT53129	0.4884063441676833
SPT53130	0.9999999983136578
SPT53131	0.6838920924474832
SPT53132	0.8371526873747592
SPT53133	0.6776908600821467
SPT53134	0.9983449613686068
SPT53135	0.8625028966706167
SPT53137	0.9999999991327276
SPT53139	0.9983818095824644
SPT53141	0.9990984371539492
SPT53142	0.9999999990088814
SPT53143	0.9999999974427838
SPT53145	0.4705925788401065
SPT53146	0.998419440489724
SPT53147	0.9998423399314196
SPT53149	0.9999999968767868
SPT53150	0.5875378495936407
SPT53154	0.9999999893931044
SPT53155	0.9326638833488182
SPT53159	0.9077165464542784
SPT53161	0.6959836763821712
SPT53162	0.9770917007094384
SPT53164	0.8193885317387213
SPT53165	0.9971487949338048
SPT53166	0.7791804496370147
SPT53171	0.99989230033405
SPT53173	0.9996648876300696
SPT53174	0.4369643833405321
SPT53176	0.8870155244720059
SPT53178	0.999571123859612
SPT53179	0.8558605572727045
SPT53182	0.8253601384530531
SPT53183	0.9939369530655384
SPT53185	0.8278081231833436
SPT53188	0.8894199042121159
SPT53189	0.5054075868694592
SPT53190	0.5897382133016285
SPT53191	0.860042511339898
SPT53192	0.6279929211341984
SPT53194	0.9023057173869794
SPT53197	0.8781358867015094
SPT53201	0.7871700458372485
SPT53208	0.9999999942730122
SPT53209	0.9994088969538036
SPT53221	0.9855403443333396
SPT53228	0.9995279712345192
SPT53229	0.9977292877257986
SPT53230	0.716684719179417
SPT53233	0.8220362405539379
SPT53235	0.9770750712002524
SPT53617	0.9993985661231768
SPT53618	0.999765862681728
SPT53619	0.9977509292612946
SPT53620	0.999761867607421
SPT53621	0.999854361090354
SPT53623	0.9997781059668328
SPT53625	0.9996465355238768
SPT53626	0.5620319149791638
SPT53627	0.9999753473022156
SPT53628	0.6321166615619735
SPT53629	0.8740719673418706
SPT53630	0.5458605323714016
SPT53631	0.5811772844770282
SPT53632	0.9977862802542288
SPT53633	0.5263388593731639
SPT53634	0.7417259883248184
SPT53635	0.9965539613172182
SPT53636	0.4686710570193755
SPT53637	0.713157642778923
SPT53638	0.7571635764446267
SPT53641	0.5024021632806671
SPT53642	0.4167260748885233
SPT53643	0.3341950889148661
SPT53644	0.6285509546374279
SPT53647	0.8089562904270787
SPT53648	0.4420984928589739
SPT53649	0.975285503246466
SPT53650	0.3532993947771172
SPT53651	0.98717844096538
SPT53652	0.5563573183658952
SPT53654	0.7570797545830099
SPT53655	0.6044381913793778
SPT53656	0.9971338677604844
SPT53658	0.7764963466463672
SPT53659	0.9855915427975592
SPT53660	0.9937225694807044
SPT53661	0.6504609838753573
SPT53662	0.5405971384848697
SPT53663	0.6331485275707189
SPT53664	0.4987204030823526
SPT53665	0.5987109856093358
SPT53666	0.7202437061484267
SPT53667	0.8976772241699372
SPT53668	0.7897809010587346
SPT53669	0.6049610113684663
SPT53670	0.8857371822620179
SPT53671	0.6247073261620208
SPT53672	0.9928507370079952
SPT53673	0.5093658579553066
SPT53674	0.9944073266409827
SPT53675	0.2264714039951048
SPT53676	0.7296723952355408
SPT53677	0.987319771227549
SPT53678	0.5682437948706617
SPT53679	0.3663541147334296
SPT53680	0.9667672845778644
SPT53681	0.6387637457005134
SPT53682	0.9945988566985564
SPT53683	0.9991425096236912
SPT53684	0.9967087598641248
SPT53685	0.4572797187586712
SPT53686	0.5270198911340758
SPT53688	0.762117587624622
SPT53689	0.8053277945680072
SPT53690	0.9999999958996284
SPT53692	0.6972731120770217
SPT53693	0.999826454996964
SPT53694	0.999992373032477
SPT53695	0.8911688199680335
SPT53696	0.9999294320549036
SPT53697	0.897418108342301
SPT53698	0.5702295301882166
SPT53700	0.99723671595225
SPT53703	0.4496166964713028
SPT53704	0.9792961685440648
SPT53705	0.9992322156601784
SPT53706	0.6612621223461956
SPT53707	0.998882023063964
SPT53708	0.9985977577668947
SPT53709	0.5438366703150408
SPT53711	0.6765179248735584
SPT53712	0.7978723835287788
SPT53714	0.9613279942187916
SPT53715	0.5867406653639272
SPT53717	0.9978413331727372
SPT53718	0.9976043822856292
SPT53719	0.9974305190707002
SPT53720	0.7009133444250006
SPT53722	0.9979716958077488
SPT53723	0.998473928138662
SPT53724	0.4764905905578688
SPT53726	0.9968341920222852
SPT53727	0.9984224366122944
SPT53728	0.99866481998938
SPT53729	0.6881894019350945
SPT53731	0.9987443861649112
SPT53732	0.9775951507428884
SPT53733	0.8775242825479641
SPT53734	0.5808112905712102
SPT53736	0.3448950764579743
SPT53737	0.7005171462150316
SPT53738	0.6480436333638762
SPT53739	0.9930175442085796
SPT53741	0.9991986414306362
SPT53743	0.9994698852515594
SPT53744	0.7080931134711526
SPT53745	0.9970037185611392
SPT53746	0.9980840609497142
SPT53747	0.5151334519199906
SPT53748	0.9906599259226372
SPT53750	0.6355633909199324
SPT53752	0.9979664385531026
SPT53753	0.817602235996397
SPT53754	0.998323291312318
SPT53755	0.9982256482866988
SPT53756	0.5646983264939127
SPT53758	0.5812956796623177
SPT53759	0.999201520606463
SPT53760	0.9282074063967672
SPT53761	0.531631946401514
SPT53762	0.7531812171248096
SPT53763	0.6270270803963912
SPT53764	0.591372912737129
SPT53765	0.9607294505624332
SPT53766	0.999095888910415
SPT53767	0.6229913806942565
SPT53769	0.8399346153935532
SPT53770	0.7860155761670973
SPT53771	0.8626258525504824
SPT53772	0.998920369872017
SPT53774	0.9996632961772262
SPT53775	0.9979135178855568
SPT53777	0.7167710798749081
SPT53778	0.637143245503755
SPT53780	0.7105632916804867
SPT53781	0.7699055704423577
SPT53783	0.9963260962345556
SPT53784	0.997767702404706
SPT53785	0.7026051985332284
SPT53786	0.9971769665622592
SPT53787	0.8310928447702923
SPT53788	0.6832600602580806
SPT53790	0.4327741933629707
SPT53791	0.8970654790986212
SPT53792	0.6555786819278153
SPT53793	0.9214708656067336
SPT53795	0.8244979950162207
SPT53796	0.4774633545463734
SPT53797	0.5471409684364927
SPT53799	0.9980091045826164
SPT53800	0.7435771474927413
SPT53801	0.997170595307926
SPT53802	0.6646377437814251
SPT53803	0.6488539704980136
SPT53804	0.600941984135185
SPT53805	0.7164952912567404
SPT53806	0.996882481600909
SPT53807	0.9995666677176882
SPT53809	0.8757697002458883
SPT53810	0.866195507818676
SPT53813	0.997304712087674
SPT53814	0.8070818024523595
SPT53815	0.7137852876740138
SPT53817	0.9490201178163624
SPT53819	0.993044621840122
SPT53821	0.5335089643270639
SPT53822	0.4415034387562133
SPT53823	0.9983143012382494
SPT53824	0.9968214531483416
SPT53825	0.848577585816181
SPT53826	0.7113579158459571
SPT53827	0.9994501267952132
SPT53828	0.9782937885432004
SPT53829	0.7658577037078842
SPT53830	0.3897745212585428
SPT53832	0.9970169335223588
SPT53833	0.8260136842762225
SPT53834	0.923875212657248
SPT53836	0.9990504791871032
SPT53837	0.732773763306171
SPT53838	0.8333222125809977
SPT53839	0.9995306707646022
SPT53840	0.5062956774634657
SPT53842	0.997215271853445
SPT53844	0.5791659903285135
SPT53845	0.748354476892412
SPT53847	0.788787035765923
SPT53849	0.6016455615846745
SPT53850	0.9850602424984112
SPT53851	0.9997756005341708
SPT53852	0.9993614733115952
SPT53854	0.9970448919776694
SPT53856	0.9999999999700496
SPT53857	0.3922811043889813
SPT53859	0.8520151231429733
SPT53860	0.9978993171310538
SPT53861	0.4409567475151876
SPT53865	0.7914882049616232
SPT53867	0.870941794999144
SPT53868	0.999798142600226
SPT53869	0.876998040016763
SPT53871	0.4540079965986114
SPT53872	0.9970286229218116
SPT53874	0.4341541644703883
SPT53875	0.9864814889350916
SPT53876	0.6065970214880771
SPT53877	0.2887192297321046
SPT53878	0.7277986507589915
SPT53879	0.6201978875045233
SPT53880	0.7078545922948052
SPT53881	0.9994015068765092
SPT53882	0.6348951473781081
SPT53883	0.9963485884527707
SPT53884	0.9095758375304316
SPT53886	0.5468809779333139
SPT53887	0.997689343352948
SPT53889	0.5822403755596999
SPT53891	0.712024193768674
SPT53892	0.6658160808080673
SPT53894	0.3501863967324551
SPT53895	0.3153741638742751
SPT53897	0.5895721734120392
SPT53898	0.6244893636522818
SPT53899	0.9992102446328122
SPT53900	0.997887440353828
SPT53901	0.99586270362236
SPT53902	0.3859336594730826
SPT53903	0.640318764607363
SPT53904	0.998256144889232
SPT53905	0.4038698617369061
SPT53906	0.7977880066596299
SPT53907	0.996110975454564
SPT53909	0.7713789633526623
SPT53910	0.996391757799795
SPT53911	0.5017134949905881
SPT53912	0.996814356704651
SPT53914	0.9998637530560772
SPT53915	0.8267991406848572
SPT53916	0.999836397006744
SPT53917	0.3198299578020823
SPT53918	0.5944826757601978
SPT53920	0.5444304192027248
SPT53922	0.967238160815263
SPT53923	0.9997465760106924
SPT53924	0.337314858484015
SPT53925	0.7267729537529496
SPT53926	0.7029381110865938
SPT53927	0.8523319302013799
SPT53928	0.9986163903473494
SPT53929	0.4964787433527784
SPT53931	0.4599178748499584
SPT53932	0.9998583746141074
SPT53933	0.9982709265970532
SPT53934	0.9963795528166636
SPT53935	0.5716043686226879
SPT53936	0.998183342946008
SPT53938	0.8541950332470275
SPT53939	0.8773476412520318
SPT53940	0.7910367961327753
SPT53942	0.9988074204246724
SPT53943	0.9044198256063096
SPT53944	0.4549955836467493
SPT53946	0.9108336192887372
SPT53947	0.9993017350088528
SPT53948	0.683645886536487
SPT53949	0.6482372136195201
SPT53950	0.686817461752483
SPT53951	0.9765062052332406
SPT53952	0.99705420688447
SPT53953	0.5578098945331942
SPT53954	0.6725171969297525
SPT53955	0.8671253375958485
SPT53956	0.6560439429191015
SPT53957	0.6310366275373035
SPT53958	0.8872882340490051
SPT53959	0.9826739057296938
SPT53960	0.995505868495538
SPT54385	0.9999999960860588
SPT54386	0.8733740083680694
SPT54387	0.9961552861738512
SPT54388	0.8762969695098811
SPT54389	0.9999406693832672
SPT54394	0.4634214198913983
SPT54395	0.5774763976187831
SPT54397	0.8307672065069122
SPT54401	0.9999999954731544
SPT54402	0.7642307825145379
SPT54403	0.8999024114896588
SPT54406	0.9909148715670252
SPT54407	0.9996760543163312
SPT54409	0.9784818612302916
SPT54410	0.9998061495758688
SPT54411	0.902087419006255
SPT54413	0.8012045076529076
SPT54414	0.9993024969064074
SPT54415	0.9975566674896236
SPT54416	0.7599461930407811
SPT54417	0.6465790268542162
SPT54418	0.9998891070113493
SPT54420	0.9747381162157692
SPT54421	0.7297851240517723
SPT54423	0.7883659643749603
SPT54426	0.9962845738636292
SPT54428	0.991388653959974
SPT54430	0.8681965221010048
SPT54431	0.9995150237553572
SPT54432	0.4566284647916675
SPT54434	0.8377821833644197
SPT54435	0.9994102246180764
SPT54436	0.9993388328913436
SPT54438	0.4289060311290221
SPT54439	0.8593817062787728
SPT54440	0.6929653128281013
SPT54441	0.6603287440507923
SPT54442	0.5651030566757036
SPT54443	0.9992456605251404
SPT54444	0.998297539703956
SPT54445	0.6255716532039111
SPT54446	0.9990307765563814
SPT54447	0.919830173133126
SPT54450	0.999999999294511
SPT54451	0.5747147771508501
SPT54452	0.6797438941449541
SPT54453	0.9662970418260188
SPT54454	0.6430248545386468
SPT54455	0.6163059443139385
SPT54456	0.848036041741494
SPT54457	0.9998744121167664
SPT54458	0.9999999942814796
SPT54459	0.9999999950620668
SPT54460	0.9430754470947916
SPT54461	0.8154208380860867
SPT54462	0.9996182792972976
SPT54463	0.7961225506397662
SPT54464	0.7675403514623007
SPT54465	0.994504930596594
SPT54466	0.7367390919529246
SPT54467	0.9989200187313784
SPT54470	0.956754505861282
SPT54472	0.9943073807481476
SPT54474	0.9999779531504016
SPT54475	0.7581370369974962
SPT54477	0.9936271963599532
SPT54479	0.7819395126897879
SPT54480	0.6417409074343483
SPT54481	0.6336117741274545
SPT54482	0.6185231908270648
SPT54483	0.6114863447720112
SPT54484	0.8525672031231321
SPT54486	0.9677839397329308
SPT54487	0.9795704426160752
SPT54488	0.6465415792390794
SPT54489	0.5927972964469872
SPT54490	0.8322629135325443
SPT54491	0.6691640732843458
SPT54495	0.523290399986821
SPT54496	0.9201829995609608
SPT54497	0.9485097792768552
SPT54498	0.6861796060851547
SPT54499	0.903483431551489
SPT54501	0.8166717643976129
SPT54503	0.9748060180491576
SPT54504	0.8408093030607153
SPT54505	0.9683738900340476
SPT54506	0.6763264399081826
SPT54507	0.9235426038849908
SPT54508	0.8805138343642954
SPT54510	0.9999906618831256
SPT54511	0.834625239707389
SPT54512	0.9939503180168058
SPT54513	0.9316817874818484
SPT54514	0.8636103235277394
SPT54516	0.676319125023731
SPT54518	0.8816738485136905
SPT54519	0.771046060307681
SPT54520	0.8594343781993228
SPT54521	0.930292137974362
SPT54522	0.6719135156355206
SPT54523	0.5659591056177966
SPT54524	0.9660743330310192
SPT54525	0.7399138918495752
SPT54526	0.982117684433236
SPT54527	0.9434282164289628
SPT54528	0.9281874195687412
SPT54529	0.6998079996335553
SPT54530	0.7422355149123092
SPT54532	0.9983665636334432
SPT54534	0.9999027848313192
SPT54535	0.9840675017466344
SPT54536	0.8171065673721656
SPT54538	0.6087106599503389
SPT54539	0.9167646435826504
SPT54541	0.8372455870693788
SPT54542	0.8766692387856312
SPT54543	0.9787639318689444
SPT54544	0.7229616021443619
SPT54545	0.8874691989245267
SPT54546	0.8394724190376983
SPT54547	0.989903414358258
SPT54548	0.5107510872663013
SPT54550	0.9538337046942168
SPT54551	0.7523457230445363
SPT54552	0.6307704126413749
SPT54553	0.9956619250209912
SPT54554	0.9400083858597976
SPT54555	0.8385772049564664
SPT54556	0.7885768268885295
SPT54558	0.9964690994518502
SPT54559	0.9993259991519746
SPT54560	0.998318879781739
SPT54561	0.9949293454710904
SPT54570	0.755121450429597
SPT54573	0.9894589757127236
SPT54576	0.9258541700143236
SPT54578	0.9997046240274418
SPT54579	0.7257357330386178
SPT54580	0.9970913972849792
SPT54589	0.999999999265595
SPT54590	0.9999999931279407
SPT54605	0.9583863815874768
SPT54607	0.996325390988526
SPT54609	0.9998085077099294
SPT54610	0.999272056089013
SPT54612	0.9999999985899616
SPT54614	0.9993981107890562
SPT54615	0.9999079033716264
SPT54618	0.9993957253005415
SPT54619	0.9999647250362836
SPT54620	0.7699924671837473
SPT54621	0.9892553295144726
SPT54626	0.9997493758675842
SPT54628	0.9344626545445316
SPT54631	0.9999999934535662
SPT54632	0.9992793744359928
SPT54633	0.8625240357109261
SPT54634	0.9998758015613164
SPT54635	0.52661576296187
SPT54636	0.9997920805246422
SPT54638	0.9014198807905182
SPT54639	0.9998523080230294
SPT54642	0.9145489674599624
SPT54643	0.9972285694827494
SPT54644	0.8756388435433318
SPT54649	0.9186499950550214
SPT54650	0.9955090766346046
SPT54654	0.999963663744865
SPT54656	0.9992865742903272
SPT54657	0.685003766676034
SPT54658	0.9945197677884297
SPT54659	0.6815469803346369
SPT54660	0.9999999973219408
SPT54661	0.6117839497835602
SPT54662	0.966292211419298
SPT54663	0.999908872411803
SPT54664	0.7395043123031138
SPT54665	0.934940679674714
SPT54666	0.6904779675646243
SPT54667	0.9999999996402305
SPT54668	0.9997117810523514
SPT54669	0.9953064763095656
SPT54672	0.9098503647051258
SPT54673	0.999186418897668
SPT54674	0.9955471165209514
SPT54675	0.99338459190351
SPT54676	0.999641420399242
SPT54679	0.997877104753886
SPT54681	0.9964081548368744
SPT54682	0.996679973688928
SPT54683	0.8901526236431484
SPT54684	0.8249907067158497
SPT54685	0.9993676961179112
SPT54687	0.8737505996573242
SPT54689	0.9998446047807794
SPT54690	0.9979377952499628
SPT54692	0.9986090158046516
SPT54693	0.9991622956312322
SPT54695	0.8864995092562782
SPT54696	0.8456378871394631
SPT54697	0.9904371322800096
SPT54698	0.549747865626901
SPT54699	0.989351657244177
SPT54700	0.6288865508793873
SPT54701	0.8733990282781685
SPT54702	0.6484773338312255
SPT54704	0.999350866709095
SPT54705	0.9373190061541398
SPT54706	0.9968767117403046
SPT54707	0.7306122643328398
SPT54708	0.6812343456802459
SPT54710	0.89708464566566
SPT54711	0.9870474460106544
SPT54712	0.99901612123669
SPT54713	0.9487256026039232
SPT54715	0.5357817706777948
SPT54717	0.9993036790106044
SPT54718	0.8290843058513905
SPT54719	0.9504138449413544
SPT54722	0.996676042495486
SPT54723	0.9997569901241417
SPT54724	0.8862129062676416
SPT54725	0.9989277815577569
SPT54726	0.7574916075287366
SPT54727	0.9962308115312708
SPT54728	0.9978876704483708
SPT54729	0.997884343889546
SPT54730	0.7238016018213422
SPT54732	0.9926594137898476
SPT54733	0.966216069885222
SPT54735	0.998801683826468
SPT54736	0.8793862919118317
SPT54737	0.9985320499808238
SPT54738	0.9904963236699535
SPT54740	0.9997371546756616
SPT54741	0.9978889300048096
SPT54743	0.9890101368321068
SPT54744	0.969775550261586
SPT54746	0.9583090859788492
SPT54747	0.7627613273334009
SPT54749	0.9986776737478372
SPT54750	0.7210212590071863
SPT54752	0.9990951783145012
SPT54753	0.6438434199427957
SPT54754	0.9998202626548336
SPT54755	0.9998840263247256
SPT54757	0.6513048670472779
SPT54759	0.5770427232922792
SPT54762	0.753198413934468
SPT54763	0.9984121690765644
SPT54764	0.8467889088995522
SPT54766	0.733516313373549
SPT54767	0.6125140968404577
SPT54770	0.9991744125729468
SPT54771	0.8831422723647775
SPT54775	0.6418233460735775
SPT54776	0.6902660623511088
SPT54778	0.9997060126062576
SPT54779	0.9023329242168726
SPT54780	0.8180960972718935
SPT54782	0.7241022131159915
SPT54784	0.9385840637094288
SPT54785	0.9165901722250251
SPT54793	0.6056240508991015
SPT54795	0.8624832079259264
SPT54796	0.9999999946674676
SPT54797	0.9227010857184816
SPT54804	0.9349881127412818
SPT54809	0.999000254783444
SPT54812	0.999999993749726
SPT54817	0.8319068857623595
SPT54819	0.7782962123594095
SPT54822	0.9998829920615256
SPT54825	0.999019643305188
SPT54826	0.9993424496018336
SPT54827	0.6069672878002129
SPT54832	0.999999994184434
SPT54833	0.9408803626458956
SPT54840	0.9257524144777534
SPT54845	0.9882733566848504
SPT54848	0.9989802710029716
SPT54855	0.6152265651190673
SPT54856	0.6482650626342018
SPT54857	0.6197850500703066
SPT54858	0.9984690786975952
SPT54860	0.5391319776913914
SPT54861	0.7099859690117964
SPT54863	0.9987193449614278
SPT54872	0.5721246333069883
SPT54873	0.9250991183717155
SPT54874	0.9999999924023364
SPT54877	0.9985458744421724
SPT54882	0.819084491526935
SPT54888	0.9999930908941584
SPT54919	0.9616365366513
SPT54920	0.8546399395987697
SPT54930	0.9999999950574058
SPT54943	0.9989818971276416
SPT54954	0.9741198780535248
SPT54955	0.9969076779573228
SPT54959	0.9799782238516246
SPT54961	0.998701462142176
SPT54971	0.9968898614555411
SPT55113	0.9999999932901168
SPT55125	0.8787563635699804
SPT55147	0.999811271027766
SPT55233	0.9139423465637978
SPT55328	0.6575031542846521
SPT55419	0.5898261422523365
SPT55421	0.6534106944813947
SPT55424	0.7395969833212486
SPT55429	0.9999999959240776
SPT55431	0.9998750045822192
SPT55434	0.9999863080690368
SPT55436	0.650367919316333
SPT55440	0.9951270490830856
SPT55443	0.8888144637812208
SPT55445	0.9995473082649536
SPT55446	0.9987562036183848
SPT55447	0.7843252554829807
SPT55451	0.9264085487446058
SPT55453	0.9295081220338514
SPT55454	0.997610012650469
SPT55468	0.9998129044385616
SPT55469	0.9980796928133072
SPT55472	0.978932038989932
SPT55477	0.9775202155686072
SPT55484	0.7964437054294238
SPT55489	0.9985615906242858
SPT55495	0.9993179327408594
SPT55497	0.4632351747546785
SPT55498	0.5329473774521283
SPT55500	0.9992823933137922
SPT55501	0.7779779404985601
SPT55502	0.7406780247783175
SPT55504	0.667435484065841
SPT55505	0.9946618736436124
SPT55506	0.7183199623882293
SPT55508	0.990709438113412
SPT55516	0.3625490770370438
SPT55525	0.9935002335374452
SPT55530	0.9995238507329895
SPT55532	0.993979289701495
SPT55545	0.8239279320201058
SPT55558	0.8619264908071944
SPT55564	0.997229908738328
SPT55576	0.9989184875790904
SPT55584	0.999039620657229
SPT64619	0.9999999947799536
SPT64620	0.9834561271608644
SPT64623	0.9987499064037478
SPT64634	0.6482828685997714
SPT64635	0.9997536918943442
SPT64636	0.911270764536792
SPT64637	0.999538924945592
SPT64638	0.9993817301324104
SPT64641	0.9933501530270742
SPT64642	0.9983324428812682
SPT64645	0.943277717450674
SPT64647	0.9997991166106042
SPT64648	0.7084280874008668
SPT64651	0.9999999861658824
SPT64652	0.877070201278701
SPT64655	0.9712896123035524
SPT64656	0.9991173222206522
SPT64661	0.941420447441766
SPT64662	0.999054388989817
SPT64663	0.9758591538268956
SPT64664	0.7699822417158326
SPT64666	0.9993402217546008
SPT64670	0.9970397780161336
SPT64672	0.9942520372366545
SPT64674	0.9934177796247404
SPT64675	0.9962249928361964
SPT64679	0.9997343051628254
SPT64680	0.992698678003718
SPT64681	0.999604093016619
SPT64682	0.9998724302057718
SPT64686	0.9931865215956508
SPT64687	0.9039823155366622
SPT64694	0.9996886296623186
SPT64695	0.9508200833848977
SPT64697	0.9997246934113542
SPT64698	0.960493143688291
SPT64699	0.9749459025869056
SPT64700	0.9996111853509494
SPT64705	0.662790954951362
SPT64707	0.999798092043794
SPT64716	0.8633259928135392
SPT64719	0.9990840145301024
SPT64721	0.8573054756767037
SPT64725	0.999307564848933
SPT64726	0.8992528347805925
SPT64728	0.9409810834785852
SPT64731	0.9644033854411812
SPT64733	0.7984541673696373
SPT64738	0.9959849382142042
SPT64739	0.9987260110962234
SPT64741	0.87617579930042
SPT64745	0.9684785445756824
SPT64747	0.9999999859389076
SPT64752	0.9956022940026512
SPT64759	0.7657043798276049
SPT64760	0.9999999939667084
SPT64762	0.9398531878064438
SPT64767	0.9334119025680364
SPT64768	0.9994532381582896
SPT64771	0.7700261031907791
SPT64772	0.9533147956396452
SPT64776	0.9991725251954604
SPT64777	0.9988960679145932
SPT64782	0.9992343830970644
SPT64784	0.9993060074728884
SPT64785	0.9995093140524048
SPT64786	0.9969999213429118
SPT64788	0.8983555103195715
SPT64789	0.9999999916749208
SPT64790	0.9911819796927424
SPT64791	0.9781739812318292
SPT64792	0.9991726889519192
SPT64796	0.9993074198773108
SPT64803	0.8741450202093104
SPT64806	0.8069504058546051
SPT64808	0.979603612605906
SPT64815	0.9995532502912552
SPT64818	0.9325781204142782
SPT64819	0.9002929476899559
SPT64820	0.999859590610469
SPT64822	0.9211598213044973
SPT64824	0.997795470036442
SPT64825	0.9989722163245158
SPT64826	0.9380799320270004
SPT64828	0.7996007718001181
SPT64831	0.9707198772860948
SPT64833	0.9945545564749582
SPT64834	0.9334408354153072
SPT64836	0.999795090418515
SPT64837	0.9520915620051168
SPT64841	0.8638631886552054
SPT64843	0.9944614072413204
SPT64844	0.7666304087916394
SPT64848	0.7546116218569838
SPT64849	0.8564630302316734
SPT64851	0.987895443482088
SPT64853	0.9999753350386676
SPT64855	0.9999686712199471
SPT64856	0.9991683682547564
SPT64858	0.8815549376657971
SPT64860	0.9997163674107472
SPT64862	0.9995898722395722
SPT64863	0.9987147983584844
SPT64867	0.9996602494888788
SPT64871	0.7930587807667091
SPT64872	0.9996300442527256
SPT64873	0.9723408635573696
SPT64876	0.9990414753752416
SPT64877	0.9965091535780924
SPT64878	0.8936639251415578
SPT64879	0.8030677237306296
SPT64880	0.7778203782531995
SPT64884	0.9984135279810696
SPT64885	0.9014756294699152
SPT64886	0.9949382230996386
SPT64889	0.9907351485248024
SPT64890	0.9999999897927002
SPT64896	0.8190161285099857
SPT64897	0.9995555874039588
SPT64899	0.9999890504190668
SPT64903	0.9994133922625557
SPT64904	0.9994968852694418
SPT64911	0.9996877602871822
SPT64913	0.9449214245388968
SPT64949	0.9999999927415144
SPT64958	0.9942357542214604
SPT64973	0.950242728274996
SPT64977	0.9994558443745888
SPT64979	0.8657414781800487
SPT64985	0.9160013571585812
SPT64989	0.8436255694160191
SPT64990	0.9989411630631074
SPT64991	0.8872706115847375
SPT65011	0.9151568031090934
SPT65012	0.9972693719499146
SPT65018	0.951337961274884
SPT65036	0.999814567847909
SPT65038	0.991182412303006
SPT65041	0.9991534816232568
SPT65042	0.950969600193623
SPT65049	0.998544162971579
SPT65051	0.9556235482396228
SPT65055	0.9533471865054938
SPT65058	0.9714498482551036
SPT65059	0.7219008214759044
SPT65067	0.9997696389320956
SPT65072	0.9940497421170352
SPT65082	0.9673187603956502
SPT65083	0.8285635524030327
SPT65086	0.9997335302064576
SPT65088	0.999999992018426
SPT65091	0.9989200336058092
SPT65092	0.7463428854917148
SPT65094	0.9995881584128116
SPT65096	0.9729201160840828
SPT65100	0.9988234325800526
SPT65102	0.9965778850905184
SPT65108	0.7641781982643311
SPT65111	0.7810569096109551
SPT65112	0.999323857519674
SPT65115	0.999779863057563
SPT65117	0.7810633691491393
SPT65118	0.7540159899725252
SPT65122	0.9969177809478796
SPT65124	0.9938513023987342
SPT65125	0.9943855497046672
SPT65126	0.9978516210289784
SPT65129	0.9999112887624328
SPT65131	0.8403232108172536
SPT65133	0.983778212541816
SPT65136	0.9960554224311274
SPT65137	0.9456786202291824
SPT65139	0.7843706037502187
SPT65140	0.9633171998700868
SPT65141	0.9992570436901386
SPT65144	0.9990149188998206
SPT65146	0.9975910884704594
SPT65147	0.6994926469175946
SPT65148	0.6607111237928798
SPT65151	0.8747723808253984
SPT65152	0.99887810129513
SPT65153	0.7498429586624078
SPT65160	0.9980636815701388
SPT65161	0.9973619354985362
SPT65162	0.9994848620879248
SPT65164	0.9865987215087068
SPT65165	0.8330772189458642
SPT65166	0.9687760754347312
SPT65170	0.9993995969786064
SPT65172	0.8575733030491639
SPT65173	0.9925569233359088
SPT65176	0.9520090247515453
SPT65179	0.9034980902312212
SPT65181	0.9999491443082282
SPT65182	0.9999999874118306
SPT65183	0.9874360784931144
SPT65184	0.999342409327696
SPT65186	0.6659825355258806
SPT65187	0.7603015220153757
SPT65188	0.890737601036875
SPT65189	0.7965405047322296
SPT65191	0.9976444489158024
SPT65192	0.923450427954555
SPT65195	0.998361077773626
SPT65196	0.8015898504825035
SPT65198	0.7863222465598213
SPT65199	0.9978154966778614
SPT65200	0.998666619756104
SPT65202	0.99701239882644
SPT65203	0.8266665054671
SPT65205	0.8537700580406481
SPT65206	0.9066206399629896
SPT65207	0.9992370979954538
SPT65209	0.998655427855522
SPT65210	0.913850059190772
SPT65212	0.6443540437231562
SPT65213	0.8768902915037495
SPT65214	0.9618946751551865
SPT65215	0.8398261980055702
SPT65216	0.8609159130154928
SPT65219	0.9994190828878526
SPT65223	0.9565601916535592
SPT65224	0.7783782397597576
SPT65225	0.9407443943206488
SPT65226	0.837577522376836
SPT65227	0.8533880667356741
SPT65228	0.7950198496206727
SPT65231	0.9995747669233224
SPT65232	0.8786702752083805
SPT65233	0.9349443772792716
SPT65234	0.999324948238502
SPT65237	0.8783043483465273
SPT65239	0.9438340710022288
SPT65240	0.7203362991906753
SPT65241	0.999999993768826
SPT65244	0.918928431829682
SPT65245	0.9991803590636162
SPT65247	0.9997951952437965
SPT65249	0.9993049910881396
SPT65251	0.999999999233628
SPT65252	0.9999999989531348
SPT66876	0.9961489554404988
SPT66877	0.7473475634414681
SPT66878	0.8420674477576096
SPT66879	0.9950089682215766
SPT66880	0.7309728496255702
SPT66887	0.3635318511320544
SPT66889	0.4799375155368066
SPT66890	0.7150236025266753
SPT66891	0.8380964179157473
SPT66892	0.8648088366796032
SPT66893	0.9997723270830664
SPT66894	0.989649156836586
SPT66895	0.9584087156230924
SPT66896	0.9955300344141332
SPT66897	0.5512085402341673
SPT66898	0.998855899311548
SPT66899	0.3681929689584037
SPT66901	0.9919136636896364
SPT66902	0.5808645849775188
SPT66904	0.9940759007450418
SPT66905	0.9962726282893212
SPT66906	0.9975266052522416
SPT66907	0.9081569638166372
SPT66912	0.9979517916134224
SPT66913	0.650082388543638
SPT66914	0.760607275066156
SPT66915	0.5781333332515743
SPT66916	0.554064019604001
SPT66917	0.9825300587576268
SPT66918	0.4171011293951856
SPT66919	0.6351595600708164
SPT66920	0.9944618257658384
SPT66921	0.915144443910727
SPT66923	0.9963440066780788
SPT66925	0.9222785993175784
SPT66926	0.4326833110147512
SPT66927	0.803235094234793
SPT66928	0.9941643722743192
SPT66929	0.5587503570834824
SPT66930	0.9972954969025976
SPT66931	0.9939879613471696
SPT66932	0.4140242444181561
SPT66933	0.3793789256703
SPT66935	0.8082375817974453
SPT66937	0.6228212354088931
SPT66938	0.9984724413540524
SPT66940	0.9280728029078384
SPT66941	0.76321088286388
SPT66943	0.4828492260472042
SPT66944	0.5246173931694801
SPT66946	0.6367130848528791
SPT66947	0.3283449476471414
SPT66948	0.6204093224735621
SPT66949	0.999144624801616
SPT66951	0.5391414521383979
SPT66953	0.9917049981550004
SPT66954	0.4030914332091347
SPT66955	0.7554389456083875
SPT66956	0.5348620836392485
SPT66957	0.7593917308633933
SPT66958	0.994479935234604
SPT66959	0.9294679812817556
SPT66960	0.7419756719689257
SPT66961	0.3377268429859426
SPT66962	0.9993246873559012
SPT66963	0.7835801814177569
SPT66964	0.9380825396310662
SPT66966	0.9977442986898184
SPT66968	0.8140885444122592
SPT66969	0.6530563693183029
SPT66970	0.4080813105764885
SPT66971	0.7618719472547181
SPT66973	0.9424373117218784
SPT66974	0.4863527591174335
SPT66977	0.3146642958708396
SPT66978	0.2493678438628082
SPT66979	0.8313197074906383
SPT66980	0.5186444472992844
SPT66982	0.7450900524617468
SPT66983	0.635057621289042
SPT66984	0.6687448881109118
SPT66985	0.6492383847498937
SPT66986	0.992821613450583
SPT66987	0.9992395734662308
SPT66988	0.996566468450786
SPT66989	0.7428887548619818
SPT66990	0.5803209632956228
SPT66991	0.9991545551569314
SPT66992	0.7923251069819696
SPT66993	0.9435977117995284
SPT66994	0.6837323730627121
SPT66995	0.9605921327440896
SPT66996	0.7652875235836474
SPT66997	0.285298018261035
SPT66998	0.9969520744371336
SPT66999	0.640859982894342
SPT67000	0.8146090163384514
SPT67001	0.6814974344641724
SPT67003	0.367875205368241
SPT67004	0.5524315457977529
SPT67006	0.5054542217491915
SPT67007	0.9982370673668134
SPT67008	0.9954872818265088
SPT67010	0.9955395317182946
SPT67011	0.9993885054245136
SPT67012	0.980362421488316
SPT67013	0.9008693388413448
SPT67014	0.7005921861387585
SPT67015	0.3932882647600694
SPT67016	0.4265788703623078
SPT67018	0.621008622429249
SPT67019	0.994021682704721
SPT67020	0.9112514165116248
SPT67021	0.999999999626238
SPT67022	0.5983628224039619
SPT67023	0.9966553136383556
SPT67024	0.7769038054699665
SPT67025	0.994734665623539
SPT67027	0.5125038719739092
SPT67028	0.5611731011921879
SPT67029	0.4855658895523985
SPT67030	0.5854758890747818
SPT67031	0.6350239624815341
SPT67032	0.9920074048744494
SPT67033	0.9958139284947
SPT67034	0.921845314765918
SPT67036	0.9974883425645666
SPT67037	0.8043562341045343
SPT67039	0.997737146712449
SPT67042	0.9483041752808492
SPT67043	0.319890626917386
SPT67045	0.3929254396993467
SPT67046	0.8507986636228828
SPT67048	0.5860626353806515
SPT67049	0.8155835139916857
SPT67050	0.9088588375169276
SPT67051	0.4872167051739997
SPT67052	0.9696374819236532
SPT67053	0.9997620871764646
SPT67054	0.986814223945222
SPT67055	0.8459457635599644
SPT67057	0.7489293632059071
SPT67058	0.9934528250650076
SPT67065	0.998154843092438
SPT67066	0.8816551301016949
SPT67067	0.9039248492266908
SPT67069	0.6749440938356455
SPT67070	0.993076664291733
SPT67072	0.5457853111279359
SPT67073	0.996434103788694
SPT67074	0.9366084778463792
SPT67075	0.9386159026447026
SPT67076	0.7306400611546728
SPT67077	0.9993830904754863
SPT67078	0.9182046362191452
SPT67079	0.5980556426492296
SPT67081	0.9942608224004784
SPT67083	0.8038183406786628
SPT67086	0.3761617445088826
SPT67088	0.6484980393280078
SPT67089	0.7187853090488818
SPT67090	0.9945223171483268
SPT67091	0.591296206828062
SPT67093	0.995557657784849
SPT67094	0.5654611327368742
SPT67096	0.6775077409501968
SPT67100	0.6104758047500769
SPT67101	0.5728771108236996
SPT67103	0.8421234449078194
SPT67104	0.9985949461574304
SPT67106	0.9814843491148492
SPT67109	0.4926770459170541
SPT67111	0.6323069071884488
SPT67112	0.4722220959092622
SPT67113	0.7793403153919592
SPT67114	0.996748991461541
SPT67115	0.5828574611502453
SPT67116	0.6783318322291978
SPT67118	0.70207248040427
SPT67119	0.4920228543512452
SPT67120	0.7881341329579381
SPT67121	0.9997138918324436
SPT67123	0.99947909331557
SPT67124	0.7797203065857241
SPT67125	0.6266032640072378
SPT67126	0.971569350239494
SPT67127	0.9950604849202171
SPT67128	0.9888441384051364
SPT67129	0.8595459431793337
SPT67130	0.7137942665620209
SPT67131	0.9513248830876112
SPT67133	0.7746466761721791
SPT67134	0.9739724726718532
SPT67135	0.4422659918393771
SPT67139	0.3265523199954608
SPT67140	0.8736464723688833
SPT67142	0.5829555405964009
SPT67144	0.7546260193735722
SPT67145	0.6023425495938237
SPT67146	0.833159608771622
SPT67147	0.6750965814936891
SPT67148	0.9735554952031082
SPT67149	0.997744166727116
SPT67150	0.3935589326172818
SPT67151	0.6580739916950433
SPT67152	0.8553766549532128
SPT67154	0.997586172905745
SPT67156	0.9989508118200684
SPT67158	0.9687112119543192
SPT67161	0.9984858837057194
SPT67162	0.7259635754528281
SPT67164	0.9641856566472164
SPT67165	0.5000394978118332
SPT67166	0.435961722140911
SPT67168	0.5226537515068079
SPT67169	0.5472288710199826
SPT67170	0.9964648638367212
SPT67171	0.6670420645715076
SPT67173	0.7771571172712269
SPT67175	0.5572975858722775
SPT67176	0.8713737103445709
SPT67177	0.4785779435391963
SPT67178	0.3160286024558812
SPT67180	0.8587836507452425
SPT67182	0.9962466336297282
SPT67184	0.6804948034053668
SPT67185	0.7621972139711949
SPT67186	0.9796521108838326
SPT67188	0.4253754349208434
SPT67191	0.9947272737179984
SPT67192	0.5614520581147597
SPT67194	0.9966101702645604
SPT67195	0.4172975837018473
SPT67197	0.9438892402470018
SPT67199	0.7363407095663086
SPT67201	0.9944864915797296
SPT67204	0.6067343035111861
SPT67205	0.9335776434403972
SPT67206	0.2432801653712164
SPT67207	0.6451672701943154
SPT67208	0.633341394338063
SPT67210	0.386321282897637
SPT67211	0.7870700308997207
SPT67212	0.8066045652201195
SPT67213	0.8056585183090649
SPT67214	0.7478901546306628
SPT67215	0.4506885704620049
SPT67217	0.791103953555557
SPT67219	0.3721973711443725
SPT67220	0.3963896167776989
SPT67221	0.4469846868056498
SPT67222	0.7487269006596884
SPT67447	0.4707176952049933
SPT67448	0.1911218695638555
SPT67449	0.3559854133120212
SPT67450	0.3815364000167086
SPT67451	0.9932432253264398
SPT67452	0.807740120886759
SPT67453	0.8425027099024648
SPT67455	0.7602224677714431
SPT67456	0.5806215874991894
SPT67457	0.4291891174273926
SPT67458	0.5653793748210239
SPT67459	0.1981285686922133
SPT67460	0.5609817390096821
SPT67461	0.9333716101337828
SPT67462	0.3537894048695577
SPT67463	0.6143510786406999
SPT67465	0.9715853687380044
SPT67466	0.3054870902144839
SPT67467	0.8788286484613399
SPT67468	0.9954804572047504
SPT67469	0.8407273409508842
SPT67470	0.6123503156900316
SPT67471	0.503324457925767
SPT67472	0.9984234736901816
SPT67473	0.3534097378356504
SPT67474	0.6867070622980158
SPT67475	0.6417544494499714
SPT67476	0.5701558139929233
SPT67477	0.7516627740921107
SPT67478	0.9444564134873008
SPT67480	0.4251223917774105
SPT67481	0.9880543841253
SPT67484	0.2459788045100569
SPT67486	0.5146804053581915
SPT67487	0.7160500371465437
SPT67488	0.9947544109733366
SPT67489	0.6639914049051998
SPT67490	0.8099946607436392
SPT67491	0.9932334528692918
SPT67492	0.5834982768437549
SPT67493	0.3891840026321858
SPT67494	0.2240074639671317
SPT67495	0.6586332195697513
SPT67496	0.4539144347241032
SPT67497	0.2802546122329704
SPT67499	0.805243920573411
SPT67500	0.9481017902930724
SPT67503	0.9703854936959968
SPT67504	0.65485497722816
SPT67505	0.540542308145963
SPT67506	0.9988146481697858
SPT67508	0.8266187112593195
SPT67511	0.659567960329958
SPT67512	0.5887828295155155
SPT67514	0.3930468126503779
SPT67515	0.368571475581869
SPT67516	0.3517903121596153
SPT67517	0.8430817192059951
SPT67518	0.6186813071270507
SPT67519	0.5598014241876481
SPT67520	0.5818575393083966
SPT67521	0.2808741452678528
SPT67522	0.3865193566346462
SPT67524	0.8816026500940882
SPT67526	0.7276944973516417
SPT67527	0.7674016865083344
SPT67528	0.8742485068257702
SPT67529	0.6649438849195852
SPT67531	0.990364344216922
SPT67533	0.9833472107184964
SPT67534	0.960082364170175
SPT67537	0.9972748570211664
SPT67538	0.3547935402707799
SPT67539	0.99801846613246
SPT67544	0.4890116695014069
SPT67545	0.9888533622962726
SPT67546	0.9935004393249844
SPT67547	0.5310428592694473
SPT67549	0.9940334789017587
SPT67551	0.9903832171161816
SPT67553	0.4979196544961771
SPT67554	0.9989024114312066
SPT67556	0.4797682697365332
SPT67557	0.5831549451745897
SPT67560	0.9972173300230728
SPT67561	0.78162543494503
SPT67563	0.998179430503326
SPT67564	0.5789896684745587
SPT67565	0.999425608918849
SPT67566	0.7564061643105371
SPT67567	0.9993352623533656
SPT67570	0.9986149910911534
SPT67571	0.9941272955545444
SPT67572	0.6373065552191464
SPT67573	0.8616891902229729
SPT67574	0.4831397025345253
SPT67575	0.9430805907455456
SPT67577	0.7835421638409185
SPT67579	0.9977660212952498
SPT67580	0.5201337812293314
SPT67581	0.4898752102833077
SPT67582	0.9980571784113972
SPT67584	0.7682643191264146
SPT67585	0.9023722909542188
SPT67586	0.885179934118302
SPT67587	0.9510371317662936
SPT67590	0.9416844692833573
SPT67591	0.7744701265261196
SPT67592	0.4125932613513454
SPT67593	0.8477038096006101
SPT67596	0.446677608432239
SPT67597	0.8497180961717813
SPT67598	0.9963062299481272
SPT67599	0.9952765419790336
SPT67600	0.6045648199406173
SPT67602	0.6237127539913618
SPT67603	0.9586363974968702
SPT67605	0.9127254174554807
SPT67606	0.99623177725308
SPT67609	0.999695269556574
SPT67611	0.9944950835591384
SPT67612	0.6495083696102186
SPT67614	0.9965778189198876
SPT67615	0.6487246273850514
SPT67616	0.9910766689307487
SPT67617	0.9967978452566272
SPT67618	0.7978705746016505
SPT67621	0.7316711423966686
SPT67622	0.9885590335755458
SPT67623	0.9132499552470076
SPT67624	0.969518661095656
SPT67625	0.9985507388975646
SPT67626	0.7338618647008384
SPT67628	0.95049252865569
SPT67629	0.9917679510840866
SPT67630	0.997681766086463
SPT67631	0.9361436395956472
SPT67632	0.9434351153811792
SPT67633	0.8039346358625354
SPT67634	0.9311276744552311
SPT67635	0.8499415867691292
SPT67636	0.9928290255966016
SPT67637	0.9975904565077388
SPT67638	0.9935610856859886
SPT67639	0.8387676321235333
SPT67640	0.999635063397424
SPT67641	0.6743438398277093
SPT67642	0.7580020191563995
SPT67643	0.3963706638612387
SPT67644	0.5086248404783176
SPT67645	0.6871408384329605
SPT67646	0.9858440881384152
SPT67647	0.5440208583411386
SPT67648	0.8338221682544427
SPT67649	0.7385451921287527
SPT67650	0.8854861551292234
SPT67651	0.9908987332107134
SPT67652	0.9971409966129194
SPT67653	0.7982314724027378
SPT67654	0.5864598582270806
SPT67655	0.9979733664588946
SPT67656	0.8743061316797736
SPT67657	0.995872815180336
SPT67658	0.6107242298165081
SPT67659	0.5418361567957876
SPT67660	0.9323412277641692
SPT67661	0.8578031516272704
SPT67662	0.425557813051563
SPT67663	0.5264962970813043
SPT67664	0.9859848483406448
SPT67665	0.8329114803351987
SPT67666	0.9993030781721096
SPT67667	0.997424040122284
SPT67668	0.9962247874114422
SPT67669	0.9994541579680044
SPT67671	0.3780601603449313
SPT67672	0.7086755453577505
SPT67673	0.9986881505001493
SPT67674	0.9598778491921448
SPT67675	0.9114163033541572
SPT67677	0.6681617358911787
SPT67683	0.7465271202629012
SPT67686	0.626540128912014
SPT67691	0.9998447487953612
SPT67692	0.9993698462938432
SPT67693	0.7829175016144067
SPT67697	0.695425062784572
SPT67698	0.859052495676257
SPT67699	0.98717293121058
SPT67700	0.999418862949102
SPT67701	0.9552013652609666
SPT67702	0.9989568693349864
SPT67703	0.7780006800489904
SPT67706	0.9392873616394968
SPT67707	0.9792346738687432
SPT67708	0.9935880403065096
SPT67709	0.9679245758480034
SPT67710	0.9999999774639968
SPT67711	0.7153385460806122
SPT67712	0.7178587053937047
SPT67713	0.8586527107453921
SPT67714	0.9995904846935326
SPT67715	0.925034426872556
SPT67716	0.5846755075769472
SPT67718	0.3212408592328705
SPT67719	0.7507030793581794
SPT67720	0.9994546786632654
SPT67722	0.9987506886302928
SPT67724	0.9980791786525712
SPT67725	0.9807077249598052
SPT67726	0.9426613219852552
SPT67727	0.9971080825589466
SPT67728	0.9980797255889294
SPT67729	0.6274158469067714
SPT67730	0.7519013040690733
SPT67731	0.9999697345564786
SPT67733	0.9979161878133628
SPT67736	0.9490963986923548
SPT67739	0.3769323272304336
SPT67740	0.9155571725433782
SPT67742	0.9473657606832968
SPT67743	0.9989291151014196
SPT67744	0.9954549743144656
SPT67745	0.9999904039246572
SPT67746	0.48315557698027
SPT67747	0.6784760028139319
SPT67748	0.9957955041490386
SPT67750	0.9984383193513764
SPT67752	0.9972159944049468
SPT67753	0.5967853207252767
SPT67754	0.8636824412988484
SPT67756	0.9974664202984056
SPT67760	0.990419540019386
SPT67761	0.971132201975339
SPT67762	0.9969923513761302
SPT67764	0.998396218463146
SPT67765	0.9987157741568624
SPT67766	0.9924477274313948
SPT67768	0.9980833048996964
SPT67769	0.8842710135222095
SPT67770	0.8989832243412089
SPT67771	0.6366295140876843
SPT67776	0.8163104074247308
SPT67777	0.9843022683926445
SPT67778	0.998406571065583
SPT67781	0.999127629998816
SPT67785	0.9973257739176936
SPT67787	0.9981369618484806
SPT67789	0.843450313179593
SPT67791	0.999396854064742
SPT67792	0.9989624031300034
SPT67794	0.9541686029921342
SPT67795	0.8794190192980417
SPT67799	0.6973258627619573
SPT67800	0.99782278971599
SPT67801	0.8723233846369735
SPT67802	0.7333805529628966
SPT67803	0.9385278740508088
SPT67804	0.8931342227007718
SPT67805	0.7626781649262786
SPT67807	0.6899214238129554
SPT67808	0.576799904763818
SPT67810	0.8225704867415058
SPT67811	0.8698152090576843
SPT67812	0.9928669008048804
SPT67813	0.9845378376580378
SPT67814	0.9954248231210868
SPT67815	0.6106088428228802
SPT67816	0.9999999870702954
SPT67818	0.9988972050394525
SPT67819	0.9783400023504688
SPT67820	0.9987511807769808
SPT67822	0.9012750951473693
SPT67823	0.9982179031157228
SPT67825	0.8505585579549984
SPT67827	0.998547829698771
SPT67829	0.7963459527084216
SPT67830	0.6354332527091242
SPT67832	0.9556316678138976
SPT67833	0.997612274658372
SPT67834	0.9978744859372852
SPT67835	0.9961523477083166
SPT67836	0.7003171547477225
SPT67837	0.7868808549132089
SPT67838	0.6442361308659161
SPT67840	0.9981949071838928
SPT67843	0.9992709790102268
SPT67844	0.8854884003025761
SPT67846	0.994846538099714
SPT67847	0.9946089815576996
SPT67852	0.9987375635963948
SPT67853	0.999744240655493
SPT67854	0.9999440786177648
SPT70444	0.980721014631293
SPT70450	0.9979840048138158
SPT70451	0.9244940330811052
SPT70457	0.9999999878685176
SPT70462	0.9747036481033676
SPT70467	0.858453883210722
SPT70471	0.9051659541701153
SPT70475	0.999412668505992
SPT70481	0.9003788378872348
SPT70482	0.9197592096755768
SPT70488	0.9903359711558648
SPT70490	0.9678968683313234
SPT70497	0.9996192513920348
SPT70498	0.9999854785106588
SPT70511	0.7347259785483133
SPT70512	0.934318308508588
SPT70519	0.975426911328934
SPT70520	0.8728746814069623
SPT70521	0.9984742483042732
SPT70522	0.8358423007895486
SPT70523	0.8985939035431585
SPT70524	0.8217659518478023
SPT70525	0.8060210280261526
SPT70526	0.8708266619937942
SPT70527	0.7602081158138008
SPT70528	0.8402446904207492
SPT70529	0.918629637945801
SPT70532	0.6608002909045905
SPT70539	0.8550179073028614
SPT70570	0.9998833609855542
SPT70612	0.9999673314154937
SPT70617	0.9966868566289556
SPT70622	0.9980004010224268
SPT70629	0.9334233848501464
SPT70630	0.9995952570837696
SPT70632	0.9227935344108495
SPT70642	0.9558128252530708
SPT70645	0.971128717445835
SPT70650	0.9578818629866654
SPT70659	0.8316994776771469
SPT70661	0.9910611530211352
SPT70670	0.997513383903234
SPT70672	0.9266156053107124
SPT70673	0.917975143983656
SPT70685	0.8798211312935669
SPT70686	0.9992056262868892
SPT70687	0.888189238095101
SPT70742	0.9906932398545716
SPT70758	0.9974931089996654
SPT70759	0.9999614612740024
SPT70765	0.999867226447385
SPT70771	0.9998696513465138
SPT70780	0.7842124141584549
SPT70790	0.9920560641711936
SPT70813	0.9989197238374716
SPT70814	0.9853676420264714
SPT70844	0.999516255346462
SPT70855	0.89770412278988
SPT70856	0.9987198614502452
SPT70863	0.8808821775627511
SPT70865	0.9505805767389476
SPT70866	0.9474090551785852
SPT70867	0.8900628249414329
SPT70881	0.9981182102502334
SPT70887	0.9174807042551094
SPT70903	0.905455458734969
SPT70912	0.9999127051302792
SPT70914	0.9982801685095456
SPT70915	0.9364231886655404
SPT70922	0.8302724775410737
SPT70923	0.9988387992599952
SPT70925	0.9853923215671774
SPT70928	0.9980585768933574
SPT70929	0.9577359686318246
SPT70933	0.8222806792536883
SPT70936	0.870637886114723
SPT70937	0.7584813834904625
SPT70943	0.9167784800390744
SPT70949	0.980968486417728
SPT70954	0.839462998500424
SPT70955	0.9978066095141191
SPT70957	0.9372548080409768
SPT70964	0.9924965834623612
SPT70966	0.9981194259005952
SPT70967	0.9155764349724974
SPT70968	0.9471473029516396
SPT70974	0.878590058474014
SPT70975	0.9099464072186144
SPT70976	0.924656853090546
SPT70977	0.9921061386499038
SPT70978	0.839255234758673
SPT70989	0.9048020411547046
SPT70991	0.9962916159443572
SPT71021	0.9947158629637328
SPT71035	0.9754736210657688
SPT71043	0.964382022870956
SPT71046	0.9974312312764148
SPT71052	0.9999229799409276
SPT71055	0.9289371270627624
SPT71058	0.9784870244164642
SPT71062	0.999072778851451
SPT71070	0.7921428411468704
SPT71111	0.9548561488160998
SPT71113	0.9404139068977296
SPT71143	0.9957369298325658
SPT71148	0.7069345875738751
SPT71155	0.9999999921997104
SPT71185	0.9999999910608988
SPT71187	0.8510928191768853
SPT71209	0.8940192903880915
SPT71226	0.7122049125741965
SPT71241	0.8366643877837628
SPT71243	0.9669276301924268
SPT71244	0.992555897804188
SPT71247	0.999321036912992
SPT71255	0.9586672660666704
SPT71275	0.9438603362729276
SPT71314	0.9041039422873872
SPT71322	0.9995145881297288
SPT71323	0.9372213460385126
SPT71331	0.7360502283177232
SPT71342	0.999992747648675
SPT71349	0.9707883981211292
SPT71353	0.9264614561679222
SPT71360	0.9748866775032204
SPT71392	0.9999999885399468
SPT71924	0.999319291233533
SPT71926	0.9992069693032952
SPT71932	0.9314282232038048
SPT71935	0.9242302988099046
SPT71943	0.9988142576140736
SPT71947	0.9982613159798416
SPT71950	0.997229914333267
SPT71955	0.9981250860777572
SPT71956	0.5828304801061572
SPT71957	0.5704565657411889
SPT71960	0.7152633065295892
SPT71962	0.9131230170293472
SPT71966	0.5790334289620909
SPT71969	0.995849397746259
SPT71973	0.9349984420710742
SPT71977	0.7847891771838045
SPT71981	0.968937248650015
SPT71982	0.9999999962693112
SPT71983	0.9829551385313532
SPT71985	0.6249202123949491
SPT71992	0.9926103544136254
SPT71994	0.9999030826515088
SPT72008	0.828607615807761
SPT72009	0.9810572152006848
SPT72010	0.999296475650888
SPT72014	0.995822169660324
SPT72018	0.9957037154258974
SPT72019	0.967050993803118
SPT72022	0.8998863274761726
SPT72023	0.9110129053282702
SPT72024	0.90807097679013
SPT72025	0.9977458218602822
SPT72027	0.8447988825375466
SPT72029	0.9250447597460764
SPT72033	0.7404521308598428
SPT72034	0.999625750760079
SPT72035	0.7232013958885137
SPT72039	0.9971784303116926
SPT72040	0.8993156054876986
SPT72041	0.8495837726608364
SPT72049	0.377085023568238
SPT72050	0.9978214590432838
SPT72051	0.9109855797057668
SPT72053	0.8536760560944736
SPT72054	0.9991979356814308
SPT72055	0.9929193334662094
SPT72060	0.6355869437386967
SPT72062	0.9980824564448748
SPT72063	0.9856559551427776
SPT72065	0.917895940571512
SPT72068	0.997101624364968
SPT72070	0.9980185523366528
SPT72071	0.9758879517640496
SPT72072	0.9978729222418884
SPT72074	0.99926262986021
SPT72076	0.9967285108567792
SPT72081	0.472171464822775
SPT72082	0.9963957194681172
SPT72083	0.7776367495791968
SPT72084	0.9061863785898736
SPT72087	0.9985288062272634
SPT72089	0.99938664206623
SPT72091	0.9972310047234564
SPT72093	0.981839486264925
SPT72094	0.9979885185204924
SPT72095	0.8958334419007387
SPT72099	0.9934790213002213
SPT72101	0.999748234241184
SPT72102	0.8446942333224144
SPT72106	0.6839169037148906
SPT72107	0.8144201140239162
SPT72113	0.997828169629288
SPT72114	0.737245145771467
SPT72117	0.9987097582544694
SPT72118	0.9987018430683798
SPT72119	0.9962515420111768
SPT72123	0.9985847832795488
SPT72125	0.9996868353456044
SPT72128	0.9992067441745976
SPT72129	0.999944959875528
SPT72136	0.746437637921549
SPT72137	0.9996872999438066
SPT72140	0.7603883242685486
SPT72141	0.5461998380455244
SPT72143	0.8656673114327369
SPT72145	0.7118608386653267
SPT72150	0.7701789126040692
SPT72151	0.9971128670561082
SPT72152	0.9341007988473488
SPT72156	0.7133991538898298
SPT72161	0.9992123863569992
SPT72162	0.940610975049191
SPT72165	0.7681889813841322
SPT72169	0.9218781483056916
SPT72171	0.5951486726440094
SPT72179	0.9913808389512452
SPT72180	0.8760312806442321
SPT72182	0.9990622619416276
SPT72187	0.8406045686496946
SPT72188	0.7985528611304923
SPT72189	0.8305632739263824
SPT72190	0.6904011115766255
SPT72191	0.996897434369196
SPT72198	0.7548997881366525
SPT72199	0.9971538802478356
SPT72201	0.5611111221974525
SPT72202	0.6243863184918871
SPT72204	0.7404198617305384
SPT72207	0.7598375296992081
SPT72209	0.6163539608330559
SPT72216	0.5941666935587522
SPT72219	0.993631213900946
SPT72223	0.5122248717602185
SPT72224	0.8833951041837216
SPT72225	0.99932779926884
SPT72226	0.5544536771708628
SPT72231	0.9059806693933418
SPT72235	0.913987465537204
SPT72240	0.9803126317114664
SPT72241	0.9813594684935408
SPT72245	0.9986182738155784
SPT72246	0.4580427195955596
SPT72247	0.9993975783092334
SPT72248	0.9869755091694216
SPT72249	0.692016595001372
SPT72252	0.9926258173507132
SPT72256	0.6114910085374574
SPT72257	0.9956444523235404
SPT72259	0.996790966636348
SPT72267	0.6178628724205738
SPT72268	0.8474328106595859
SPT72271	0.9964406372691051
SPT72272	0.8083811753181729
SPT72275	0.9984176128326964
SPT72276	0.99711150415274
SPT72282	0.9200794955020742
SPT72283	0.9969851701954776
SPT72284	0.5602897840353357
SPT72285	0.9954577817572746
SPT72286	0.9951095798193388
SPT72288	0.8920902766082496
SPT72292	0.4140288115124166
SPT72293	0.7144974180003076
SPT72294	0.5363067400410971
SPT72297	0.660333570033557
SPT72298	0.7436464922315351
SPT72304	0.9988124119891424
SPT72307	0.8271035295224545
SPT72308	0.997046782781613
SPT72309	0.99884695178859
SPT72311	0.9962631264127068
SPT72318	0.5113986217796055
SPT72319	0.6643867126047114
SPT72320	0.995246483516911
SPT72321	0.6205156546646631
SPT72322	0.9994788859408336
SPT72328	0.9999999997517438
SPT72331	0.9954701526354112
SPT72334	0.6675485756530435
SPT72336	0.9989123865164616
SPT72337	0.9984468344370746
SPT72339	0.9305162923104198
SPT72340	0.9947842841994006
SPT72343	0.6895871819055943
SPT72344	0.7738079648147568
SPT72348	0.9993074633188102
SPT72349	0.6901664601183156
SPT72351	0.632367408422341
SPT72353	0.3622500928375088
SPT72355	0.7140554904699521
SPT72356	0.8601631627682651
SPT72358	0.992926919998058
SPT72360	0.8809900255563965
SPT72361	0.9985350845849364
SPT72362	0.9089915720067084
SPT72363	0.5969042116951226
SPT72364	0.8872873011199468
SPT72367	0.990862060110471
SPT72368	0.7043951801815089
SPT72370	0.441240244919985
SPT72371	0.6594949068272578
SPT72372	0.8894032111567426
SPT72373	0.9986689304004536
SPT72378	0.9990116274279568
SPT72379	0.991864484713879
SPT72383	0.5493108022072424
SPT72384	0.7816553280955036
SPT72386	0.8036676344261219
SPT72387	0.9983065453810256
SPT72389	0.9989310460742916
SPT72390	0.8169564296459921
SPT72397	0.9936379381264304
SPT72399	0.5488771760951556
SPT72405	0.6558594963506397
SPT72407	0.869309425927797
SPT72408	0.9899872420741028
SPT72416	0.676281791290688
SPT72417	0.5379602723247536
SPT72418	0.9693535541806352
SPT72420	0.6129127438412438
SPT72421	0.997275831602212
SPT72422	0.8087846026804096
SPT72423	0.9644950088729616
SPT72427	0.994268368073712
SPT72431	0.6610932204418589
SPT72432	0.9847893686546968
SPT72433	0.6082250739964485
SPT72436	0.9986301025220512
SPT72437	0.9721855972070178
SPT72441	0.6343277094387108
SPT72442	0.8922404074143692
SPT72444	0.8817170281946668
SPT72445	0.9976702909240724
SPT72446	0.8022666330166519
SPT72449	0.9958617682614872
SPT72451	0.9924732356154254
SPT72452	0.9992049343128614
SPT72453	0.5863978951726172
SPT72454	0.6051821685726444
SPT83025	0.9491062512576098
SPT83026	0.99450635887881
SPT83027	0.7856709508415541
SPT83028	0.900772982100685
SPT83029	0.9837910067847048
SPT83031	0.9868745443556272
SPT83032	0.9950808196672124
SPT83033	0.9964460013433312
SPT83034	0.9933053972893152
SPT83035	0.8587200397891683
SPT83036	0.9938011150142704
SPT83037	0.955870453719031
SPT83038	0.9941447853239038
SPT83039	0.9934492684829168
SPT83040	0.9879333481982892
SPT83041	0.8196435747061233
SPT83042	0.9942824262793248
SPT83043	0.9959695534302072
SPT83044	0.877746721637239
SPT83045	0.9964658548619952
SPT83046	0.6103388235020457
SPT83047	0.9979735919070408
SPT83049	0.9975744762760362
SPT83050	0.9904703357099616
SPT83051	0.9897317731292344
SPT83052	0.9919954183678812
SPT83053	0.9952079533724572
SPT83054	0.9940490392815208
SPT83055	0.9978682198305684
SPT83056	0.9318571701045868
SPT83057	0.9926687341231284
SPT83058	0.6235934694768178
SPT83059	0.9870146683187504
SPT83060	0.993209846165126
SPT83061	0.994392883979867
SPT83062	0.99307875387416
SPT83063	0.8075554427162843
SPT83064	0.9973756802272792
SPT83065	0.998404466206616
SPT83066	0.9970231938008158
SPT83067	0.9807922725404492
SPT83068	0.99817913951249
SPT83069	0.9952687219738598
SPT83070	0.9969137581262032
SPT83071	0.8732469846287592
SPT83072	0.9941293275349604
SPT83073	0.9961439313166606
SPT83074	0.997557751005772
SPT83075	0.9972338855875508
SPT83076	0.9939026856321276
SPT83077	0.9965559129047842
SPT83078	0.9941212172281896
SPT83079	0.9989590609755676
SPT83080	0.9960080099778188
SPT83081	0.9948748146102142
SPT83082	0.9946103169832587
SPT83083	0.9987367253541968
SPT83084	0.9947225729674788
SPT83085	0.9982578622901492
SPT83086	0.9996612437446204
SPT83087	0.9985643688275528
SPT83088	0.9969940351124916
SPT83089	0.995462153798552
SPT83090	0.9976069390434432
SPT83091	0.7693520386916322
SPT83092	0.995060226781814
SPT83093	0.7525790069489182
SPT83094	0.9931207866823476
SPT83095	0.9959382878960196
SPT83096	0.995137708704378
SPT83097	0.6369122147354955
SPT83098	0.9114078285177678
SPT83099	0.998713348356752
SPT83100	0.9963869085070572
SPT83101	0.9963055934206368
SPT83102	0.994950872901318
SPT83103	0.9965445293920538
SPT83104	0.9955304890658464
SPT83105	0.9946396881246168
SPT83106	0.9916738624778176
SPT83107	0.7698735226187821
SPT83108	0.996953365092866
SPT83109	0.996594660066866
SPT83110	0.9972137976906544
SPT83111	0.9994342185688996
SPT83112	0.9931378239238996
SPT83113	0.9962578513597914
SPT83114	0.996889782574826
SPT83115	0.9972832574185058
SPT83116	0.9955344498023586
SPT83117	0.9475204221399972
SPT83118	0.998244497303088
SPT83119	0.6485897235096428
SPT83120	0.9936285514345566
SPT83121	0.9944416194045552
SPT83122	0.8438437762976725
SPT83123	0.9943800768249048
SPT83124	0.9961307986814016
SPT83125	0.9960278338877024
SPT83126	0.9959900692626108
SPT83127	0.9960641988167896
SPT83128	0.9969794208935598
SPT83129	0.99479664725678
SPT83130	0.9981392978108814
SPT83131	0.9967216010592076
SPT83132	0.9958107661201738
SPT83133	0.997685327628917
SPT83134	0.8506965157583127
SPT83135	0.9962956975545716
SPT83136	0.9964311791321304
SPT83137	0.9968426271055952
SPT83138	0.9963835477218956
SPT83139	0.7740971156563425
SPT83140	0.9978243853290116
SPT83141	0.9942903224610764
SPT83142	0.9993026458045916
SPT83143	0.9941537039762656
SPT83144	0.9955505260692468
SPT83145	0.7109910178120047
SPT83146	0.9047557777651186
SPT83148	0.9964028891080154
SPT83149	0.9351063383373412
SPT83150	0.8891126538017426
SPT83151	0.9833379548024616
SPT83152	0.9959870248899432
SPT83153	0.9116286867024022
SPT83154	0.9241261661720503
SPT83155	0.9959794498010424
SPT83156	0.9991984036724988
SPT83157	0.9984710051625376
SPT83158	0.9947953017750846
SPT83159	0.9944639322033988
SPT83160	0.9971641275362068
SPT83161	0.9979126245403802
SPT83162	0.9952300953245132
SPT83163	0.996050307904305
SPT83164	0.9942889175385664
SPT83165	0.990551408546334
SPT83174	0.9768480888179036
SPT83175	0.999869945770816
SPT83178	0.9990574131864752
SPT83179	0.9367335025933012
SPT83180	0.995901648934596
SPT83183	0.9995212066017996
SPT83189	0.8132430494403055
SPT83198	0.9993249493148368
SPT83206	0.9999999962884628
SPT83209	0.9356072119892578
SPT83211	0.7706041597293914
SPT83213	0.9858351146620676
SPT83214	0.9998643340538248
SPT83216	0.9332696374234876
SPT83218	0.9425890856530112
SPT83222	0.8373362472604012
SPT83223	0.9830311100409248
SPT83229	0.9998006742390176
SPT83230	0.9992979825135558
SPT83232	0.9438111592238292
SPT83237	0.9995776782241236
SPT83238	0.9492529756443836
SPT83243	0.8090845287710147
SPT83244	0.9985426220000286
SPT83245	0.9988683215475676
SPT83250	0.9997734484358216
SPT83251	0.9992919326662394
SPT83252	0.9613320090848556
SPT83258	0.962017404989286
SPT83259	0.9127866881218768
SPT83266	0.9943215122642348
SPT83281	0.9999999935482334
SPT83282	0.9999999949839152
SPT83290	0.9989202116801248
SPT83298	0.9911709060502506
SPT83299	0.9987254436755044
SPT83300	0.9998938586415388
SPT83301	0.9673397798650794
SPT83304	0.9999999946508008
SPT83307	0.9654054289500168
SPT83312	0.997715823759908
SPT83314	0.9995360365229048
SPT83315	0.9418202134083598
SPT83316	0.8160119773939667
SPT83322	0.9895790125458664
SPT83323	0.976399579654706
SPT83327	0.9996823005580562
SPT83330	0.9083380483854634
SPT83334	0.9980258040375296
SPT83335	0.999788411125587
SPT83337	0.929767058179676
SPT83344	0.99987059137052
SPT83346	0.9999811263568882
SPT83347	0.999579206611314
SPT83348	0.7734392017561605
SPT83350	0.9335478106070308
SPT83351	0.8130671425656097
SPT83352	0.9967274934053948
SPT83355	0.9998737929782916
SPT83356	0.9998766830027752
SPT83357	0.9993335729721324
SPT83358	0.9998882743660008
SPT83359	0.9994765402632566
SPT83363	0.9128763078062344
SPT83364	0.9989603576596752
SPT83365	0.9164693717137028
SPT83366	0.999238393546713
SPT83367	0.9980589123739402
SPT83369	0.9998688846756614
SPT83375	0.9991988569313892
SPT83376	0.9991649716395948
SPT83385	0.9591025820865448
SPT83386	0.9998321171225284
SPT83387	0.9997779193801608
SPT83388	0.999989776624583
SPT83391	0.844206776157767
SPT83392	0.9081242241052584
SPT83393	0.8853442371187451
SPT83397	0.9991843055287714
SPT83398	0.9995191622220913
SPT83405	0.9990032026293442
SPT83406	0.9988865628091228
SPT83407	0.999357453387184
SPT83413	0.9991299430980582
SPT83415	0.9998824874167608
SPT83416	0.9501445943582224
SPT83418	0.9990195457996792
SPT83421	0.99938897448862
SPT83423	0.962601268927663
SPT83427	0.9998611270704671
SPT83435	0.9999141889453224
SPT83436	0.999453641481371
SPT83439	0.985324610488336
SPT83440	0.9999209508692892
SPT83442	0.9996051078557544
SPT83443	0.9991238199495428
SPT83444	0.9994716350419778
SPT83445	0.9995195025754222
SPT83448	0.9998941910463802
SPT83449	0.9993432947729682
SPT83451	0.9994665038950836
SPT83452	0.9981895514755584
SPT83454	0.9998687997437882
SPT83455	0.9997399201292074
SPT83458	0.9999999916721024
SPT83461	0.9988862772839772
SPT83462	0.9998688736155686
SPT83465	0.9997018758657668
SPT83466	0.9998697907711068
SPT83468	0.999617686318007
SPT83469	0.9993004151476064
SPT83470	0.9998688203303664
SPT83471	0.999464583184308
SPT83475	0.9917222103203466
SPT83477	0.9999436253718842
SPT83482	0.9339870752563
SPT83483	0.9807488224522908
SPT83485	0.8906330234641855
SPT83486	0.7762493264153446
SPT83487	0.9998271071939442
SPT83498	0.9418786200895726
SPT83501	0.9402726170704871
SPT83502	0.795245897324612
SPT83505	0.9999999927075858
SPT83506	0.9513109378453434
SPT83507	0.974464050791532
SPT83510	0.7772294129808646
SPT83517	0.7520403958145678
SPT83518	0.9998620877856644
SPT83519	0.9980200773963982
SPT83522	0.8991927235789159
SPT83524	0.714052884022537
SPT83527	0.965061429788038
SPT83529	0.9914874707697864
SPT83532	0.989363072208738
SPT83542	0.9800753693506428
SPT83543	0.9981392228855078
SPT83545	0.999706237326647
SPT83547	0.9978330850356956
SPT83550	0.999067597490655
SPT83552	0.9879247002475428
SPT83554	0.9589064656219574
SPT83556	0.9721990315169574
SPT83560	0.9996475507903434
SPT83566	0.9883653902346295
SPT83567	0.9998835160708464
SPT83570	0.9997527385831352
SPT83574	0.9986038631764776
SPT83576	0.8797119674604102
SPT83578	0.9998790582143428
SPT83581	0.9916339487985044
SPT83582	0.9997020999294196
SPT83583	0.9993979447828888
SPT83586	0.9969521727422288
SPT83587	0.9998842474197474
SPT83590	0.9973880374966206
SPT83591	0.9998713872209049
SPT83592	0.7345005136280337
SPT83594	0.999191062480603
SPT83595	0.9983635976431556
SPT83597	0.9995023294085508
SPT83599	0.9990358068178752
SPT83601	0.999082101127822
SPT83602	0.9998995892639512
SPT83604	0.9996595977519146
SPT83606	0.9640918950505478
SPT83608	0.6010991881874872
SPT83609	0.9997056382354904
SPT83610	0.9995756469115682
SPT83618	0.9992423162210984
SPT83624	0.9963455911626968
SPT83625	0.9637934942525836
SPT83627	0.9998767956125816
SPT83628	0.9963435719990936
SPT83631	0.9587436542034782
SPT83632	0.8383001914812294
SPT83633	0.9997984194512808
SPT83634	0.9988299731484064
SPT83636	0.7490359472667744
SPT83639	0.9985963795825324
SPT83640	0.9996454866677486
SPT83641	0.9996108760578172
SPT83648	0.99893553406197
SPT83649	0.9996254081673276
SPT83650	0.9962085349374096
SPT83653	0.9338626649189672
SPT83656	0.9993005931265588
SPT83658	0.9994900335671654
SPT83664	0.9990798461778592
SPT83672	0.9986823826692888
SPT83675	0.8367417938373398
SPT83676	0.9998689197246337
SPT83678	0.9999999902752408
SPT83679	0.998931587064913
SPT83683	0.9502275665602864
SPT83686	0.9999999927820308
SPT83687	0.9988422549222972
SPT83688	0.9998379711840258
SPT83693	0.6964338921268332
SPT83695	0.9996188548449586
SPT83696	0.9997517988160896
SPT83700	0.9998731930334392
SPT83701	0.9996652042669628
SPT83702	0.9999999941933064
SPT83706	0.5368094275313824
SPT83709	0.9527569963105944
SPT83711	0.9998871560740488
SPT83712	0.998765959069249
SPT83717	0.9990168940919084
SPT83718	0.876112037398332
SPT83719	0.9996994286584998
SPT83722	0.7909835069979609
SPT83723	0.8692535004155424
SPT83724	0.999947269339234
SPT83726	0.7184494111909546
SPT83727	0.8426709202742876
SPT83730	0.9991971484332302
SPT83732	0.9719005389173818
SPT83733	0.9996580427842432
SPT83734	0.9501643765736536
SPT83739	0.6254384342820862
SPT83740	0.8014258908311804
SPT83741	0.9998331924673248
SPT83742	0.9974157485508944
SPT83749	0.9402124890204012
SPT83752	0.9999999949757742
SPT83753	0.9989914405878596
SPT83765	0.9934642567139264
SPT83770	0.999418743102732
SPT83771	0.9951051434595084
SPT83772	0.7128029568368168
SPT83773	0.9995426912919236
SPT83774	0.7449193343616238
SPT83779	0.9997339960492796
SPT83781	0.9987169284944708
SPT83785	0.9999207988143912
SPT83790	0.98028436365993
SPT83794	0.9983510025217632
SPT83797	0.9989063522556788
SPT83798	0.9631285980883348
SPT83801	0.9993323969703188
SPT83805	0.9998868924770244
SPT83807	0.9999999934194412
SPT83815	0.9994191688581984
SPT83821	0.9998775812666356
SPT83826	0.9991919695215108
SPT83831	0.9997018971669382
SPT83833	0.99937493889223
SPT83834	0.999869516115886
SPT83837	0.999999989339598
SPT83842	0.9879612514170912
SPT83851	0.9997021741988252
SPT83857	0.9996253530563588
SPT83870	0.9996624526558494
SPT83888	0.9999999921542404
SPT83895	0.8866760677707102
SPT83901	0.9987909419244416
SPT83903	0.999401550534543
SPT83904	0.9856174820767586
SPT83906	0.694706354339161
SPT83908	0.9999637198742914
SPT83911	0.9989377500054384
SPT83912	0.9982468861293676
SPT83915	0.9998309051185618
SPT83916	0.9997449246804988
SPT83918	0.9999414579911752
SPT83922	0.9998445230054472
SPT83924	0.9938203997727392
SPT83925	0.99973223000169
SPT83926	0.9992535101256002
SPT83928	0.9991090829241372
SPT83929	0.999602094662754
SPT83930	0.9980413522515535
SPT83931	0.8503105150338719
SPT83932	0.9996829811798796
SPT83934	0.9996681696777584
SPT83935	0.99987316362685
SPT83936	0.9995614717209552
SPT83938	0.9996746128047628
SPT83939	0.9994816382842936
SPT83943	0.9998746153814408
SPT83945	0.9977896165996208
SPT83946	0.9991300185822204
SPT83948	0.9998812421443344
SPT83955	0.9999068894912811
SPT83956	0.999885386684854
SPT83962	0.9997482964356031
SPT83964	0.9996506027459362
SPT83969	0.9990589126261532
SPT83970	0.9993676416624
SPT83971	0.999141019353078
SPT83974	0.9994938344278708
SPT83977	0.9995422941373168
SPT83978	0.999241758808798
SPT83982	0.9997350799420772
SPT83986	0.8330096186519281
SPT83987	0.9996254662965514
SPT83989	0.999913587937852
SPT83990	0.9996369983091974
SPT83991	0.9994694608988208
SPT83994	0.998436061123962
SPT83996	0.9554732513177872
SPT83997	0.999378516233952
SPT84000	0.9122087989351744
SPT84002	0.999879977548491
SPT84003	0.9929963319406124
SPT84005	0.8709561163887535
SPT84007	0.8520337496416432
SPT84008	0.9990159774749284
SPT84010	0.9998688065015104
SPT84011	0.9992465661877336
SPT84012	0.9998070504888004
SPT84014	0.9990896833361426
SPT84015	0.998323871695526
SPT84016	0.9621106296641156
SPT84025	0.9998711211406764
SPT84027	0.9998710950234476
SPT84029	0.9998866914961742
SPT84031	0.9998728098143304
SPT84035	0.999253585104642
SPT84037	0.9999999949277488
SPT84038	0.967956859788444
SPT84042	0.9998845574406016
SPT84045	0.9990637557846166
SPT84046	0.9954759651184016
SPT84049	0.999727115065996
SPT84050	0.9995707210444666
SPT84051	0.9996062893870372
SPT84053	0.9997757185163012
SPT84057	0.999868805978986
SPT84058	0.9996233873926892
SPT84059	0.9998730601149128
SPT84062	0.999766987903071
SPT84063	0.9998182827204516
SPT84067	0.999645270273842
SPT84072	0.9997206824743162
SPT84074	0.9992425503417276
SPT84075	0.9402581476342896
SPT84076	0.9124564985537288
SPT84077	0.8544376184756296
SPT84080	0.9999050488361078
SPT84082	0.876807751796926
SPT84083	0.826671943809729
SPT84084	0.9998740390210488
SPT84085	0.930670695319884
SPT84086	0.9996872142597206
SPT84087	0.9997648158245556
SPT84088	0.9993839885870744
SPT84089	0.818267283468194
SPT84092	0.9979420234043868
SPT84093	0.998632033264688
SPT84094	0.951948451916004
SPT84096	0.9992904951078962
SPT84098	0.9904724535067656
SPT84099	0.9763516889786208
SPT84100	0.7508448958386006
SPT84101	0.8688000660712341
SPT84102	0.9527667700709508
SPT84103	0.9999154623155688
SPT84106	0.9861486796715632
SPT84113	0.9997045024114012
SPT84114	0.99928200913319
SPT84115	0.8157035240689549
SPT84116	0.999999996515308
SPT84120	0.7484953679820265
SPT84121	0.8747822010062789
SPT84122	0.9991957825026616
SPT84123	0.9988252924443624
SPT87675	0.953366025964198
SPT87677	0.7217536991979709
SPT87678	0.8084732814728586
SPT87679	0.9413173599537048
SPT87680	0.9998184620632312
SPT87681	0.5736216734471973
SPT87682	0.937497559556038
SPT87685	0.8634000275956761
SPT87686	0.9999999964349008
SPT87689	0.7406378566769058
SPT87691	0.6210161808784489
SPT87692	0.999999997421562
SPT87693	0.8942765088511447
SPT87694	0.8993714705617895
SPT87695	0.9817383975546544
SPT87698	0.9737382524551312
SPT87699	0.9982127156546567
SPT87700	0.9992830439421698
SPT87701	0.722917075497521
SPT87702	0.9982848574854464
SPT87703	0.7151549450279533
SPT87704	0.7685349713063531
SPT87705	0.74128444374436
SPT87706	0.760517058642294
SPT87707	0.9978927139072408
SPT87709	0.9995235252761944
SPT87710	0.9085235733713112
SPT87719	0.998854296677155
SPT87720	0.964887726390933
SPT87721	0.9546088119863966
SPT87722	0.998935450336384
SPT87727	0.7784600754865361
SPT87728	0.4842869667107442
SPT87729	0.9997743433307787
SPT87730	0.9985894123183168
SPT87737	0.9941171696053184
SPT87738	0.9664164604936074
SPT87739	0.840579970964948
SPT87740	0.999002370053256
SPT87741	0.9989706915368012
SPT87744	0.8483037436112815
SPT87745	0.9991993183391966
SPT87747	0.9991989045133324
SPT87748	0.8966712105991839
SPT87749	0.9992317053859504
SPT87750	0.732765403512677
SPT87751	0.9964004538433864
SPT87752	0.8359262192576873
SPT87753	0.9994379483433856
SPT87755	0.7470949113874062
SPT87756	0.9278378481167602
SPT87758	0.933217095545412
SPT87761	0.980409091477549
SPT87762	0.9979493679807532
SPT87766	0.766150446202128
SPT87767	0.9425748128538192
SPT87769	0.998880331770254
SPT87770	0.9625985453868428
SPT87772	0.8011607449653257
SPT87781	0.9966143856508412
SPT87782	0.9988185680884598
SPT87785	0.9982114512365674
SPT87789	0.7922226127569936
SPT87793	0.9677662262217848
SPT87795	0.7863856630355442
SPT87803	0.923121716722292
SPT87805	0.978513877839492
SPT87807	0.9984532316524808
SPT87810	0.9997675868970648
SPT87817	0.9989345243187272
SPT87818	0.9630898321181048
SPT87820	0.997293983985839
SPT87823	0.820188698530542
SPT87826	0.9978429471715108
SPT87829	0.919197422602644
SPT87830	0.9782545095650907
SPT87831	0.974197813378784
SPT87832	0.9988357769558524
SPT87833	0.9864392533316676
SPT87834	0.8079896136734447
SPT87836	0.6827579300961452
SPT87846	0.9992785367332678
SPT87848	0.999494370041315
SPT87852	0.8956291063443036
SPT87853	0.9991672192034536
SPT87858	0.9989639288174104
SPT87859	0.9434320297445956
SPT87860	0.9908334019920736
SPT87861	0.998971565254026
SPT87875	0.999999996432223
SPT87882	0.997996504636826
SPT87885	0.9114182484504616
SPT87887	0.999596619254819
SPT87890	0.9996680892816496
SPT87891	0.7736353694256339
SPT87893	0.967440901266978
SPT87901	0.9737191637039642
SPT87907	0.8521876062302476
SPT87908	0.9430357489787926
SPT87914	0.9950290710633036
SPT87915	0.999999998311024
SPT87916	0.9994790540890894
SPT87917	0.9986774941129508
SPT87918	0.9994573755787663
SPT87921	0.9215300985336674
SPT87923	0.9999999976276704
SPT87925	0.9989906084645592
SPT87926	0.7721553852645745
SPT87927	0.9732826109608728
SPT87932	0.8911783075341758
SPT87933	0.9069541528855162
SPT87937	0.9991420538322724
SPT87946	0.9999999981169164
SPT87947	0.985192019559443
SPT87950	0.9229724032770392
SPT87951	0.996354661392605
SPT87952	0.9416118385914316
SPT87953	0.9985592608857508
SPT87954	0.9996087946806468
SPT87956	0.7764575393876415
SPT87957	0.7087028575529524
SPT87960	0.9988318976450314
SPT87961	0.6849884275104973
SPT87966	0.9985858614128292
SPT87968	0.7247815348063245
SPT87969	0.9983726923739764
SPT87970	0.9232551862987886
SPT87971	0.7429920866428399
SPT87972	0.4657568814536571
SPT87973	0.8327345893179778
SPT87974	0.9985273861671304
SPT87975	0.9994733041459236
SPT87976	0.9978484737643633
SPT87977	0.9950467506581784
SPT87978	0.8973115684338513
SPT87979	0.9971875647514946
SPT87980	0.7900249593673012
SPT87981	0.7928535151767757
SPT87985	0.6396315399001966
SPT87986	0.9956427811231716
SPT87988	0.7709066568344304
SPT87989	0.9006602155882186
SPT87990	0.6635283116345578
SPT87991	0.9926889748643736
SPT87992	0.761237810666918
SPT87995	0.9692675329061088
SPT87996	0.8571823050705888
SPT87997	0.9999999994200236
SPT87999	0.9997961738780744
SPT88000	0.486348275277911
SPT88001	0.9291705859731656
SPT88002	0.7358030093189414
SPT88004	0.9960466240245176
SPT88005	0.9948255531483036
SPT88007	0.7671036208624896
SPT88008	0.9579730863007876
SPT88010	0.9999914397157404
SPT88011	0.7042791700387327
SPT88014	0.9992230654979694
SPT88015	0.5342702767299656
SPT88018	0.9984121258267528
SPT88019	0.9459695560518898
SPT88020	0.9727263518062392
SPT88021	0.729643084102612
SPT88023	0.9983538257442884
SPT88025	0.9578940360446446
SPT88028	0.9708650728083642
SPT88036	0.9989368003911724
SPT88037	0.7638827492706883
SPT88038	0.7680547314917774
SPT88039	0.9873605157981236
SPT88040	0.7495849019444106
SPT88042	0.726798443523053
SPT88043	0.6396219012927817
SPT88044	0.9804129853979234
SPT88045	0.9947539488233412
SPT88046	0.9770947630500724
SPT88047	0.8612800875337072
SPT88048	0.9970204364723824
SPT88049	0.9961275128868692
SPT88050	0.9177686057990192
SPT88051	0.9359545229527808
SPT88052	0.9188662490023596
SPT88053	0.9747336363566548
SPT88054	0.9994765853832248
SPT88057	0.9981212363603847
SPT88058	0.8559108698835094
SPT88061	0.8424151667504096
SPT88062	0.99964561231202
SPT88063	0.7366222752538298
SPT88064	0.7462295630374142
SPT88065	0.9607515796697778
SPT88066	0.9994100892479112
SPT88070	0.996450399875636
SPT88076	0.9927433405372597
SPT88078	0.8152951018539542
SPT88080	0.9980701114714576
SPT88081	0.9997172113843312
SPT88082	0.9867928671565096
SPT88083	0.8476583459932745
SPT88084	0.997939527381712
SPT88085	0.9340085211572248
SPT88086	0.9926869822763458
SPT88087	0.9448289852935654
SPT88089	0.998843627884601
SPT88092	0.9963705090176872
SPT88094	0.5611597116603235
SPT88095	0.9479032344421155
SPT88096	0.9999999940380784
SPT88097	0.906302931915008
SPT88104	0.9991069195728154
SPT88107	0.9994992341259146
SPT88108	0.875923566324319
SPT88109	0.99868773240024
SPT88114	0.9991754376795676
SPT88117	0.9100415447893992
SPT88119	0.8254078457602345
SPT88120	0.7908067159979141
SPT88121	0.999989012194998
SPT88122	0.919828953265618
SPT88123	0.9849543055507114
SPT88125	0.7760492023353824
SPT88131	0.9959832949309902
SPT88132	0.999483482400627
SPT88133	0.9977608016126314
SPT88134	0.941079974691546
SPT88140	0.997487923082892
SPT88142	0.884673341898565
SPT88144	0.9983560043778767
SPT88145	0.9986710790006308
SPT88146	0.9971811275273416
SPT88147	0.99991908194291
SPT88148	0.9941969192651714
SPT88151	0.9067393005628044
SPT88153	0.904290638946354
SPT88155	0.9991757981083834
SPT88164	0.9992382152238992
SPT88167	0.8412607864622279
SPT88170	0.6473394505527745
SPT88173	0.9987532036561872
SPT88174	0.9981643857190312
SPT88175	0.9183042604555416
SPT88181	0.9986968597249476
SPT88189	0.8881289682087552
SPT88195	0.9299592720400316
SPT88196	0.7789635692482074
SPT88198	0.9977481234960404
SPT88205	0.9983542280218533
SPT88209	0.99886623410097
SPT88213	0.9995935983004206
SPT88214	0.8005064070756817
SPT88216	0.9997857079612688
SPT88219	0.8724070714060846
SPT88223	0.9996868336693918
SPT88228	0.9419905920472258
SPT88229	0.9054456836132462
SPT88232	0.7825202994061364
SPT88235	0.950715345088426
SPT88237	0.9986855020132412
SPT88238	0.8934620100113447
SPT88243	0.918322250233763
SPT88250	0.9993087776602644
SPT88251	0.9767586422523032
SPT88253	0.9948989798639276
SPT88257	0.9514681473664608
SPT88259	0.9647433121332676
SPT88262	0.910342120641532
SPT88263	0.9671559962918788
SPT88266	0.9997614927613766
SPT88271	0.7073872391461717
SPT88272	0.9992053855620436
SPT88273	0.9974697879558668
SPT88277	0.9845575574280256
SPT88278	0.9183030588658434
SPT88279	0.9983175744208648
SPT88280	0.9981893455048324
SPT88284	0.9985026549844824
SPT88285	0.9145783919617644
SPT88289	0.9737291293176968
SPT88293	0.995859814647787
SPT88296	0.970947553792304
SPT88297	0.6335141509137028
SPT88298	0.9511989541940612
SPT88304	0.8624261731929446
SPT88305	0.9978660905215828
SPT88306	0.9983512445338838
SPT88308	0.9983133216423415
SPT88310	0.9998563794874724
SPT88313	0.9999999947570716
SPT88315	0.9580562877394404
SPT88322	0.999021457260157
SPT88323	0.9976375017310553
SPT88325	0.793165229108527
SPT88326	0.9988391173101796
SPT88327	0.995581042837406
SPT88328	0.9994631263604904
SPT88329	0.9995416206518674
SPT88331	0.9991445545643448
SPT88332	0.9486504199057272
SPT88333	0.9996596183676564
SPT88338	0.9994785728623452
SPT88340	0.9993855355256954
SPT88341	0.9988764260152828
SPT88344	0.8712856685819844
SPT88346	0.9992495453941784
SPT88347	0.7554384975787737
SPT88348	0.963843744359858
SPT88351	0.9876065298504992
SPT88354	0.99942411695831
SPT88355	0.9511307206890248
SPT88362	0.992256196406146
SPT88364	0.9635180383434871
SPT88369	0.9991888669590776
SPT88370	0.9201682003055272
SPT88371	0.826780515951806
SPT88372	0.9523219586493046
SPT88373	0.8144401307154009
SPT88379	0.8136489116254544
SPT88380	0.8528364516327734
SPT88381	0.9366416351491949
SPT88382	0.8082733110076439
SPT88383	0.8438275879510068
SPT88384	0.8801143475972913
SPT88385	0.9964171331077322
SPT88387	0.9999999948560904
SPT88390	0.9986280038799098
SPT88391	0.6876004453086909
SPT88392	0.8782597464874851
SPT88393	0.9959555691438856
SPT88395	0.8499502732464784
SPT88397	0.8564644029084736
SPT88398	0.9967020495945398
SPT88400	0.7727789587360631
SPT88401	0.9077964396783708
SPT88402	0.6090510148471322
SPT88403	0.7479763886815436
SPT88404	0.8896618470774654
SPT88406	0.9999999968663792
SPT88407	0.6394958233524516
SPT88408	0.8462859155713167
SPT88409	0.8745080880237333
SPT88411	0.9985643785148404
SPT88413	0.9992071066969204
SPT88416	0.673276487635768
SPT88419	0.986607411527744
SPT88431	0.9978963013443444
SPT88432	0.939909684753084
SPT88435	0.9595509832199746
SPT88436	0.5912095372006974
SPT88441	0.985685428501278
SPT88442	0.8237326672177474
SPT88443	0.931742914976466
SPT88445	0.9998346425886324
SPT88447	0.9967343175839606
SPT88451	0.9997185221659776
SPT88452	0.995987658294009
SPT88454	0.999439379771866
SPT88456	0.9989203248535672
SPT88460	0.8931519670364633
SPT88461	0.9985736851713928
SPT88463	0.9992621118875858
SPT88464	0.9993669627001618
SPT88467	0.7215835828422543
SPT88468	0.9644422739025386
SPT88471	0.9734462782464476
SPT88476	0.9991117611249511
SPT88477	0.8500097162941395
SPT88480	0.9986301026060472
SPT88485	0.7186235262008489
SPT88486	0.9988857028432104
SPT88487	0.9970632996957997
SPT88488	0.7592287900848249
SPT88492	0.9990464094851644
SPT88493	0.999536939062744
SPT88494	0.8359125114178805
SPT88495	0.999872442376345
SPT88496	0.9138742229324563
SPT88499	0.9987613218225871
SPT88500	0.6458598572819054
SPT88503	0.9999999949285316
SPT88504	0.9786450890615312
SPT88505	0.7174710895222034
SPT88506	0.9119867446621808
SPT88507	0.9959012045225524
SPT88508	0.6578898887403278
SPT88509	0.9832838753400686
SPT88511	0.7692166023520137
SPT88514	0.9962597677511414
SPT88515	0.6686659191471662
SPT88519	0.999048709056104
SPT88520	0.8877071668370995
SPT88526	0.7952434754505557
SPT88527	0.4867462449141838
SPT88530	0.9732038141766708
SPT88531	0.9993672741799662
SPT88532	0.9946745290500196
SPT88540	0.9982064871642612
SPT88541	0.9582203865278768
SPT88543	0.999144799522372
SPT88544	0.9981626363700878
SPT88545	0.9997156936762536
SPT88548	0.8788581543613763
SPT88549	0.9996299258842416
SPT88550	0.995344021157756
SPT88551	0.966599743233505
SPT88561	0.959619862124691
SPT88562	0.9998678083824206
SPT88563	0.9978025892623535
SPT88564	0.81880688549988
SPT88567	0.9994140161082876
SPT88568	0.992220087144246
SPT88569	0.9942133270077864
SPT88570	0.9993973840696652
SPT88571	0.9020727814088848
SPT88574	0.9993730841887828
SPT88578	0.99610088107378
SPT88579	0.7287368582197162
SPT88589	0.9923992739168944
SPT88590	0.998392556505958
SPT88592	0.9984179943221696
SPT88593	0.99409974849215
SPT88594	0.99999999807623
SPT88596	0.9991978359158756
SPT88597	0.9975909415454212
SPT88601	0.9511376620033356
SPT88602	0.9996369748771752
SPT88603	0.999383216109999
SPT88605	0.930368537867599
SPT88608	0.9299134284546516
SPT88613	0.9967581398375982
SPT88614	0.997197242769473
SPT88616	0.998558938142744
SPT88622	0.9991023998924844
SPT88625	0.9440487094536824
SPT88626	0.787824963963771
SPT88628	0.9872421006923896
SPT88636	0.9396148360084962
SPT88638	0.8710615019027611
SPT88647	0.9993206086168058
SPT88650	0.9788619522018716
SPT88651	0.9987221967596708
SPT88653	0.999392703370974
SPT88674	0.940385474599648
SPT88676	0.9742335003643332
SPT88677	0.999303854640758
SPT88680	0.998532223613735
SPT88682	0.9956867732531935
SPT88683	0.9997628550798464
SPT88689	0.929590141634682
SPT88691	0.9953989936172822
SPT88692	0.9992570583602646
SPT88693	0.9943814258449364
SPT88694	0.970687713600319
SPT88695	0.9995663033640736
SPT88703	0.9471820685938862
SPT88707	0.7233268644685827
SPT88709	0.901473909881548
SPT88711	0.988627384073234
SPT88712	0.9901145239822212
SPT88715	0.9961172616298292
SPT88717	0.7473342172221893
SPT88718	0.9929850996353804
SPT88719	0.8904416328238136
SPT88721	0.8187677855420066
SPT88722	0.9617248126371848
SPT88723	0.9980430423220028
SPT88726	0.9952076351868896
SPT88727	0.9989011791516028
SPT88729	0.8580403534014815
SPT88730	0.7581301106502948
SPT88734	0.966174830882839
SPT88735	0.99681012319796
SPT88737	0.9081204680695842
SPT88741	0.9560038002203092
SPT88742	0.9881423323333574
SPT88743	0.986779513954506
SPT88744	0.7474749146052168
SPT88749	0.678787655833962
SPT88750	0.9953434725363932
SPT88753	0.8885483210009709
SPT88755	0.9969269101780946
SPT88756	0.6567353564099861
SPT88758	0.9023648153054338
SPT88759	0.9345994588232212
SPT88760	0.9889283208568912
SPT88763	0.8161404523228486
SPT88765	0.4926267289202126
SPT88766	0.9990864254756712
SPT90672	0.9991877032772828
SPT90679	0.9993603407601724
SPT90683	0.9992429816502127
SPT90684	0.9994617803235932
SPT90686	0.9996904018536604
SPT90689	0.9991902361434626
SPT90690	0.9997049007728204
SPT90696	0.9999012009784394
SPT90697	0.944276452293482
SPT90700	0.97614337390075
SPT90706	0.9998712115508532
SPT90707	0.9996155187615794
SPT90713	0.9990736342811898
SPT90714	0.9989008620951378
SPT90715	0.9991965778474956
SPT90718	0.9996375899440044
SPT90720	0.9547475579402558
SPT90721	0.9979849328683118
SPT90722	0.9982323994173768
SPT90723	0.6892451226024503
SPT90728	0.999175034731322
SPT90730	0.9992488015756146
SPT90731	0.7126465780268821
SPT90733	0.8924163455522514
SPT90735	0.9987876634600814
SPT90736	0.9993935804310315
SPT90738	0.9997555289398026
SPT90742	0.9988226787103393
SPT90743	0.9991163671142472
SPT90746	0.9996602541196936
SPT90750	0.9994399810905368
SPT90751	0.9995970828268724
SPT90752	0.9998636398289872
SPT90758	0.9278541644428684
SPT90759	0.8778861439759034
SPT90760	0.8856700609662596
SPT90761	0.999523648669324
SPT90763	0.9999011810696364
SPT90869	0.7390641186584176
SPT90870	0.7163702328401949
SPT90872	0.8980391177937324
SPT90877	0.8815084349738986
SPT90887	0.9963352572663178
SPT90891	0.6214044032900405
SPT90894	0.9870415050658888
SPT90895	0.997865526264935
SPT90896	0.9994860612114538
SPT90897	0.9994794680914107
SPT90898	0.9689906048644636
SPT90900	0.9983727971453672
SPT90901	0.8588235586609589
SPT90905	0.99930177535152
SPT90906	0.852893904053454
SPT90907	0.8388234294055966
SPT90915	0.934858014402433
SPT90918	0.7763439347209566
SPT90920	0.9961476854600072
SPT90923	0.6501010499314481
SPT90925	0.5916436955412343
SPT90926	0.996119381413948
SPT90937	0.8943049146872434
SPT90941	0.9634932060791856
SPT90944	0.9216834105124216
SPT90946	0.9759874779620036
SPT90947	0.8400451137599347
SPT90948	0.895589893453421
SPT90953	0.9931490386089448
SPT90955	0.9999324375530586
SPT90963	0.7997062724858472
SPT90972	0.9995002901260002
SPT90974	0.8879991235741702
SPT90978	0.7766037741225491
SPT90979	0.9998690948478102
SPT90981	0.9998713247572376
SPT90988	0.9355578388077253
SPT90989	0.9290800905248104
SPT90990	0.8995894370263672
SPT90996	0.9894489363650943
SPT90997	0.9258084001454993
SPT90998	0.8618019907515231
SPT91003	0.789054749251543
SPT91004	0.8188361061091637
SPT91006	0.9240676299665428
SPT91008	0.7808741660305255
SPT91011	0.9770291579916468
SPT91013	0.9115847348405536
SPT91015	0.9893966623541124
SPT91018	0.9968051524267736
SPT91022	0.9998794974783932
SPT91026	0.9168283933384944
SPT91028	0.9998790159226464
SPT91036	0.9756186462996717
SPT91040	0.8987519508180956
SPT91041	0.8866227478834638
SPT91049	0.99828723147793
SPT91052	0.9428917141126252
SPT91053	0.998315228643702
SPT91054	0.9997503363056998
SPT91062	0.999616298854324
SPT91063	0.9132603000085538
SPT91070	0.9999999912176756
SPT91090	0.9994666059237184
SPT91092	0.9999999913380064
SPT91094	0.8869467433491971
SPT91097	0.9996111882528028
SPT91099	0.8091864661869758
SPT91105	0.9993542712575506
SPT91111	0.9998141444051508
SPT91113	0.8957630850004061
SPT91114	0.7514847233746216
SPT91116	0.997770575840051
SPT91121	0.9882014688688244
SPT91123	0.997347757673004
SPT91125	0.9999999914432686
SPT91126	0.9747563016806392
SPT91132	0.9995215851868046
SPT91136	0.9127730622764484
SPT91139	0.7779503036275647
SPT91140	0.9996655853033428
SPT91141	0.8429900280188387
SPT91143	0.9611199996896236
SPT91144	0.9992854427271138
SPT91146	0.9999999933930948
SPT91153	0.9992543253816571
SPT91154	0.9977821253868646
SPT91160	0.99987787018333
SPT91162	0.9998725247459416
SPT91171	0.8718892336734062
SPT91173	0.9070380552736472
SPT91174	0.7971984051772465
SPT91177	0.988109518443826
SPT91178	0.99978698870632
SPT91184	0.9966237469354556
SPT91185	0.9994156484373514
SPT91191	0.9332146981340256
SPT91196	0.7305649648152143
SPT91198	0.9652847731797224
SPT91201	0.7022876863728054
SPT91203	0.9587207756580308
SPT91204	0.4255208965646347
SPT91207	0.9406961241968088
SPT91208	0.998697134010037
SPT91209	0.9991654432901448
SPT91224	0.8198967151962535
SPT91227	0.7584568573784632
SPT91243	0.9998152048616892
SPT91247	0.6735808159146845
SPT91251	0.9989581578459004
SPT91253	0.8819985335185557
SPT91254	0.9541357149087932
SPT91255	0.9955211787340336
SPT91258	0.9990127014192304
SPT91259	0.8014700334462099
SPT91260	0.7606736040325067
SPT91262	0.971718542959068
SPT91269	0.9395435675314836
SPT91270	0.9998697068264856
SPT91273	0.83204376095245
SPT91305	0.9280348634771814
SPT91312	0.9987638915394768
SPT91313	0.9891859991981766
SPT91319	0.9952512191293122
SPT91325	0.9817996136938366
SPT91327	0.9598281723566324
SPT91331	0.8857511585861475
SPT91335	0.9999399626006272
SPT91336	0.9961642768445192
SPT91343	0.9740752105277628
SPT91344	0.9999999849765168
SPT91346	0.999668440342241
SPT91348	0.9993715644804448
SPT91349	0.9563803934573388
SPT91351	0.9993990496246828
SPT91353	0.9999999887197554
SPT91354	0.9964639509838282
SPT91359	0.9456728182268032
SPT91360	0.9392914009987976
SPT91361	0.9998483160741606
SPT91362	0.9993892260031164
SPT91383	0.999999983933164
SPT91385	0.750543991696999
SPT91390	0.9964248735535118
SPT91391	0.9999999819858711
SPT91392	0.9943278856055744
SPT91395	0.8920999189948918
SPT91402	0.927918464740858
SPT91424	0.974033290019112
SPT91426	0.954176380264126
SPT91428	0.999999990500964
SPT91434	0.8204460416432193
SPT91449	0.999815567203756
SPT91454	0.8518457626370894
SPT91457	0.9847776079626352
SPT91467	0.9556647103429224
SPT91472	0.9999999889446858
SPT91474	0.9421130024263864
SPT91477	0.8045096018066457
SPT91488	0.8919929117718797
SPT91491	0.9981820119443297
SPT91494	0.9368614881398168
SPT91512	0.9093282849866422
SPT91516	0.8679526228065899
SPT91519	0.9062758460389
SPT91523	0.7977651790206544
SPT91524	0.5075446263587123
SPT91525	0.981196942179708
SPT91529	0.9917720477856736
SPT91536	0.8986440148129837
SPT91542	0.9883429645889676
SPT91543	0.7868719638397113
SPT91544	0.6637121223782627
SPT91676	0.9999219133720204
SPT91684	0.8310793636563463
SPT91702	0.9981635380075192
SPT91708	0.9997767350963144
SPT91724	0.9986581458248164
SPT91741	0.8828119205079661
SPT91756	0.999864390270932
SPT91759	0.9993662080661798
SPT91765	0.9422060531627482
SPT91771	0.9589944772083382
SPT91775	0.999875754928259
SPT91781	0.9984273365973172
SPT91787	0.9994698399963556
SPT91788	0.9117999922146452
SPT91790	0.998390705694982
SPT91799	0.998491398710401
SPT91802	0.999828600666804
SPT91806	0.8066407106053262
SPT91809	0.9915722122644924
SPT91814	0.9988958324809968
SPT91821	0.7997404470411398
SPT91822	0.7054125601620969
SPT91828	0.9997521906792484
SPT91829	0.999581043390604
SPT91830	0.9975999583969304
SPT91832	0.9989987871441404
SPT91833	0.9976079516234904
SPT91834	0.8625170618348516
SPT91836	0.9982719304407446
SPT91838	0.9996499701754868
SPT91859	0.9987896467142914
SPT91875	0.996926282525032
SPT91878	0.9165723752840428
SPT91880	0.980788226636475
SPT91883	0.9827189357452272
SPT91890	0.9997267186962768
SPT91891	0.9474827939456808
SPT91901	0.8131069298990005
SPT91906	0.7797252992698469
SPT91908	0.996686678478701
SPT91911	0.9999999762969936
SPT91915	0.9999346260598316
SPT91920	0.9656460957433408
SPT91924	0.999447594053603
SPT91930	0.8573368828534365
SPT91935	0.998965159316268
SPT91939	0.6947579866356206
SPT92000	0.8512303173713138
SPT92004	0.9963767447551032
SPT92011	0.9987576461767748
SPT92015	0.8077420465157146
SPT92044	0.9980804924751469
SPT92049	0.9989274313749014
SPT92054	0.99730605215562
SPT92057	0.9998756223862126
SPT94772	0.9999999971485508
SPT94773	0.9964896324154902
